video_id,object_id,temporal8_minus_static8
0310d3743b,3,-0.07920427614779424
046ee6aa1a,2,0.001270527984577552
0d0ebe00cc,2,-0.00858368455075409
1088228079,1,-0.1655255288835159
119777f4c0,1,-0.1444162984232258
18b160d3a7,2,0.1414782708059255
1a5dead3e3,1,0.1771015010332812
20eaede0fb,2,0.0
22680d3b50,4,-0.000892313371861797
2683deffcb,1,-0.0027356732251997418
28ff632792,1,0.02110369121229702
2a87bea97e,1,0.04469448892977418
2abb12f2f7,1,-0.4613199553455214
2c4cbde1aa,1,-0.0051826651112679084
2cfdc294c5,1,-0.02541220037776537
30c20fb4c1,3,-0.07839306034573945
30f4d962f9,1,0.1847677014313485
31a352c169,1,0.07870707085028739
39db436191,3,-0.00865237570089672
41c5109249,1,-0.22925062007011077
5c0c9c0098,3,-0.12343253734352838
5d262b025c,1,-0.0003336371105592262
5d2c735adb,1,-0.061207636573964
68170c3f7a,2,0.10531918124462203
6a1db02e31,2,-0.15788521259660293
6bf32cc0d5,2,-0.008313322816234536
6d76f5cbc2,1,-0.06178972354004553
6db18ab93a,1,-0.07264885647924968
6fb7a04167,12,-0.0007046968744925108
7bdbd4f32f,1,-0.21038021008395086
7caa203c75,2,0.10195308213435461
8086f00d3d,2,-0.026202364729991157
8093ebd9a3,3,0.004272600898686113
8290c48fcb,9,0.19947564386482164
84dc481247,3,0.13250325824336823
882e8c62d3,2,-0.2334262665457339
8847e5550e,2,0.031192514076509914
8b0e20e373,1,0.1378391757670815
939b6aed6d,7,0.07187900727133054
976257d833,1,0.016617473494499158
9bc92f09e0,1,0.03529746974347109
9c1297ecd3,2,-0.2163181578919382
a3f2b5d434,2,0.000658144293317231
a500f0e77c,1,-0.03975570865902012
a595411232,3,0.06102862392482869
a8b6fd5e4d,2,0.06192133250549109
af3ad95fe0,5,-0.00021794554622486806
af7297f0db,1,-0.029612732019527965
b4a5ada352,1,-0.1109716494572775
b5c9c04bf9,5,-2.1502787568485862e-05
bd4aefda10,2,-0.15626518364848185
bda2f20019,3,0.002457439406569728
c4638cc87e,1,-0.0622013557700849
c5c9b749d4,2,-0.01590691493337526
c6bb21356b,1,-2.0281222039009172e-05
c733601fcd,1,0.0037452291340447363
c73c2a03a0,1,0.23086335149801485
d33c8343bc,3,0.017270138106316946
dca31590b8,2,0.0002421493500111005
ddc213ba3f,2,0.012671697557477712
e6f1a061ea,1,0.04061501961908884
e9b78ad8e7,1,-0.010380933027921924
f3864705c4,3,3.0946722123192715e-06
f771c97b16,6,-0.0019646320944919915
