K,ci_high,ci_low,comparison,condition,mean,objects,videos
,0.0,0.0,dynamic_minus_static,single_global,0.0,64,64
,0.044930184296637775,-0.02035562164183222,dynamic_minus_static,static_update_k2,0.01049228184821226,64,64
,0.05734642507039486,-0.04925737134928625,dynamic_minus_static,static_update_k4,0.002233668110540289,64,64
,0.06301588205719985,-0.061126698649748255,dynamic_minus_static,static_update_k8,-0.0012494229852938292,64,64
,0.04929012855949873,-0.019745793270882793,dynamic_minus_static,temporal_update_k2,0.013998480088350716,64,64
,0.05792900578631961,-0.0430534143230772,dynamic_minus_static,temporal_update_k4,0.005867518419192112,64,64
,0.08793424181060844,-0.032506345070549614,dynamic_minus_static,temporal_update_k8,0.025096106401934805,64,64
2,0.016052269608729654,-0.021786368858997124,temporal_minus_static_dynamic,,-0.0030601978999565786,64,64
4,0.024758147428181415,-0.014894694910965199,temporal_minus_static_dynamic,,0.0033760437254460843,64,64
8,0.029991878441496866,-0.00033347328051088463,temporal_minus_static_dynamic,,0.01374741717050963,64,64
