F,J,J_and_F,condition,description_type,objects,videos
0.24365234375,0.24365234375,0.24365234375,single_global,static,64,64
0.24365234375,0.24365234375,0.24365234375,single_global,dynamic,64,64
0.22604166666666667,0.22604166666666667,0.22604166666666667,single_global,hybrid,60,60
0.3384187694775962,0.34035144048235544,0.3393851049799758,static_update_k2,static,64,64
0.3513571562038705,0.34839761745250564,0.3498773868281881,static_update_k2,dynamic,64,64
0.302281368269355,0.2977370397835034,0.30000920402642917,static_update_k2,hybrid,60,60
0.43089467303235574,0.4333993960765621,0.4321470345544589,static_update_k4,static,64,64
0.43535162942162886,0.4334097759083695,0.4343807026649992,static_update_k4,dynamic,64,64
0.3828302120755433,0.38381112017756697,0.38332066612655513,static_update_k4,hybrid,60,60
0.4965306702630125,0.49775163056172606,0.49714115041236934,static_update_k8,static,64,64
0.4962350962985749,0.49554835855557605,0.49589172742707543,static_update_k8,dynamic,64,64
0.4630036235058687,0.4634603618424167,0.46323199267414256,static_update_k8,hybrid,60,60
0.3318887468595769,0.33374867082018456,0.33281870883988074,temporal_update_k2,static,64,64
0.3509032477359516,0.3427311301205114,0.3468171889282315,temporal_update_k2,dynamic,64,64
0.30665852311002934,0.3016598092182526,0.304159166164141,temporal_update_k2,hybrid,60,60
0.43043350623148613,0.4333449497110201,0.4318892279712532,temporal_update_k4,static,64,64
0.44017152362729006,0.43534196915360046,0.43775674639044526,temporal_update_k4,dynamic,64,64
0.38373994222510127,0.3830677734383185,0.38340385783171,temporal_update_k4,hybrid,60,60
0.48300980734099797,0.4860762690503026,0.48454303819565037,temporal_update_k8,static,64,64
0.5098502612472785,0.5094280279478918,0.5096391445975851,temporal_update_k8,dynamic,64,64
0.44287551674434517,0.4437931071097161,0.4433343119270306,temporal_update_k8,hybrid,60,60
