condition,correction_rate_given_initial_wrong,damage_rate_given_initial_correct,description_type,expressions,final_selection_accuracy,initial_correct_count,initial_selection_accuracy,initial_wrong_count
single_global,0.0,0.0,static,98,0.336734693877551,33,0.336734693877551,65
single_global,0.0,0.0,dynamic,97,0.4536082474226804,44,0.4536082474226804,53
single_global,0.0,0.0,hybrid,80,0.3625,29,0.3625,51
static_update_k2,0.2,0.46511627906976744,static,98,0.3469387755102041,43,0.4387755102040816,55
static_update_k2,0.3137254901960784,0.45652173913043476,dynamic,97,0.422680412371134,46,0.4742268041237113,51
static_update_k2,0.25,0.375,hybrid,80,0.4,32,0.4,48
static_update_k4,0.44642857142857145,0.6428571428571429,static,98,0.3469387755102041,42,0.42857142857142855,56
static_update_k4,0.6666666666666666,0.5813953488372093,dynamic,97,0.422680412371134,43,0.44329896907216493,54
static_update_k4,0.4782608695652174,0.6764705882352942,hybrid,80,0.4,34,0.425,46
static_update_k8,0.5357142857142857,0.7619047619047619,static,98,0.3469387755102041,42,0.42857142857142855,56
static_update_k8,0.8163265306122449,0.7291666666666666,dynamic,97,0.422680412371134,48,0.4948453608247423,49
static_update_k8,0.6222222222222222,0.8,hybrid,80,0.4,35,0.4375,45
temporal_update_k2,0.18518518518518517,0.4772727272727273,static,98,0.336734693877551,44,0.4489795918367347,54
temporal_update_k2,0.38,0.46808510638297873,dynamic,97,0.4536082474226804,47,0.4845360824742268,50
temporal_update_k2,0.25,0.46875,hybrid,80,0.3625,32,0.4,48
temporal_update_k4,0.45614035087719296,0.6097560975609756,static,98,0.336734693877551,41,0.41836734693877553,57
temporal_update_k4,0.6730769230769231,0.6,dynamic,97,0.4536082474226804,45,0.4639175257731959,52
temporal_update_k4,0.5,0.6764705882352942,hybrid,80,0.3625,34,0.425,46
temporal_update_k8,0.5714285714285714,0.7142857142857143,static,98,0.336734693877551,42,0.42857142857142855,56
temporal_update_k8,0.7755102040816326,0.7291666666666666,dynamic,97,0.4536082474226804,48,0.4948453608247423,49
temporal_update_k8,0.6304347826086957,0.7647058823529411,hybrid,80,0.3625,34,0.425,46
