K,any_selection_difference,description_type,differing_stage_count,identity,static_selected_candidates,temporal_minus_static_J_and_F,temporal_selected_candidates,video_id
2,False,dynamic,0,long_rvos/0310d3743b/3/12,"[null, null]",0.0,"[null, null]",0310d3743b
4,False,dynamic,0,long_rvos/0310d3743b/3/12,"[null, null, 0, null]",0.0,"[null, null, 0, null]",0310d3743b
8,False,dynamic,0,long_rvos/0310d3743b/3/12,"[null, null, null, null, null, 0, null, null]",0.0,"[null, null, null, null, null, 0, null, null]",0310d3743b
2,False,static,0,long_rvos/0310d3743b/3/8,"[null, null]",0.0,"[null, null]",0310d3743b
4,False,static,0,long_rvos/0310d3743b/3/8,"[null, null, 0, null]",0.0,"[null, null, 0, null]",0310d3743b
8,False,static,0,long_rvos/0310d3743b/3/8,"[null, null, null, null, null, 0, null, null]",0.0,"[null, null, null, null, null, 0, null, null]",0310d3743b
2,False,dynamic,0,long_rvos/0310d3743b/3/9,"[null, null]",0.0,"[null, null]",0310d3743b
4,False,dynamic,0,long_rvos/0310d3743b/3/9,"[null, null, null, null]",0.0,"[null, null, null, null]",0310d3743b
8,False,dynamic,0,long_rvos/0310d3743b/3/9,"[null, null, null, null, null, null, null, null]",0.0,"[null, null, null, null, null, null, null, null]",0310d3743b
2,False,static,0,long_rvos/046ee6aa1a/2/2,"[null, 0]",0.0,"[null, 0]",046ee6aa1a
4,False,static,0,long_rvos/046ee6aa1a/2/2,"[null, null, null, 0]",0.0,"[null, null, null, 0]",046ee6aa1a
8,False,static,0,long_rvos/046ee6aa1a/2/2,"[0, null, null, null, null, null, 0, 0]",0.0,"[0, null, null, null, null, null, 0, 0]",046ee6aa1a
2,False,dynamic,0,long_rvos/046ee6aa1a/2/3,"[null, 0]",0.0,"[null, 0]",046ee6aa1a
4,False,dynamic,0,long_rvos/046ee6aa1a/2/3,"[null, null, null, 0]",0.0,"[null, null, null, 0]",046ee6aa1a
8,False,dynamic,0,long_rvos/046ee6aa1a/2/3,"[0, null, null, null, null, null, 0, 0]",0.0,"[0, null, null, null, null, null, 0, 0]",046ee6aa1a
2,False,dynamic,0,long_rvos/046ee6aa1a/2/5,"[null, 0]",0.0,"[null, 0]",046ee6aa1a
4,False,dynamic,0,long_rvos/046ee6aa1a/2/5,"[null, null, null, 0]",0.0,"[null, null, null, 0]",046ee6aa1a
8,False,dynamic,0,long_rvos/046ee6aa1a/2/5,"[0, null, null, null, null, null, 0, 0]",0.0,"[0, null, null, null, null, null, 0, 0]",046ee6aa1a
2,False,hybrid,0,long_rvos/0d0ebe00cc/2/14,"[null, 0]",0.0,"[null, 0]",0d0ebe00cc
4,False,hybrid,0,long_rvos/0d0ebe00cc/2/14,"[null, null, null, 0]",0.0,"[null, null, null, 0]",0d0ebe00cc
8,False,hybrid,0,long_rvos/0d0ebe00cc/2/14,"[null, null, null, null, null, null, null, 0]",0.0,"[null, null, null, null, null, null, null, 0]",0d0ebe00cc
2,False,hybrid,0,long_rvos/0d0ebe00cc/2/15,"[null, 0]",0.0,"[null, 0]",0d0ebe00cc
4,False,hybrid,0,long_rvos/0d0ebe00cc/2/15,"[null, null, null, 0]",0.0,"[null, null, null, 0]",0d0ebe00cc
8,False,hybrid,0,long_rvos/0d0ebe00cc/2/15,"[null, null, null, null, 0, null, null, 0]",0.0,"[null, null, null, null, 0, null, null, 0]",0d0ebe00cc
2,False,static,0,long_rvos/0d0ebe00cc/2/4,"[null, 0]",0.0,"[null, 0]",0d0ebe00cc
4,False,static,0,long_rvos/0d0ebe00cc/2/4,"[null, null, null, 0]",0.0,"[null, null, null, 0]",0d0ebe00cc
8,False,static,0,long_rvos/0d0ebe00cc/2/4,"[null, null, null, null, null, null, null, 0]",0.0,"[null, null, null, null, null, null, null, 0]",0d0ebe00cc
2,False,dynamic,0,long_rvos/0d0ebe00cc/2/5,"[0, 1]",0.0,"[0, 1]",0d0ebe00cc
4,False,dynamic,0,long_rvos/0d0ebe00cc/2/5,"[0, 0, 0, 1]",0.0,"[0, 0, 0, 1]",0d0ebe00cc
8,False,dynamic,0,long_rvos/0d0ebe00cc/2/5,"[0, 0, 0, 0, 0, 0, 0, 1]",0.0,"[0, 0, 0, 0, 0, 0, 0, 1]",0d0ebe00cc
2,False,static,0,long_rvos/0d0ebe00cc/2/6,"[null, 0]",0.0,"[null, 0]",0d0ebe00cc
4,False,static,0,long_rvos/0d0ebe00cc/2/6,"[null, null, null, 0]",0.0,"[null, null, null, 0]",0d0ebe00cc
8,False,static,0,long_rvos/0d0ebe00cc/2/6,"[null, null, null, null, 0, null, null, 0]",0.0,"[null, null, null, null, 0, null, null, 0]",0d0ebe00cc
2,False,dynamic,0,long_rvos/0d0ebe00cc/2/7,"[0, 1]",0.0,"[0, 1]",0d0ebe00cc
4,False,dynamic,0,long_rvos/0d0ebe00cc/2/7,"[1, 0, 0, 1]",0.0,"[1, 0, 0, 1]",0d0ebe00cc
8,False,dynamic,0,long_rvos/0d0ebe00cc/2/7,"[0, 1, 0, 0, 0, 0, 0, 1]",0.0,"[0, 1, 0, 0, 0, 0, 0, 1]",0d0ebe00cc
2,False,static,0,long_rvos/1088228079/1/0,"[2, 0]",0.0,"[2, 0]",1088228079
4,False,static,0,long_rvos/1088228079/1/0,"[2, 2, 0, 0]",0.0,"[2, 2, 0, 0]",1088228079
8,False,static,0,long_rvos/1088228079/1/0,"[0, 2, 2, 2, 0, 0, 0, 0]",0.0,"[0, 2, 2, 2, 0, 0, 0, 0]",1088228079
2,False,dynamic,0,long_rvos/1088228079/1/1,"[2, 0]",0.0,"[2, 0]",1088228079
4,False,dynamic,0,long_rvos/1088228079/1/1,"[2, 2, 0, 0]",0.0,"[2, 2, 0, 0]",1088228079
8,False,dynamic,0,long_rvos/1088228079/1/1,"[0, 2, 2, 2, 0, 0, 0, 0]",0.0,"[0, 2, 2, 2, 0, 0, 0, 0]",1088228079
2,False,hybrid,0,long_rvos/1088228079/1/8,"[2, 0]",0.0,"[2, 0]",1088228079
4,False,hybrid,0,long_rvos/1088228079/1/8,"[2, 2, 0, 0]",0.0,"[2, 2, 0, 0]",1088228079
8,False,hybrid,0,long_rvos/1088228079/1/8,"[0, 2, 2, 2, 0, 0, 0, 0]",0.0,"[0, 2, 2, 2, 0, 0, 0, 0]",1088228079
2,False,static,0,long_rvos/119777f4c0/1/0,"[0, 0]",0.0,"[0, 0]",119777f4c0
4,False,static,0,long_rvos/119777f4c0/1/0,"[null, 0, null, 0]",0.0,"[null, 0, null, 0]",119777f4c0
8,False,static,0,long_rvos/119777f4c0/1/0,"[0, null, 0, 0, 0, null, null, 0]",0.0,"[0, null, 0, 0, 0, null, null, 0]",119777f4c0
2,False,dynamic,0,long_rvos/119777f4c0/1/1,"[0, 0]",0.0,"[0, 0]",119777f4c0
4,False,dynamic,0,long_rvos/119777f4c0/1/1,"[null, 0, null, 0]",0.0,"[null, 0, null, 0]",119777f4c0
8,False,dynamic,0,long_rvos/119777f4c0/1/1,"[0, null, 0, 0, 0, null, null, 0]",0.0,"[0, null, 0, 0, 0, null, null, 0]",119777f4c0
2,False,hybrid,0,long_rvos/119777f4c0/1/12,"[null, null]",0.0,"[null, null]",119777f4c0
4,False,hybrid,0,long_rvos/119777f4c0/1/12,"[null, null, null, null]",0.0,"[null, null, null, null]",119777f4c0
8,False,hybrid,0,long_rvos/119777f4c0/1/12,"[null, null, null, null, null, null, null, null]",0.0,"[null, null, null, null, null, null, null, null]",119777f4c0
2,False,static,0,long_rvos/119777f4c0/1/2,"[0, 0]",0.0,"[0, 0]",119777f4c0
4,False,static,0,long_rvos/119777f4c0/1/2,"[null, 0, null, 0]",0.0,"[null, 0, null, 0]",119777f4c0
8,False,static,0,long_rvos/119777f4c0/1/2,"[0, null, 0, 0, 0, null, null, 0]",0.0,"[0, null, 0, 0, 0, null, null, 0]",119777f4c0
2,False,dynamic,0,long_rvos/119777f4c0/1/3,"[0, 0]",0.0,"[0, 0]",119777f4c0
4,False,dynamic,0,long_rvos/119777f4c0/1/3,"[null, 0, null, 0]",0.0,"[null, 0, null, 0]",119777f4c0
8,False,dynamic,0,long_rvos/119777f4c0/1/3,"[0, null, 0, 0, 0, null, null, 0]",0.0,"[0, null, 0, 0, 0, null, null, 0]",119777f4c0
2,False,hybrid,0,long_rvos/18b160d3a7/2/13,"[0, 0]",0.0,"[0, 0]",18b160d3a7
4,False,hybrid,0,long_rvos/18b160d3a7/2/13,"[1, 0, 0, 0]",0.0,"[1, 0, 0, 0]",18b160d3a7
8,True,hybrid,2,long_rvos/18b160d3a7/2/13,"[1, 1, 0, 0, 0, 0, 0, 0]",-0.2057771501135144,"[2, 1, 1, 0, 0, 0, 0, 0]",18b160d3a7
2,False,static,0,long_rvos/18b160d3a7/2/4,"[0, 0]",0.0,"[0, 0]",18b160d3a7
4,False,static,0,long_rvos/18b160d3a7/2/4,"[1, 0, 0, 0]",0.0,"[1, 0, 0, 0]",18b160d3a7
8,True,static,1,long_rvos/18b160d3a7/2/4,"[1, 1, 0, 0, 0, 0, 0, 0]",-0.15315371605836525,"[1, 1, 1, 0, 0, 0, 0, 0]",18b160d3a7
2,True,dynamic,2,long_rvos/18b160d3a7/2/5,"[1, 1]",0.23450849546095748,"[0, 0]",18b160d3a7
4,True,dynamic,2,long_rvos/18b160d3a7/2/5,"[0, 1, 1, 1]",0.020070051680877117,"[0, 0, 1, 0]",18b160d3a7
8,True,dynamic,4,long_rvos/18b160d3a7/2/5,"[0, 0, 1, 1, 1, 1, 1, 1]",0.020296986067456425,"[0, 0, 0, 0, 1, 1, 0, 0]",18b160d3a7
2,False,static,0,long_rvos/1a5dead3e3/1/0,"[0, 0]",0.0,"[0, 0]",1a5dead3e3
4,False,static,0,long_rvos/1a5dead3e3/1/0,"[0, 0, 0, 0]",0.0,"[0, 0, 0, 0]",1a5dead3e3
8,False,static,0,long_rvos/1a5dead3e3/1/0,"[0, 0, 0, 0, 0, 0, 0, 0]",0.0,"[0, 0, 0, 0, 0, 0, 0, 0]",1a5dead3e3
2,False,dynamic,0,long_rvos/1a5dead3e3/1/1,"[0, 0]",0.0,"[0, 0]",1a5dead3e3
4,False,dynamic,0,long_rvos/1a5dead3e3/1/1,"[0, 0, 0, 0]",0.0,"[0, 0, 0, 0]",1a5dead3e3
8,False,dynamic,0,long_rvos/1a5dead3e3/1/1,"[0, 0, 0, 0, 0, 0, 0, 0]",0.0,"[0, 0, 0, 0, 0, 0, 0, 0]",1a5dead3e3
2,False,hybrid,0,long_rvos/1a5dead3e3/1/4,"[0, 0]",0.0,"[0, 0]",1a5dead3e3
4,False,hybrid,0,long_rvos/1a5dead3e3/1/4,"[0, 0, 0, 0]",0.0,"[0, 0, 0, 0]",1a5dead3e3
8,False,hybrid,0,long_rvos/1a5dead3e3/1/4,"[0, 0, 0, 0, 0, 0, 0, 0]",0.0,"[0, 0, 0, 0, 0, 0, 0, 0]",1a5dead3e3
2,False,static,0,long_rvos/20eaede0fb/2/4,"[null, null]",0.0,"[null, null]",20eaede0fb
4,False,static,0,long_rvos/20eaede0fb/2/4,"[null, null, null, null]",0.0,"[null, null, null, null]",20eaede0fb
8,False,static,0,long_rvos/20eaede0fb/2/4,"[null, null, null, null, null, null, null, null]",0.0,"[null, null, null, null, null, null, null, null]",20eaede0fb
2,False,dynamic,0,long_rvos/20eaede0fb/2/5,"[null, null]",0.0,"[null, null]",20eaede0fb
4,False,dynamic,0,long_rvos/20eaede0fb/2/5,"[null, null, null, null]",0.0,"[null, null, null, null]",20eaede0fb
8,False,dynamic,0,long_rvos/20eaede0fb/2/5,"[null, null, 0, null, null, null, null, null]",0.0,"[null, null, 0, null, null, null, null, null]",20eaede0fb
2,False,hybrid,0,long_rvos/20eaede0fb/2/8,"[null, null]",0.0,"[null, null]",20eaede0fb
4,False,hybrid,0,long_rvos/20eaede0fb/2/8,"[null, null, null, null]",0.0,"[null, null, null, null]",20eaede0fb
8,False,hybrid,0,long_rvos/20eaede0fb/2/8,"[null, null, null, null, null, null, null, null]",0.0,"[null, null, null, null, null, null, null, null]",20eaede0fb
2,False,static,0,long_rvos/22680d3b50/4/3,"[null, 0]",0.0,"[null, 0]",22680d3b50
4,False,static,0,long_rvos/22680d3b50/4/3,"[0, null, 0, 0]",0.0,"[0, null, 0, 0]",22680d3b50
8,False,static,0,long_rvos/22680d3b50/4/3,"[null, 0, 0, null, 0, 0, 0, 0]",0.0,"[null, 0, 0, null, 0, 0, 0, 0]",22680d3b50
2,False,dynamic,0,long_rvos/22680d3b50/4/4,"[0, 0]",0.0,"[0, 0]",22680d3b50
4,False,dynamic,0,long_rvos/22680d3b50/4/4,"[0, 0, 0, 0]",0.0,"[0, 0, 0, 0]",22680d3b50
8,False,dynamic,0,long_rvos/22680d3b50/4/4,"[null, 0, 0, 0, 0, 0, 0, 0]",0.0,"[null, 0, 0, 0, 0, 0, 0, 0]",22680d3b50
2,False,static,0,long_rvos/22680d3b50/4/5,"[null, 0]",0.0,"[null, 0]",22680d3b50
4,False,static,0,long_rvos/22680d3b50/4/5,"[0, null, 0, 0]",0.0,"[0, null, 0, 0]",22680d3b50
8,False,static,0,long_rvos/22680d3b50/4/5,"[null, 0, 0, null, 0, 0, 0, 0]",0.0,"[null, 0, 0, null, 0, 0, 0, 0]",22680d3b50
2,False,dynamic,0,long_rvos/22680d3b50/4/6,"[0, 0]",0.0,"[0, 0]",22680d3b50
4,False,dynamic,0,long_rvos/22680d3b50/4/6,"[0, 0, 0, 0]",0.0,"[0, 0, 0, 0]",22680d3b50
8,False,dynamic,0,long_rvos/22680d3b50/4/6,"[null, 0, 0, 0, 0, 0, 0, 0]",0.0,"[null, 0, 0, 0, 0, 0, 0, 0]",22680d3b50
2,False,hybrid,0,long_rvos/22680d3b50/4/8,"[null, 0]",0.0,"[null, 0]",22680d3b50
4,False,hybrid,0,long_rvos/22680d3b50/4/8,"[0, null, 0, 0]",0.0,"[0, null, 0, 0]",22680d3b50
8,False,hybrid,0,long_rvos/22680d3b50/4/8,"[null, 0, 0, null, 0, 0, 0, 0]",0.0,"[null, 0, 0, null, 0, 0, 0, 0]",22680d3b50
2,False,hybrid,0,long_rvos/22680d3b50/4/9,"[null, 0]",0.0,"[null, 0]",22680d3b50
4,False,hybrid,0,long_rvos/22680d3b50/4/9,"[0, null, 0, 0]",0.0,"[0, null, 0, 0]",22680d3b50
8,False,hybrid,0,long_rvos/22680d3b50/4/9,"[null, 0, 0, null, 0, 0, 0, 0]",0.0,"[null, 0, 0, null, 0, 0, 0, 0]",22680d3b50
2,False,static,0,long_rvos/2683deffcb/1/0,"[null, null]",0.0,"[null, null]",2683deffcb
4,False,static,0,long_rvos/2683deffcb/1/0,"[null, null, null, null]",0.0,"[null, null, null, null]",2683deffcb
8,False,static,0,long_rvos/2683deffcb/1/0,"[null, null, null, null, null, null, null, null]",0.0,"[null, null, null, null, null, null, null, null]",2683deffcb
2,False,dynamic,0,long_rvos/2683deffcb/1/1,"[0, 0]",0.0,"[0, 0]",2683deffcb
4,False,dynamic,0,long_rvos/2683deffcb/1/1,"[0, 0, 1, 0]",0.0,"[0, 0, 1, 0]",2683deffcb
8,False,dynamic,0,long_rvos/2683deffcb/1/1,"[0, 0, 0, 0, 0, 1, 0, 0]",0.0,"[0, 0, 0, 0, 0, 1, 0, 0]",2683deffcb
2,False,hybrid,0,long_rvos/2683deffcb/1/5,"[null, null]",0.0,"[null, null]",2683deffcb
4,False,hybrid,0,long_rvos/2683deffcb/1/5,"[null, null, null, null]",0.0,"[null, null, null, null]",2683deffcb
8,False,hybrid,0,long_rvos/2683deffcb/1/5,"[null, null, null, null, null, null, null, null]",0.0,"[null, null, null, null, null, null, null, null]",2683deffcb
2,False,static,0,long_rvos/28ff632792/1/0,"[null, null]",0.0,"[null, null]",28ff632792
4,False,static,0,long_rvos/28ff632792/1/0,"[null, null, null, null]",0.0,"[null, null, null, null]",28ff632792
8,False,static,0,long_rvos/28ff632792/1/0,"[null, null, null, null, null, null, null, null]",0.0,"[null, null, null, null, null, null, null, null]",28ff632792
2,False,dynamic,0,long_rvos/28ff632792/1/1,"[null, 0]",0.0,"[null, 0]",28ff632792
4,False,dynamic,0,long_rvos/28ff632792/1/1,"[null, null, 0, 0]",0.0,"[null, null, 0, 0]",28ff632792
8,False,dynamic,0,long_rvos/28ff632792/1/1,"[0, null, null, null, null, 0, 0, 0]",0.0,"[0, null, null, null, null, 0, 0, 0]",28ff632792
2,False,dynamic,0,long_rvos/28ff632792/1/6,"[null, 0]",0.0,"[null, 0]",28ff632792
4,False,dynamic,0,long_rvos/28ff632792/1/6,"[null, null, 0, 0]",0.0,"[null, null, 0, 0]",28ff632792
8,False,dynamic,0,long_rvos/28ff632792/1/6,"[0, null, null, null, null, 0, 0, 0]",0.0,"[0, null, null, null, null, 0, 0, 0]",28ff632792
2,False,static,0,long_rvos/2a87bea97e/1/0,"[0, 0]",0.0,"[0, 0]",2a87bea97e
4,False,static,0,long_rvos/2a87bea97e/1/0,"[0, 0, 0, 0]",0.0,"[0, 0, 0, 0]",2a87bea97e
8,False,static,0,long_rvos/2a87bea97e/1/0,"[0, 0, 0, 0, 0, 0, 0, 0]",0.0,"[0, 0, 0, 0, 0, 0, 0, 0]",2a87bea97e
2,False,dynamic,0,long_rvos/2a87bea97e/1/1,"[0, 0]",0.0,"[0, 0]",2a87bea97e
4,False,dynamic,0,long_rvos/2a87bea97e/1/1,"[0, 0, 0, 0]",0.0,"[0, 0, 0, 0]",2a87bea97e
8,False,dynamic,0,long_rvos/2a87bea97e/1/1,"[0, 0, 0, 0, 0, 0, 0, 0]",0.0,"[0, 0, 0, 0, 0, 0, 0, 0]",2a87bea97e
2,False,hybrid,0,long_rvos/2a87bea97e/1/12,"[0, 0]",0.0,"[0, 0]",2a87bea97e
4,False,hybrid,0,long_rvos/2a87bea97e/1/12,"[0, 0, 0, 0]",0.0,"[0, 0, 0, 0]",2a87bea97e
8,False,hybrid,0,long_rvos/2a87bea97e/1/12,"[0, 0, 0, 0, 0, 0, 0, 0]",0.0,"[0, 0, 0, 0, 0, 0, 0, 0]",2a87bea97e
2,False,hybrid,0,long_rvos/2a87bea97e/1/13,"[null, null]",0.0,"[null, null]",2a87bea97e
4,False,hybrid,0,long_rvos/2a87bea97e/1/13,"[null, null, null, null]",0.0,"[null, null, null, null]",2a87bea97e
8,False,hybrid,0,long_rvos/2a87bea97e/1/13,"[null, null, null, null, null, null, null, null]",0.0,"[null, null, null, null, null, null, null, null]",2a87bea97e
2,False,static,0,long_rvos/2a87bea97e/1/2,"[0, 0]",0.0,"[0, 0]",2a87bea97e
4,False,static,0,long_rvos/2a87bea97e/1/2,"[0, 0, 0, 0]",0.0,"[0, 0, 0, 0]",2a87bea97e
8,False,static,0,long_rvos/2a87bea97e/1/2,"[0, 0, 0, 0, 0, 0, 0, 0]",0.0,"[0, 0, 0, 0, 0, 0, 0, 0]",2a87bea97e
2,False,dynamic,0,long_rvos/2a87bea97e/1/3,"[0, 0]",0.0,"[0, 0]",2a87bea97e
4,False,dynamic,0,long_rvos/2a87bea97e/1/3,"[0, 0, 0, 0]",0.0,"[0, 0, 0, 0]",2a87bea97e
8,False,dynamic,0,long_rvos/2a87bea97e/1/3,"[0, 0, 0, 0, 0, 0, 0, 0]",0.0,"[0, 0, 0, 0, 0, 0, 0, 0]",2a87bea97e
2,False,static,0,long_rvos/2abb12f2f7/1/0,"[1, 1]",0.0,"[1, 1]",2abb12f2f7
4,False,static,0,long_rvos/2abb12f2f7/1/0,"[0, 1, 1, 1]",0.0,"[0, 1, 1, 1]",2abb12f2f7
8,False,static,0,long_rvos/2abb12f2f7/1/0,"[1, 0, 1, 1, 1, 1, 1, 1]",0.0,"[1, 0, 1, 1, 1, 1, 1, 1]",2abb12f2f7
2,True,dynamic,1,long_rvos/2abb12f2f7/1/1,"[0, 0]",-0.3237753868146286,"[0, 1]",2abb12f2f7
4,True,dynamic,1,long_rvos/2abb12f2f7/1/1,"[1, 0, 0, 0]",-0.12240998644481604,"[1, 0, 0, 1]",2abb12f2f7
8,True,dynamic,2,long_rvos/2abb12f2f7/1/1,"[0, 1, 0, 0, 0, 0, 1, 0]",-0.13468032014277687,"[0, 1, 0, 0, 0, 0, 0, 1]",2abb12f2f7
2,False,hybrid,0,long_rvos/2abb12f2f7/1/4,"[null, null]",0.0,"[null, null]",2abb12f2f7
4,False,hybrid,0,long_rvos/2abb12f2f7/1/4,"[null, null, null, null]",0.0,"[null, null, null, null]",2abb12f2f7
8,False,hybrid,0,long_rvos/2abb12f2f7/1/4,"[null, null, null, null, null, null, null, null]",0.0,"[null, null, null, null, null, null, null, null]",2abb12f2f7
2,False,static,0,long_rvos/2c4cbde1aa/1/0,"[null, 0]",0.0,"[null, 0]",2c4cbde1aa
4,True,static,1,long_rvos/2c4cbde1aa/1/0,"[2, null, 1, 0]",5.229223621026672e-05,"[0, null, 1, 0]",2c4cbde1aa
8,True,static,1,long_rvos/2c4cbde1aa/1/0,"[2, 2, null, null, null, 1, 0, 0]",-0.4227077451389232,"[2, 0, null, null, null, 1, 0, 0]",2c4cbde1aa
2,True,dynamic,1,long_rvos/2c4cbde1aa/1/1,"[0, 2]",0.32130653874713,"[0, 0]",2c4cbde1aa
4,True,dynamic,2,long_rvos/2c4cbde1aa/1/1,"[1, 0, 5, 2]",0.32154555020825315,"[1, 0, 1, 0]",2c4cbde1aa
8,True,dynamic,5,long_rvos/2c4cbde1aa/1/1,"[1, 1, 1, 0, 2, 5, 4, 2]",0.16559577563306227,"[2, 1, 0, 0, 0, 1, 4, 0]",2c4cbde1aa
2,False,static,0,long_rvos/2c4cbde1aa/1/2,"[null, 0]",0.0,"[null, 0]",2c4cbde1aa
4,True,static,1,long_rvos/2c4cbde1aa/1/2,"[2, null, 1, 0]",5.229223621026672e-05,"[0, null, 1, 0]",2c4cbde1aa
8,True,static,1,long_rvos/2c4cbde1aa/1/2,"[2, 2, null, null, null, 1, 0, 0]",-0.4227077451389232,"[2, 0, null, null, null, 1, 0, 0]",2c4cbde1aa
2,True,dynamic,1,long_rvos/2c4cbde1aa/1/3,"[0, 2]",0.32130653874713,"[0, 0]",2c4cbde1aa
4,True,dynamic,2,long_rvos/2c4cbde1aa/1/3,"[1, 0, 5, 2]",0.32154555020825315,"[1, 0, 1, 0]",2c4cbde1aa
8,True,dynamic,3,long_rvos/2c4cbde1aa/1/3,"[1, 1, 0, 0, 1, 5, 4, 2]",0.30250044284117356,"[1, 1, 0, 0, 0, 1, 4, 0]",2c4cbde1aa
2,False,hybrid,0,long_rvos/2c4cbde1aa/1/7,"[null, 0]",0.0,"[null, 0]",2c4cbde1aa
4,True,hybrid,1,long_rvos/2c4cbde1aa/1/7,"[2, null, 1, 0]",5.229223621026672e-05,"[0, null, 1, 0]",2c4cbde1aa
8,True,hybrid,1,long_rvos/2c4cbde1aa/1/7,"[2, 2, null, null, null, 1, 0, 0]",-0.4227077451389232,"[2, 0, null, null, null, 1, 0, 0]",2c4cbde1aa
2,False,static,0,long_rvos/2cfdc294c5/1/0,"[0, null]",0.0,"[0, null]",2cfdc294c5
4,False,static,0,long_rvos/2cfdc294c5/1/0,"[0, 0, 0, null]",0.0,"[0, 0, 0, null]",2cfdc294c5
8,False,static,0,long_rvos/2cfdc294c5/1/0,"[null, 0, 0, 0, 0, 0, 0, null]",0.0,"[null, 0, 0, 0, 0, 0, 0, null]",2cfdc294c5
2,False,dynamic,0,long_rvos/2cfdc294c5/1/1,"[0, null]",0.0,"[0, null]",2cfdc294c5
4,False,dynamic,0,long_rvos/2cfdc294c5/1/1,"[0, 0, 0, null]",0.0,"[0, 0, 0, null]",2cfdc294c5
8,False,dynamic,0,long_rvos/2cfdc294c5/1/1,"[null, 0, 0, 0, 0, 0, 0, null]",0.0,"[null, 0, 0, 0, 0, 0, 0, null]",2cfdc294c5
2,False,static,0,long_rvos/2cfdc294c5/1/2,"[0, null]",0.0,"[0, null]",2cfdc294c5
4,False,static,0,long_rvos/2cfdc294c5/1/2,"[0, 0, 0, null]",0.0,"[0, 0, 0, null]",2cfdc294c5
8,False,static,0,long_rvos/2cfdc294c5/1/2,"[null, 0, 0, 0, 0, 0, 0, null]",0.0,"[null, 0, 0, 0, 0, 0, 0, null]",2cfdc294c5
2,False,dynamic,0,long_rvos/2cfdc294c5/1/3,"[0, null]",0.0,"[0, null]",2cfdc294c5
4,False,dynamic,0,long_rvos/2cfdc294c5/1/3,"[0, 0, 0, null]",0.0,"[0, 0, 0, null]",2cfdc294c5
8,False,dynamic,0,long_rvos/2cfdc294c5/1/3,"[null, 0, 0, 0, 0, 0, 0, null]",0.0,"[null, 0, 0, 0, 0, 0, 0, null]",2cfdc294c5
2,False,dynamic,0,long_rvos/2cfdc294c5/1/8,"[0, null]",0.0,"[0, null]",2cfdc294c5
4,False,dynamic,0,long_rvos/2cfdc294c5/1/8,"[0, 0, 0, null]",0.0,"[0, 0, 0, null]",2cfdc294c5
8,False,dynamic,0,long_rvos/2cfdc294c5/1/8,"[null, 0, 0, 0, 0, 0, 0, null]",0.0,"[null, 0, 0, 0, 0, 0, 0, null]",2cfdc294c5
2,False,static,0,long_rvos/30c20fb4c1/3/10,"[null, null]",0.0,"[null, null]",30c20fb4c1
4,False,static,0,long_rvos/30c20fb4c1/3/10,"[null, null, null, null]",0.0,"[null, null, null, null]",30c20fb4c1
8,False,static,0,long_rvos/30c20fb4c1/3/10,"[null, null, null, null, null, null, null, null]",0.0,"[null, null, null, null, null, null, null, null]",30c20fb4c1
2,False,dynamic,0,long_rvos/30c20fb4c1/3/11,"[null, null]",0.0,"[null, null]",30c20fb4c1
4,False,dynamic,0,long_rvos/30c20fb4c1/3/11,"[null, null, null, null]",0.0,"[null, null, null, null]",30c20fb4c1
8,False,dynamic,0,long_rvos/30c20fb4c1/3/11,"[null, null, null, null, null, null, null, null]",0.0,"[null, null, null, null, null, null, null, null]",30c20fb4c1
2,False,hybrid,0,long_rvos/30c20fb4c1/3/14,"[null, null]",0.0,"[null, null]",30c20fb4c1
4,False,hybrid,0,long_rvos/30c20fb4c1/3/14,"[null, null, null, null]",0.0,"[null, null, null, null]",30c20fb4c1
8,False,hybrid,0,long_rvos/30c20fb4c1/3/14,"[null, null, null, null, null, null, null, null]",0.0,"[null, null, null, null, null, null, null, null]",30c20fb4c1
2,False,static,0,long_rvos/30c20fb4c1/3/8,"[0, 0]",0.0,"[0, 0]",30c20fb4c1
4,False,static,0,long_rvos/30c20fb4c1/3/8,"[0, 0, 0, 0]",0.0,"[0, 0, 0, 0]",30c20fb4c1
8,False,static,0,long_rvos/30c20fb4c1/3/8,"[0, 0, 0, 0, 0, 0, 0, 0]",0.0,"[0, 0, 0, 0, 0, 0, 0, 0]",30c20fb4c1
2,False,dynamic,0,long_rvos/30c20fb4c1/3/9,"[1, 0]",0.0,"[1, 0]",30c20fb4c1
4,False,dynamic,0,long_rvos/30c20fb4c1/3/9,"[0, 1, 0, 0]",0.0,"[0, 1, 0, 0]",30c20fb4c1
8,False,dynamic,0,long_rvos/30c20fb4c1/3/9,"[0, 0, 0, 1, 0, 0, 0, 0]",0.0,"[0, 0, 0, 1, 0, 0, 0, 0]",30c20fb4c1
2,True,static,1,long_rvos/30f4d962f9/1/0,"[1, 0]",0.005870948763555817,"[0, 0]",30f4d962f9
4,True,static,1,long_rvos/30f4d962f9/1/0,"[1, 1, 0, 0]",0.06871814739900967,"[1, 0, 0, 0]",30f4d962f9
8,True,static,3,long_rvos/30f4d962f9/1/0,"[0, 1, 0, 1, 0, 0, 0, 0]",0.3527182449493382,"[0, 1, 0, 0, 1, 0, 1, 0]",30f4d962f9
2,False,dynamic,0,long_rvos/30f4d962f9/1/1,"[null, 0]",0.0,"[null, 0]",30f4d962f9
4,True,dynamic,1,long_rvos/30f4d962f9/1/1,"[null, null, 1, 0]",0.000699336012257884,"[null, null, 0, 0]",30f4d962f9
8,True,dynamic,1,long_rvos/30f4d962f9/1/1,"[0, null, 0, null, null, 1, 0, 0]",0.18278989337885138,"[0, null, 0, null, null, 0, 0, 0]",30f4d962f9
2,False,hybrid,0,long_rvos/30f4d962f9/1/4,"[null, 0]",0.0,"[null, 0]",30f4d962f9
4,False,hybrid,0,long_rvos/30f4d962f9/1/4,"[null, null, 0, 0]",0.0,"[null, null, 0, 0]",30f4d962f9
8,False,hybrid,0,long_rvos/30f4d962f9/1/4,"[0, null, 0, null, null, 0, 0, 0]",0.0,"[0, null, 0, null, null, 0, 0, 0]",30f4d962f9
2,False,static,0,long_rvos/31a352c169/1/0,"[null, null]",0.0,"[null, null]",31a352c169
4,False,static,0,long_rvos/31a352c169/1/0,"[null, null, null, null]",0.0,"[null, null, null, null]",31a352c169
8,False,static,0,long_rvos/31a352c169/1/0,"[null, null, null, null, null, null, null, null]",0.0,"[null, null, null, null, null, null, null, null]",31a352c169
2,False,dynamic,0,long_rvos/31a352c169/1/1,"[0, 0]",0.0,"[0, 0]",31a352c169
4,False,dynamic,0,long_rvos/31a352c169/1/1,"[0, 0, 0, 0]",0.0,"[0, 0, 0, 0]",31a352c169
8,False,dynamic,0,long_rvos/31a352c169/1/1,"[null, 0, 0, 0, 0, 0, 0, 0]",0.0,"[null, 0, 0, 0, 0, 0, 0, 0]",31a352c169
2,False,hybrid,0,long_rvos/31a352c169/1/10,"[null, null]",0.0,"[null, null]",31a352c169
4,False,hybrid,0,long_rvos/31a352c169/1/10,"[null, null, null, null]",0.0,"[null, null, null, null]",31a352c169
8,False,hybrid,0,long_rvos/31a352c169/1/10,"[null, null, null, null, null, null, null, null]",0.0,"[null, null, null, null, null, null, null, null]",31a352c169
2,False,static,0,long_rvos/31a352c169/1/2,"[null, null]",0.0,"[null, null]",31a352c169
4,False,static,0,long_rvos/31a352c169/1/2,"[null, null, null, null]",0.0,"[null, null, null, null]",31a352c169
8,False,static,0,long_rvos/31a352c169/1/2,"[null, null, null, null, null, null, null, null]",0.0,"[null, null, null, null, null, null, null, null]",31a352c169
2,False,dynamic,0,long_rvos/31a352c169/1/3,"[0, 0]",0.0,"[0, 0]",31a352c169
4,False,dynamic,0,long_rvos/31a352c169/1/3,"[0, 0, 0, 0]",0.0,"[0, 0, 0, 0]",31a352c169
8,False,dynamic,0,long_rvos/31a352c169/1/3,"[null, 0, 0, 0, 0, 0, 0, 0]",0.0,"[null, 0, 0, 0, 0, 0, 0, 0]",31a352c169
2,False,hybrid,0,long_rvos/39db436191/3/10,"[0, null]",0.0,"[0, null]",39db436191
4,False,hybrid,0,long_rvos/39db436191/3/10,"[null, 0, null, null]",0.0,"[null, 0, null, null]",39db436191
8,True,hybrid,1,long_rvos/39db436191/3/10,"[null, null, 1, 0, 0, null, 0, null]",0.0001839065199250589,"[null, null, 0, 0, 0, null, 0, null]",39db436191
2,False,static,0,long_rvos/39db436191/3/4,"[0, null]",0.0,"[0, null]",39db436191
4,False,static,0,long_rvos/39db436191/3/4,"[null, 0, 0, null]",0.0,"[null, 0, 0, null]",39db436191
8,True,static,1,long_rvos/39db436191/3/4,"[null, null, 1, 0, 0, 0, 0, null]",-9.587422772427967e-05,"[null, null, 0, 0, 0, 0, 0, null]",39db436191
2,False,dynamic,0,long_rvos/39db436191/3/5,"[0, null]",0.0,"[0, null]",39db436191
4,False,dynamic,0,long_rvos/39db436191/3/5,"[null, 0, null, null]",0.0,"[null, 0, null, null]",39db436191
8,False,dynamic,0,long_rvos/39db436191/3/5,"[null, null, 1, 0, 0, null, 0, null]",0.0,"[null, null, 1, 0, 0, null, 0, null]",39db436191
2,False,static,0,long_rvos/41c5109249/1/0,"[0, 2]",0.0,"[0, 2]",41c5109249
4,False,static,0,long_rvos/41c5109249/1/0,"[1, 0, 1, 2]",0.0,"[1, 0, 1, 2]",41c5109249
8,False,static,0,long_rvos/41c5109249/1/0,"[0, 1, 2, 0, 0, 1, 1, 2]",0.0,"[0, 1, 2, 0, 0, 1, 1, 2]",41c5109249
2,False,dynamic,0,long_rvos/41c5109249/1/1,"[0, 2]",0.0,"[0, 2]",41c5109249
4,True,dynamic,1,long_rvos/41c5109249/1/1,"[1, 0, 1, 2]",-0.010409027554302508,"[1, 0, 3, 2]",41c5109249
8,True,dynamic,1,long_rvos/41c5109249/1/1,"[0, 1, 2, 0, 0, 1, 1, 2]",-0.004288125066980841,"[0, 1, 2, 0, 0, 3, 1, 2]",41c5109249
2,False,hybrid,0,long_rvos/41c5109249/1/7,"[0, 2]",0.0,"[0, 2]",41c5109249
4,False,hybrid,0,long_rvos/41c5109249/1/7,"[1, 0, 1, 2]",0.0,"[1, 0, 1, 2]",41c5109249
8,False,hybrid,0,long_rvos/41c5109249/1/7,"[0, 1, 2, 0, 0, 1, 1, 2]",0.0,"[0, 1, 2, 0, 0, 1, 1, 2]",41c5109249
2,False,hybrid,0,long_rvos/5c0c9c0098/3/12,"[null, null]",0.0,"[null, null]",5c0c9c0098
4,False,hybrid,0,long_rvos/5c0c9c0098/3/12,"[null, null, null, null]",0.0,"[null, null, null, null]",5c0c9c0098
8,False,hybrid,0,long_rvos/5c0c9c0098/3/12,"[null, null, null, null, null, null, null, null]",0.0,"[null, null, null, null, null, null, null, null]",5c0c9c0098
2,True,static,1,long_rvos/5c0c9c0098/3/8,"[6, 0]",-0.017200908300365025,"[0, 0]",5c0c9c0098
4,True,static,3,long_rvos/5c0c9c0098/3/8,"[2, 6, 4, 0]",-0.18504136232517043,"[0, 0, 1, 0]",5c0c9c0098
8,True,static,5,long_rvos/5c0c9c0098/3/8,"[3, 2, 1, 6, 0, 4, 0, 0]",-0.1461145368349681,"[0, 0, 0, 0, 0, 1, 0, 0]",5c0c9c0098
2,True,dynamic,2,long_rvos/5c0c9c0098/3/9,"[6, 3]",-0.12093533751411967,"[0, 5]",5c0c9c0098
4,True,dynamic,3,long_rvos/5c0c9c0098/3/9,"[1, 6, 0, 3]",-0.2805995402346112,"[3, 0, 0, 5]",5c0c9c0098
8,True,dynamic,6,long_rvos/5c0c9c0098/3/9,"[6, 1, 0, 6, 0, 0, 3, 3]",-0.17042336394124558,"[0, 3, 1, 0, 0, 0, 0, 5]",5c0c9c0098
2,False,static,0,long_rvos/5d262b025c/1/0,"[0, 0]",0.0,"[0, 0]",5d262b025c
4,False,static,0,long_rvos/5d262b025c/1/0,"[0, 0, 0, 0]",0.0,"[0, 0, 0, 0]",5d262b025c
8,False,static,0,long_rvos/5d262b025c/1/0,"[0, 0, 0, 0, 0, 0, null, 0]",0.0,"[0, 0, 0, 0, 0, 0, null, 0]",5d262b025c
2,False,dynamic,0,long_rvos/5d262b025c/1/1,"[0, 0]",0.0,"[0, 0]",5d262b025c
4,False,dynamic,0,long_rvos/5d262b025c/1/1,"[0, 0, 0, 0]",0.0,"[0, 0, 0, 0]",5d262b025c
8,False,dynamic,0,long_rvos/5d262b025c/1/1,"[0, 0, 0, 0, 0, 0, null, 0]",0.0,"[0, 0, 0, 0, 0, 0, null, 0]",5d262b025c
2,False,hybrid,0,long_rvos/5d262b025c/1/20,"[null, null]",0.0,"[null, null]",5d262b025c
4,False,hybrid,0,long_rvos/5d262b025c/1/20,"[null, null, null, null]",0.0,"[null, null, null, null]",5d262b025c
8,False,hybrid,0,long_rvos/5d262b025c/1/20,"[null, null, null, null, null, null, null, null]",0.0,"[null, null, null, null, null, null, null, null]",5d262b025c
2,False,static,0,long_rvos/5d2c735adb/1/0,"[2, 1]",0.0,"[2, 1]",5d2c735adb
4,False,static,0,long_rvos/5d2c735adb/1/0,"[1, 2, 2, 1]",0.0,"[1, 2, 2, 1]",5d2c735adb
8,True,static,3,long_rvos/5d2c735adb/1/0,"[2, 1, 2, 2, 0, 2, 2, 1]",-0.019061354829829347,"[1, 1, 0, 2, 0, 2, 1, 1]",5d2c735adb
2,False,dynamic,0,long_rvos/5d2c735adb/1/1,"[2, 1]",0.0,"[2, 1]",5d2c735adb
4,True,dynamic,1,long_rvos/5d2c735adb/1/1,"[1, 2, 0, 1]",0.01483060956191784,"[1, 2, 2, 1]",5d2c735adb
8,True,dynamic,3,long_rvos/5d2c735adb/1/1,"[2, 1, 2, 2, 0, 0, 3, 1]",0.05488589252276596,"[2, 1, 0, 2, 0, 2, 1, 1]",5d2c735adb
2,False,hybrid,0,long_rvos/5d2c735adb/1/8,"[2, 1]",0.0,"[2, 1]",5d2c735adb
4,True,hybrid,1,long_rvos/5d2c735adb/1/8,"[1, 2, 0, 1]",0.01483060956191784,"[1, 2, 2, 1]",5d2c735adb
8,True,hybrid,3,long_rvos/5d2c735adb/1/8,"[2, 1, 2, 2, 0, 0, 2, 1]",-0.00919531427987691,"[1, 1, 2, 2, 0, 2, 1, 1]",5d2c735adb
2,False,static,0,long_rvos/68170c3f7a/2/4,"[null, null]",0.0,"[null, null]",68170c3f7a
4,False,static,0,long_rvos/68170c3f7a/2/4,"[null, null, null, null]",0.0,"[null, null, null, null]",68170c3f7a
8,False,static,0,long_rvos/68170c3f7a/2/4,"[null, null, null, null, null, null, null, null]",0.0,"[null, null, null, null, null, null, null, null]",68170c3f7a
2,False,dynamic,0,long_rvos/68170c3f7a/2/5,"[0, null]",0.0,"[0, null]",68170c3f7a
4,False,dynamic,0,long_rvos/68170c3f7a/2/5,"[null, 0, 0, null]",0.0,"[null, 0, 0, null]",68170c3f7a
8,False,dynamic,0,long_rvos/68170c3f7a/2/5,"[null, null, null, 0, null, 0, null, null]",0.0,"[null, null, null, 0, null, 0, null, null]",68170c3f7a
2,False,static,0,long_rvos/68170c3f7a/2/6,"[null, null]",0.0,"[null, null]",68170c3f7a
4,False,static,0,long_rvos/68170c3f7a/2/6,"[null, null, null, null]",0.0,"[null, null, null, null]",68170c3f7a
8,False,static,0,long_rvos/68170c3f7a/2/6,"[null, null, null, null, null, null, null, null]",0.0,"[null, null, null, null, null, null, null, null]",68170c3f7a
2,False,dynamic,0,long_rvos/68170c3f7a/2/7,"[null, null]",0.0,"[null, null]",68170c3f7a
4,False,dynamic,0,long_rvos/68170c3f7a/2/7,"[null, null, null, null]",0.0,"[null, null, null, null]",68170c3f7a
8,False,dynamic,0,long_rvos/68170c3f7a/2/7,"[null, null, null, null, null, null, null, null]",0.0,"[null, null, null, null, null, null, null, null]",68170c3f7a
2,False,hybrid,0,long_rvos/68170c3f7a/2/9,"[null, null]",0.0,"[null, null]",68170c3f7a
4,False,hybrid,0,long_rvos/68170c3f7a/2/9,"[null, null, null, null]",0.0,"[null, null, null, null]",68170c3f7a
8,False,hybrid,0,long_rvos/68170c3f7a/2/9,"[null, null, null, null, null, null, null, null]",0.0,"[null, null, null, null, null, null, null, null]",68170c3f7a
2,False,hybrid,0,long_rvos/6a1db02e31/2/10,"[null, null]",0.0,"[null, null]",6a1db02e31
4,False,hybrid,0,long_rvos/6a1db02e31/2/10,"[null, null, null, null]",0.0,"[null, null, null, null]",6a1db02e31
8,False,hybrid,0,long_rvos/6a1db02e31/2/10,"[null, null, null, null, null, null, null, null]",0.0,"[null, null, null, null, null, null, null, null]",6a1db02e31
2,False,hybrid,0,long_rvos/6a1db02e31/2/11,"[null, null]",0.0,"[null, null]",6a1db02e31
4,False,hybrid,0,long_rvos/6a1db02e31/2/11,"[0, null, 1, null]",0.0,"[0, null, 1, null]",6a1db02e31
8,False,hybrid,0,long_rvos/6a1db02e31/2/11,"[null, 0, null, null, null, 1, null, null]",0.0,"[null, 0, null, null, null, 1, null, null]",6a1db02e31
2,False,static,0,long_rvos/6a1db02e31/2/4,"[null, null]",0.0,"[null, null]",6a1db02e31
4,False,static,0,long_rvos/6a1db02e31/2/4,"[null, null, null, null]",0.0,"[null, null, null, null]",6a1db02e31
8,False,static,0,long_rvos/6a1db02e31/2/4,"[null, null, null, null, null, null, null, null]",0.0,"[null, null, null, null, null, null, null, null]",6a1db02e31
2,False,dynamic,0,long_rvos/6a1db02e31/2/5,"[null, null]",0.0,"[null, null]",6a1db02e31
4,False,dynamic,0,long_rvos/6a1db02e31/2/5,"[0, null, 1, null]",0.0,"[0, null, 1, null]",6a1db02e31
8,False,dynamic,0,long_rvos/6a1db02e31/2/5,"[null, 0, null, null, null, 1, null, null]",0.0,"[null, 0, null, null, null, 1, null, null]",6a1db02e31
2,False,static,0,long_rvos/6a1db02e31/2/6,"[0, null]",0.0,"[0, null]",6a1db02e31
4,False,static,0,long_rvos/6a1db02e31/2/6,"[0, 0, null, null]",0.0,"[0, 0, null, null]",6a1db02e31
8,False,static,0,long_rvos/6a1db02e31/2/6,"[0, 0, 0, 0, 0, null, null, null]",0.0,"[0, 0, 0, 0, 0, null, null, null]",6a1db02e31
2,False,dynamic,0,long_rvos/6a1db02e31/2/7,"[null, null]",0.0,"[null, null]",6a1db02e31
4,False,dynamic,0,long_rvos/6a1db02e31/2/7,"[0, null, 1, null]",0.0,"[0, null, 1, null]",6a1db02e31
8,False,dynamic,0,long_rvos/6a1db02e31/2/7,"[null, 0, null, null, null, 1, null, null]",0.0,"[null, 0, null, null, null, 1, null, null]",6a1db02e31
2,False,hybrid,0,long_rvos/6bf32cc0d5/2/12,"[null, 0]",0.0,"[null, 0]",6bf32cc0d5
4,False,hybrid,0,long_rvos/6bf32cc0d5/2/12,"[0, null, 0, 0]",0.0,"[0, null, 0, 0]",6bf32cc0d5
8,False,hybrid,0,long_rvos/6bf32cc0d5/2/12,"[null, 0, null, null, 0, 0, 0, 0]",0.0,"[null, 0, null, null, 0, 0, 0, 0]",6bf32cc0d5
2,False,static,0,long_rvos/6bf32cc0d5/2/4,"[null, 0]",0.0,"[null, 0]",6bf32cc0d5
4,False,static,0,long_rvos/6bf32cc0d5/2/4,"[0, null, 0, 0]",0.0,"[0, null, 0, 0]",6bf32cc0d5
8,False,static,0,long_rvos/6bf32cc0d5/2/4,"[null, 0, null, null, 0, 0, 0, 0]",0.0,"[null, 0, null, null, 0, 0, 0, 0]",6bf32cc0d5
2,False,static,0,long_rvos/6bf32cc0d5/2/5,"[null, 0]",0.0,"[null, 0]",6bf32cc0d5
4,False,static,0,long_rvos/6bf32cc0d5/2/5,"[0, null, 0, 0]",0.0,"[0, null, 0, 0]",6bf32cc0d5
8,False,static,0,long_rvos/6bf32cc0d5/2/5,"[null, 0, null, null, 0, 0, 0, 0]",0.0,"[null, 0, null, null, 0, 0, 0, 0]",6bf32cc0d5
2,False,dynamic,0,long_rvos/6bf32cc0d5/2/6,"[null, 0]",0.0,"[null, 0]",6bf32cc0d5
4,False,dynamic,0,long_rvos/6bf32cc0d5/2/6,"[0, null, 0, 0]",0.0,"[0, null, 0, 0]",6bf32cc0d5
8,False,dynamic,0,long_rvos/6bf32cc0d5/2/6,"[null, 0, null, null, 0, 0, 0, 0]",0.0,"[null, 0, null, null, 0, 0, 0, 0]",6bf32cc0d5
2,False,static,0,long_rvos/6d76f5cbc2/1/0,"[1, 0]",0.0,"[1, 0]",6d76f5cbc2
4,False,static,0,long_rvos/6d76f5cbc2/1/0,"[1, 1, 0, 0]",0.0,"[1, 1, 0, 0]",6d76f5cbc2
8,False,static,0,long_rvos/6d76f5cbc2/1/0,"[2, 1, 1, 1, 0, 0, 0, 0]",0.0,"[2, 1, 1, 1, 0, 0, 0, 0]",6d76f5cbc2
2,False,dynamic,0,long_rvos/6d76f5cbc2/1/1,"[1, 0]",0.0,"[1, 0]",6d76f5cbc2
4,False,dynamic,0,long_rvos/6d76f5cbc2/1/1,"[1, 1, 0, 0]",0.0,"[1, 1, 0, 0]",6d76f5cbc2
8,False,dynamic,0,long_rvos/6d76f5cbc2/1/1,"[2, 1, 1, 1, 0, 0, 0, 0]",0.0,"[2, 1, 1, 1, 0, 0, 0, 0]",6d76f5cbc2
2,False,static,0,long_rvos/6d76f5cbc2/1/2,"[1, 0]",0.0,"[1, 0]",6d76f5cbc2
4,False,static,0,long_rvos/6d76f5cbc2/1/2,"[1, 1, 0, 0]",0.0,"[1, 1, 0, 0]",6d76f5cbc2
8,False,static,0,long_rvos/6d76f5cbc2/1/2,"[2, 1, 1, 1, 0, 0, 0, 0]",0.0,"[2, 1, 1, 1, 0, 0, 0, 0]",6d76f5cbc2
2,False,dynamic,0,long_rvos/6d76f5cbc2/1/3,"[1, 0]",0.0,"[1, 0]",6d76f5cbc2
4,False,dynamic,0,long_rvos/6d76f5cbc2/1/3,"[1, 1, 0, 0]",0.0,"[1, 1, 0, 0]",6d76f5cbc2
8,False,dynamic,0,long_rvos/6d76f5cbc2/1/3,"[2, 1, 1, 1, 0, 0, 0, 0]",0.0,"[2, 1, 1, 1, 0, 0, 0, 0]",6d76f5cbc2
2,False,hybrid,0,long_rvos/6d76f5cbc2/1/8,"[1, 0]",0.0,"[1, 0]",6d76f5cbc2
4,False,hybrid,0,long_rvos/6d76f5cbc2/1/8,"[1, 1, 0, 0]",0.0,"[1, 1, 0, 0]",6d76f5cbc2
8,False,hybrid,0,long_rvos/6d76f5cbc2/1/8,"[2, 1, 1, 1, 0, 0, 0, 0]",0.0,"[2, 1, 1, 1, 0, 0, 0, 0]",6d76f5cbc2
2,False,hybrid,0,long_rvos/6d76f5cbc2/1/9,"[1, 0]",0.0,"[1, 0]",6d76f5cbc2
4,False,hybrid,0,long_rvos/6d76f5cbc2/1/9,"[1, 1, null, 0]",0.0,"[1, 1, null, 0]",6d76f5cbc2
8,False,hybrid,0,long_rvos/6d76f5cbc2/1/9,"[1, 1, 1, 1, null, null, 0, 0]",0.0,"[1, 1, 1, 1, null, null, 0, 0]",6d76f5cbc2
2,False,static,0,long_rvos/6db18ab93a/1/0,"[0, 0]",0.0,"[0, 0]",6db18ab93a
4,False,static,0,long_rvos/6db18ab93a/1/0,"[0, 0, null, 0]",0.0,"[0, 0, null, 0]",6db18ab93a
8,False,static,0,long_rvos/6db18ab93a/1/0,"[0, 0, 0, 0, 0, null, 0, 0]",0.0,"[0, 0, 0, 0, 0, null, 0, 0]",6db18ab93a
2,False,dynamic,0,long_rvos/6db18ab93a/1/1,"[0, 0]",0.0,"[0, 0]",6db18ab93a
4,False,dynamic,0,long_rvos/6db18ab93a/1/1,"[0, 0, null, 0]",0.0,"[0, 0, null, 0]",6db18ab93a
8,False,dynamic,0,long_rvos/6db18ab93a/1/1,"[0, 0, 0, 0, 0, null, 0, 0]",0.0,"[0, 0, 0, 0, 0, null, 0, 0]",6db18ab93a
2,False,static,0,long_rvos/6db18ab93a/1/2,"[0, 0]",0.0,"[0, 0]",6db18ab93a
4,False,static,0,long_rvos/6db18ab93a/1/2,"[0, 0, null, 0]",0.0,"[0, 0, null, 0]",6db18ab93a
8,False,static,0,long_rvos/6db18ab93a/1/2,"[0, 0, 0, 0, 0, null, 0, 0]",0.0,"[0, 0, 0, 0, 0, null, 0, 0]",6db18ab93a
2,False,dynamic,0,long_rvos/6db18ab93a/1/3,"[null, 0]",0.0,"[null, 0]",6db18ab93a
4,False,dynamic,0,long_rvos/6db18ab93a/1/3,"[0, null, null, 0]",0.0,"[0, null, null, 0]",6db18ab93a
8,False,dynamic,0,long_rvos/6db18ab93a/1/3,"[0, 0, 0, null, null, null, null, 0]",0.0,"[0, 0, 0, null, null, null, null, 0]",6db18ab93a
2,False,hybrid,0,long_rvos/6db18ab93a/1/8,"[0, 0]",0.0,"[0, 0]",6db18ab93a
4,False,hybrid,0,long_rvos/6db18ab93a/1/8,"[0, 0, null, 0]",0.0,"[0, 0, null, 0]",6db18ab93a
8,False,hybrid,0,long_rvos/6db18ab93a/1/8,"[0, 0, 0, 0, 0, null, 0, 0]",0.0,"[0, 0, 0, 0, 0, null, 0, 0]",6db18ab93a
2,False,hybrid,0,long_rvos/6db18ab93a/1/9,"[null, 0]",0.0,"[null, 0]",6db18ab93a
4,False,hybrid,0,long_rvos/6db18ab93a/1/9,"[0, null, null, 0]",0.0,"[0, null, null, 0]",6db18ab93a
8,False,hybrid,0,long_rvos/6db18ab93a/1/9,"[0, 0, 0, null, null, null, null, 0]",0.0,"[0, 0, 0, null, null, null, null, 0]",6db18ab93a
2,True,hybrid,1,long_rvos/6fb7a04167/12/25,"[0, null]",0.0,"[2, null]",6fb7a04167
4,True,hybrid,3,long_rvos/6fb7a04167/12/25,"[3, 0, 1, null]",0.046875,"[1, 2, 0, null]",6fb7a04167
8,True,hybrid,4,long_rvos/6fb7a04167/12/25,"[0, 3, 1, 0, 4, 1, 0, null]",-0.020073715351011906,"[0, 1, 1, 2, 2, 0, 0, null]",6fb7a04167
2,True,static,1,long_rvos/6fb7a04167/12/4,"[3, null]",0.0,"[2, null]",6fb7a04167
4,True,static,3,long_rvos/6fb7a04167/12/4,"[2, 3, 1, null]",0.0625,"[1, 2, 0, null]",6fb7a04167
8,True,static,4,long_rvos/6fb7a04167/12/4,"[2, 2, 1, 3, 0, 1, 1, null]",0.10104021818685105,"[3, 1, 1, 2, 0, 0, 1, null]",6fb7a04167
2,True,dynamic,1,long_rvos/6fb7a04167/12/5,"[2, null]",0.0,"[1, null]",6fb7a04167
4,True,dynamic,2,long_rvos/6fb7a04167/12/5,"[3, 2, 0, null]",-0.28971397517031683,"[1, 1, 0, null]",6fb7a04167
8,True,dynamic,3,long_rvos/6fb7a04167/12/5,"[3, 3, 1, 2, 4, 0, 0, null]",-0.04692632135814184,"[3, 1, 1, 1, 4, 0, 1, null]",6fb7a04167
2,True,static,1,long_rvos/6fb7a04167/12/6,"[0, null]",0.0,"[2, null]",6fb7a04167
4,True,static,3,long_rvos/6fb7a04167/12/6,"[0, 0, 1, null]",0.30533897517031683,"[3, 2, 0, null]",6fb7a04167
8,True,static,3,long_rvos/6fb7a04167/12/6,"[0, 0, 1, 0, 2, 1, 0, null]",-0.05299411364860118,"[0, 3, 1, 2, 2, 0, 0, null]",6fb7a04167
2,True,dynamic,1,long_rvos/6fb7a04167/12/7,"[2, null]",0.0,"[1, null]",6fb7a04167
4,True,dynamic,3,long_rvos/6fb7a04167/12/7,"[0, 2, 0, null]",0.08702106186471159,"[1, 1, 2, null]",6fb7a04167
8,True,dynamic,4,long_rvos/6fb7a04167/12/7,"[3, 0, 1, 2, 4, 0, 0, null]",-0.024161285300283608,"[3, 1, 1, 1, 4, 2, 1, null]",6fb7a04167
2,False,static,0,long_rvos/7bdbd4f32f/1/0,"[null, null]",0.0,"[null, null]",7bdbd4f32f
4,False,static,0,long_rvos/7bdbd4f32f/1/0,"[0, null, null, null]",0.0,"[0, null, null, null]",7bdbd4f32f
8,False,static,0,long_rvos/7bdbd4f32f/1/0,"[0, 0, 0, null, 0, null, null, null]",0.0,"[0, 0, 0, null, 0, null, null, null]",7bdbd4f32f
2,False,dynamic,0,long_rvos/7bdbd4f32f/1/1,"[null, 0]",0.0,"[null, 0]",7bdbd4f32f
4,False,dynamic,0,long_rvos/7bdbd4f32f/1/1,"[null, null, null, 0]",0.0,"[null, null, null, 0]",7bdbd4f32f
8,False,dynamic,0,long_rvos/7bdbd4f32f/1/1,"[null, null, null, null, null, null, null, 0]",0.0,"[null, null, null, null, null, null, null, 0]",7bdbd4f32f
2,False,hybrid,0,long_rvos/7bdbd4f32f/1/12,"[null, 0]",0.0,"[null, 0]",7bdbd4f32f
4,False,hybrid,0,long_rvos/7bdbd4f32f/1/12,"[null, null, null, 0]",0.0,"[null, null, null, 0]",7bdbd4f32f
8,False,hybrid,0,long_rvos/7bdbd4f32f/1/12,"[null, null, null, null, null, null, null, 0]",0.0,"[null, null, null, null, null, null, null, 0]",7bdbd4f32f
2,False,hybrid,0,long_rvos/7bdbd4f32f/1/13,"[null, 0]",0.0,"[null, 0]",7bdbd4f32f
4,False,hybrid,0,long_rvos/7bdbd4f32f/1/13,"[null, null, null, 0]",0.0,"[null, null, null, 0]",7bdbd4f32f
8,False,hybrid,0,long_rvos/7bdbd4f32f/1/13,"[null, null, null, null, null, null, null, 0]",0.0,"[null, null, null, null, null, null, null, 0]",7bdbd4f32f
2,False,static,0,long_rvos/7bdbd4f32f/1/2,"[null, null]",0.0,"[null, null]",7bdbd4f32f
4,False,static,0,long_rvos/7bdbd4f32f/1/2,"[0, null, null, null]",0.0,"[0, null, null, null]",7bdbd4f32f
8,False,static,0,long_rvos/7bdbd4f32f/1/2,"[0, 0, 0, null, 0, null, null, null]",0.0,"[0, 0, 0, null, 0, null, null, null]",7bdbd4f32f
2,False,dynamic,0,long_rvos/7bdbd4f32f/1/3,"[null, 0]",0.0,"[null, 0]",7bdbd4f32f
4,False,dynamic,0,long_rvos/7bdbd4f32f/1/3,"[null, null, null, 0]",0.0,"[null, null, null, 0]",7bdbd4f32f
8,False,dynamic,0,long_rvos/7bdbd4f32f/1/3,"[null, null, null, null, null, null, null, 0]",0.0,"[null, null, null, null, null, null, null, 0]",7bdbd4f32f
2,False,static,0,long_rvos/7caa203c75/2/2,"[0, 0]",0.0,"[0, 0]",7caa203c75
4,False,static,0,long_rvos/7caa203c75/2/2,"[null, 0, 0, 0]",0.0,"[null, 0, 0, 0]",7caa203c75
8,False,static,0,long_rvos/7caa203c75/2/2,"[null, null, 0, 0, 0, 0, null, 0]",0.0,"[null, null, 0, 0, 0, 0, null, 0]",7caa203c75
2,False,dynamic,0,long_rvos/7caa203c75/2/3,"[0, 0]",0.0,"[0, 0]",7caa203c75
4,False,dynamic,0,long_rvos/7caa203c75/2/3,"[null, 0, 0, 0]",0.0,"[null, 0, 0, 0]",7caa203c75
8,False,dynamic,0,long_rvos/7caa203c75/2/3,"[null, null, 0, 0, 0, 0, null, 0]",0.0,"[null, null, 0, 0, 0, 0, null, 0]",7caa203c75
2,False,hybrid,0,long_rvos/7caa203c75/2/5,"[0, 0]",0.0,"[0, 0]",7caa203c75
4,False,hybrid,0,long_rvos/7caa203c75/2/5,"[null, 0, 0, 0]",0.0,"[null, 0, 0, 0]",7caa203c75
8,False,hybrid,0,long_rvos/7caa203c75/2/5,"[null, null, 0, 0, 0, 0, null, 0]",0.0,"[null, null, 0, 0, 0, 0, null, 0]",7caa203c75
2,False,hybrid,0,long_rvos/8086f00d3d/2/10,"[0, 0]",0.0,"[0, 0]",8086f00d3d
4,False,hybrid,0,long_rvos/8086f00d3d/2/10,"[0, 0, 0, 0]",0.0,"[0, 0, 0, 0]",8086f00d3d
8,False,hybrid,0,long_rvos/8086f00d3d/2/10,"[0, 0, 0, 0, 0, 0, 0, 0]",0.0,"[0, 0, 0, 0, 0, 0, 0, 0]",8086f00d3d
2,False,hybrid,0,long_rvos/8086f00d3d/2/11,"[0, 0]",0.0,"[0, 0]",8086f00d3d
4,False,hybrid,0,long_rvos/8086f00d3d/2/11,"[0, 0, 0, 0]",0.0,"[0, 0, 0, 0]",8086f00d3d
8,False,hybrid,0,long_rvos/8086f00d3d/2/11,"[0, 0, 0, 0, 0, 0, 0, 0]",0.0,"[0, 0, 0, 0, 0, 0, 0, 0]",8086f00d3d
2,False,static,0,long_rvos/8086f00d3d/2/4,"[0, 0]",0.0,"[0, 0]",8086f00d3d
4,False,static,0,long_rvos/8086f00d3d/2/4,"[0, 0, 0, 0]",0.0,"[0, 0, 0, 0]",8086f00d3d
8,False,static,0,long_rvos/8086f00d3d/2/4,"[0, 0, 0, 0, 0, 0, 0, 0]",0.0,"[0, 0, 0, 0, 0, 0, 0, 0]",8086f00d3d
2,False,dynamic,0,long_rvos/8086f00d3d/2/5,"[null, 0]",0.0,"[null, 0]",8086f00d3d
4,False,dynamic,0,long_rvos/8086f00d3d/2/5,"[0, null, 0, 0]",0.0,"[0, null, 0, 0]",8086f00d3d
8,False,dynamic,0,long_rvos/8086f00d3d/2/5,"[null, 0, 0, null, 0, 0, 0, 0]",0.0,"[null, 0, 0, null, 0, 0, 0, 0]",8086f00d3d
2,False,static,0,long_rvos/8086f00d3d/2/6,"[0, 0]",0.0,"[0, 0]",8086f00d3d
4,False,static,0,long_rvos/8086f00d3d/2/6,"[0, 0, 0, 0]",0.0,"[0, 0, 0, 0]",8086f00d3d
8,False,static,0,long_rvos/8086f00d3d/2/6,"[0, 0, 0, 0, 0, 0, 0, 0]",0.0,"[0, 0, 0, 0, 0, 0, 0, 0]",8086f00d3d
2,False,dynamic,0,long_rvos/8086f00d3d/2/7,"[0, 0]",0.0,"[0, 0]",8086f00d3d
4,False,dynamic,0,long_rvos/8086f00d3d/2/7,"[0, 0, 0, 0]",0.0,"[0, 0, 0, 0]",8086f00d3d
8,False,dynamic,0,long_rvos/8086f00d3d/2/7,"[0, 0, 0, 0, 0, 0, 0, 0]",0.0,"[0, 0, 0, 0, 0, 0, 0, 0]",8086f00d3d
2,True,hybrid,1,long_rvos/8093ebd9a3/3/14,"[1, 1]",0.14628971017667483,"[1, 0]",8093ebd9a3
4,True,hybrid,1,long_rvos/8093ebd9a3/3/14,"[null, 1, 0, 1]",0.013786707610487864,"[null, 1, 0, 0]",8093ebd9a3
8,True,hybrid,2,long_rvos/8093ebd9a3/3/14,"[null, null, null, 1, 0, 0, 1, 1]",0.08403050034265366,"[null, null, null, 1, 0, 0, 0, 0]",8093ebd9a3
2,False,static,0,long_rvos/8093ebd9a3/3/8,"[1, 1]",0.0,"[1, 1]",8093ebd9a3
4,False,static,0,long_rvos/8093ebd9a3/3/8,"[null, 1, 0, 1]",0.0,"[null, 1, 0, 1]",8093ebd9a3
8,True,static,1,long_rvos/8093ebd9a3/3/8,"[null, null, null, 1, 0, 0, 1, 1]",0.0010588014336659068,"[null, null, null, 1, 0, 0, 0, 1]",8093ebd9a3
2,True,dynamic,1,long_rvos/8093ebd9a3/3/9,"[1, 1]",0.1463792139297005,"[1, 0]",8093ebd9a3
4,True,dynamic,1,long_rvos/8093ebd9a3/3/9,"[null, 1, 0, 1]",0.013828315621701698,"[null, 1, 0, 0]",8093ebd9a3
8,True,dynamic,2,long_rvos/8093ebd9a3/3/9,"[null, null, null, 1, 0, 0, 1, 1]",0.08404449877100542,"[null, null, null, 1, 0, 0, 0, 0]",8093ebd9a3
2,False,static,0,long_rvos/8290c48fcb/9/16,"[0, null]",0.0,"[0, null]",8290c48fcb
4,False,static,0,long_rvos/8290c48fcb/9/16,"[0, 0, 0, null]",0.0,"[0, 0, 0, null]",8290c48fcb
8,False,static,0,long_rvos/8290c48fcb/9/16,"[null, 0, 0, 0, 0, 0, 0, null]",0.0,"[null, 0, 0, 0, 0, 0, 0, null]",8290c48fcb
2,False,dynamic,0,long_rvos/8290c48fcb/9/17,"[0, null]",0.0,"[0, null]",8290c48fcb
4,False,dynamic,0,long_rvos/8290c48fcb/9/17,"[0, 0, 0, null]",0.0,"[0, 0, 0, null]",8290c48fcb
8,False,dynamic,0,long_rvos/8290c48fcb/9/17,"[null, 0, 0, 0, 0, 0, 0, null]",0.0,"[null, 0, 0, 0, 0, 0, 0, null]",8290c48fcb
2,False,hybrid,0,long_rvos/8290c48fcb/9/25,"[0, null]",0.0,"[0, null]",8290c48fcb
4,False,hybrid,0,long_rvos/8290c48fcb/9/25,"[0, 0, 0, null]",0.0,"[0, 0, 0, null]",8290c48fcb
8,False,hybrid,0,long_rvos/8290c48fcb/9/25,"[null, 0, 0, 0, 0, 0, 0, null]",0.0,"[null, 0, 0, 0, 0, 0, 0, null]",8290c48fcb
2,True,static,1,long_rvos/84dc481247/3/10,"[0, 1]",-0.3437406884372216,"[0, 0]",84dc481247
4,True,static,2,long_rvos/84dc481247/3/10,"[2, 0, 0, 1]",-0.06261410725956479,"[1, 0, 0, 0]",84dc481247
8,True,static,2,long_rvos/84dc481247/3/10,"[0, 2, 1, 0, 0, 0, 0, 1]",0.16497806074789922,"[0, 1, 1, 0, 0, 0, 0, 0]",84dc481247
2,False,hybrid,0,long_rvos/84dc481247/3/15,"[null, null]",0.0,"[null, null]",84dc481247
4,False,hybrid,0,long_rvos/84dc481247/3/15,"[null, null, null, null]",0.0,"[null, null, null, null]",84dc481247
8,False,hybrid,0,long_rvos/84dc481247/3/15,"[null, null, null, null, null, null, null, null]",0.0,"[null, null, null, null, null, null, null, null]",84dc481247
2,False,static,0,long_rvos/84dc481247/3/8,"[null, null]",0.0,"[null, null]",84dc481247
4,False,static,0,long_rvos/84dc481247/3/8,"[null, null, null, null]",0.0,"[null, null, null, null]",84dc481247
8,False,static,0,long_rvos/84dc481247/3/8,"[null, null, null, null, null, null, null, null]",0.0,"[null, null, null, null, null, null, null, null]",84dc481247
2,True,dynamic,1,long_rvos/84dc481247/3/9,"[1, 0]",-0.21875,"[2, 0]",84dc481247
4,True,dynamic,2,long_rvos/84dc481247/3/9,"[2, 1, 0, 0]",0.1406008251676122,"[0, 2, 0, 0]",84dc481247
8,True,dynamic,2,long_rvos/84dc481247/3/9,"[0, 2, 0, 1, 0, 0, 0, 0]",0.16692894688431412,"[0, 0, 0, 2, 0, 0, 0, 0]",84dc481247
2,False,static,0,long_rvos/882e8c62d3/2/2,"[0, 0]",0.0,"[0, 0]",882e8c62d3
4,False,static,0,long_rvos/882e8c62d3/2/2,"[null, 0, 0, 0]",0.0,"[null, 0, 0, 0]",882e8c62d3
8,False,static,0,long_rvos/882e8c62d3/2/2,"[0, null, null, 0, 0, 0, 0, 0]",0.0,"[0, null, null, 0, 0, 0, 0, 0]",882e8c62d3
2,True,dynamic,1,long_rvos/882e8c62d3/2/3,"[1, 0]",-0.06321491772549298,"[0, 0]",882e8c62d3
4,True,dynamic,1,long_rvos/882e8c62d3/2/3,"[null, 1, 1, 0]",-0.10924494570103449,"[null, 0, 1, 0]",882e8c62d3
8,True,dynamic,1,long_rvos/882e8c62d3/2/3,"[0, null, 0, 1, 0, 1, 0, 0]",-0.05794742606650399,"[0, null, 0, 0, 0, 1, 0, 0]",882e8c62d3
2,False,hybrid,0,long_rvos/882e8c62d3/2/7,"[0, 0]",0.0,"[0, 0]",882e8c62d3
4,False,hybrid,0,long_rvos/882e8c62d3/2/7,"[null, 0, 0, 0]",0.0,"[null, 0, 0, 0]",882e8c62d3
8,False,hybrid,0,long_rvos/882e8c62d3/2/7,"[0, null, null, 0, 0, 0, 0, 0]",0.0,"[0, null, null, 0, 0, 0, 0, 0]",882e8c62d3
2,True,static,1,long_rvos/8847e5550e/2/2,"[5, 4]",-0.20321454918666418,"[5, 3]",8847e5550e
4,True,static,2,long_rvos/8847e5550e/2/2,"[2, 5, 0, 4]",-0.1874724575453528,"[2, 5, 4, 3]",8847e5550e
8,True,static,4,long_rvos/8847e5550e/2/2,"[0, 2, 2, 5, 4, 0, 0, 4]",-0.06250571062624388,"[0, 2, 2, 5, 5, 4, 2, 3]",8847e5550e
2,True,dynamic,2,long_rvos/8847e5550e/2/3,"[3, 4]",-0.1570145783992731,"[5, 3]",8847e5550e
4,True,dynamic,2,long_rvos/8847e5550e/2/3,"[2, 3, 4, 4]",-0.09199882847015994,"[2, 5, 4, 3]",8847e5550e
8,True,dynamic,4,long_rvos/8847e5550e/2/3,"[0, 2, 2, 3, 0, 4, 1, 4]",0.01999130148050926,"[0, 2, 2, 5, 3, 4, 4, 3]",8847e5550e
2,True,hybrid,2,long_rvos/8847e5550e/2/5,"[3, 0]",0.21779586744871465,"[4, 7]",8847e5550e
4,True,hybrid,3,long_rvos/8847e5550e/2/5,"[3, 3, 0, 0]",0.08589275237912716,"[3, 4, 4, 7]",8847e5550e
8,True,hybrid,4,long_rvos/8847e5550e/2/5,"[2, 3, 1, 3, 2, 0, 0, 0]",-0.07843053885196899,"[2, 3, 1, 4, 3, 4, 0, 7]",8847e5550e
2,False,static,0,long_rvos/8b0e20e373/1/0,"[null, null]",0.0,"[null, null]",8b0e20e373
4,False,static,0,long_rvos/8b0e20e373/1/0,"[0, null, null, null]",0.0,"[0, null, null, null]",8b0e20e373
8,False,static,0,long_rvos/8b0e20e373/1/0,"[0, 0, 0, null, null, null, null, null]",0.0,"[0, 0, 0, null, null, null, null, null]",8b0e20e373
2,False,dynamic,0,long_rvos/8b0e20e373/1/1,"[null, null]",0.0,"[null, null]",8b0e20e373
4,False,dynamic,0,long_rvos/8b0e20e373/1/1,"[0, null, null, null]",0.0,"[0, null, null, null]",8b0e20e373
8,False,dynamic,0,long_rvos/8b0e20e373/1/1,"[0, 0, 0, null, null, null, null, null]",0.0,"[0, 0, 0, null, null, null, null, null]",8b0e20e373
2,False,hybrid,0,long_rvos/8b0e20e373/1/5,"[null, null]",0.0,"[null, null]",8b0e20e373
4,False,hybrid,0,long_rvos/8b0e20e373/1/5,"[0, null, null, null]",0.0,"[0, null, null, null]",8b0e20e373
8,False,hybrid,0,long_rvos/8b0e20e373/1/5,"[0, 0, 0, null, null, null, null, null]",0.0,"[0, 0, 0, null, null, null, null, null]",8b0e20e373
2,False,hybrid,0,long_rvos/8b0e20e373/1/6,"[null, null]",0.0,"[null, null]",8b0e20e373
4,False,hybrid,0,long_rvos/8b0e20e373/1/6,"[0, null, null, null]",0.0,"[0, null, null, null]",8b0e20e373
8,False,hybrid,0,long_rvos/8b0e20e373/1/6,"[0, 0, 0, null, null, null, null, null]",0.0,"[0, 0, 0, null, null, null, null, null]",8b0e20e373
2,False,static,0,long_rvos/939b6aed6d/7/24,"[0, 1]",0.0,"[0, 1]",939b6aed6d
4,False,static,0,long_rvos/939b6aed6d/7/24,"[1, 0, 2, 1]",0.0,"[1, 0, 2, 1]",939b6aed6d
8,False,static,0,long_rvos/939b6aed6d/7/24,"[null, 1, 0, 0, 3, 2, 2, 1]",0.0,"[null, 1, 0, 0, 3, 2, 2, 1]",939b6aed6d
2,False,static,0,long_rvos/939b6aed6d/7/25,"[null, null]",0.0,"[null, null]",939b6aed6d
4,False,static,0,long_rvos/939b6aed6d/7/25,"[null, null, null, null]",0.0,"[null, null, null, null]",939b6aed6d
8,False,static,0,long_rvos/939b6aed6d/7/25,"[null, null, null, null, null, null, null, null]",0.0,"[null, null, null, null, null, null, null, null]",939b6aed6d
2,True,dynamic,1,long_rvos/939b6aed6d/7/26,"[0, 0]",0.006306237771525058,"[0, 1]",939b6aed6d
4,True,dynamic,1,long_rvos/939b6aed6d/7/26,"[1, 0, 2, 0]",0.15014332727317273,"[1, 0, 2, 1]",939b6aed6d
8,True,dynamic,1,long_rvos/939b6aed6d/7/26,"[null, 1, 0, 0, 3, 2, 2, 0]",0.05615689732317347,"[null, 1, 0, 0, 3, 2, 2, 1]",939b6aed6d
2,True,hybrid,1,long_rvos/939b6aed6d/7/33,"[0, 1]",-0.006306237771525058,"[0, 0]",939b6aed6d
4,True,hybrid,3,long_rvos/939b6aed6d/7/33,"[0, 0, 2, 1]",-0.04596286830461763,"[1, 0, 0, 0]",939b6aed6d
8,True,hybrid,3,long_rvos/939b6aed6d/7/33,"[null, 0, 0, 0, 0, 2, 0, 1]",0.008355122745585142,"[null, 1, 0, 0, 0, 0, 0, 0]",939b6aed6d
2,False,static,0,long_rvos/976257d833/1/0,"[0, 0]",0.0,"[0, 0]",976257d833
4,False,static,0,long_rvos/976257d833/1/0,"[0, 0, 0, 0]",0.0,"[0, 0, 0, 0]",976257d833
8,False,static,0,long_rvos/976257d833/1/0,"[0, 0, 0, 0, 0, 0, 0, 0]",0.0,"[0, 0, 0, 0, 0, 0, 0, 0]",976257d833
2,False,dynamic,0,long_rvos/976257d833/1/1,"[0, 0]",0.0,"[0, 0]",976257d833
4,False,dynamic,0,long_rvos/976257d833/1/1,"[0, 0, 0, 0]",0.0,"[0, 0, 0, 0]",976257d833
8,False,dynamic,0,long_rvos/976257d833/1/1,"[0, 0, 0, 0, 0, 0, 0, 0]",0.0,"[0, 0, 0, 0, 0, 0, 0, 0]",976257d833
2,False,static,0,long_rvos/976257d833/1/2,"[0, 0]",0.0,"[0, 0]",976257d833
4,False,static,0,long_rvos/976257d833/1/2,"[0, 0, 0, 0]",0.0,"[0, 0, 0, 0]",976257d833
8,False,static,0,long_rvos/976257d833/1/2,"[0, 0, 0, 0, 0, 0, 0, 0]",0.0,"[0, 0, 0, 0, 0, 0, 0, 0]",976257d833
2,False,dynamic,0,long_rvos/976257d833/1/3,"[0, 0]",0.0,"[0, 0]",976257d833
4,False,dynamic,0,long_rvos/976257d833/1/3,"[0, 0, 0, 0]",0.0,"[0, 0, 0, 0]",976257d833
8,False,dynamic,0,long_rvos/976257d833/1/3,"[0, 0, 0, 0, 0, 0, 0, 0]",0.0,"[0, 0, 0, 0, 0, 0, 0, 0]",976257d833
2,False,hybrid,0,long_rvos/976257d833/1/8,"[0, 0]",0.0,"[0, 0]",976257d833
4,False,hybrid,0,long_rvos/976257d833/1/8,"[0, 0, 0, 0]",0.0,"[0, 0, 0, 0]",976257d833
8,False,hybrid,0,long_rvos/976257d833/1/8,"[0, 0, 0, 0, 0, 0, 0, 0]",0.0,"[0, 0, 0, 0, 0, 0, 0, 0]",976257d833
2,False,hybrid,0,long_rvos/976257d833/1/9,"[0, 0]",0.0,"[0, 0]",976257d833
4,True,hybrid,1,long_rvos/976257d833/1/9,"[0, 0, 1, 0]",0.032703675457692705,"[0, 0, 0, 0]",976257d833
8,True,hybrid,1,long_rvos/976257d833/1/9,"[0, 0, 0, 0, 0, 1, 0, 0]",0.034624113655971844,"[0, 0, 0, 0, 0, 0, 0, 0]",976257d833
2,False,static,0,long_rvos/9bc92f09e0/1/0,"[null, null]",0.0,"[null, null]",9bc92f09e0
4,False,static,0,long_rvos/9bc92f09e0/1/0,"[null, null, 0, null]",0.0,"[null, null, 0, null]",9bc92f09e0
8,False,static,0,long_rvos/9bc92f09e0/1/0,"[null, null, null, null, null, 0, null, null]",0.0,"[null, null, null, null, null, 0, null, null]",9bc92f09e0
2,False,dynamic,0,long_rvos/9bc92f09e0/1/1,"[null, null]",0.0,"[null, null]",9bc92f09e0
4,False,dynamic,0,long_rvos/9bc92f09e0/1/1,"[null, null, 0, null]",0.0,"[null, null, 0, null]",9bc92f09e0
8,False,dynamic,0,long_rvos/9bc92f09e0/1/1,"[null, null, null, null, null, 0, null, null]",0.0,"[null, null, null, null, null, 0, null, null]",9bc92f09e0
2,True,static,1,long_rvos/9bc92f09e0/1/2,"[0, 0]",0.01606776383195635,"[0, 1]",9bc92f09e0
4,True,static,1,long_rvos/9bc92f09e0/1/2,"[0, 0, 0, 0]",0.04434275577560559,"[0, 0, 0, 1]",9bc92f09e0
8,True,static,1,long_rvos/9bc92f09e0/1/2,"[0, 0, null, 0, 0, 0, 0, 0]",0.0,"[0, 0, null, 0, 0, 0, 0, 1]",9bc92f09e0
2,False,dynamic,0,long_rvos/9bc92f09e0/1/3,"[0, 1]",0.0,"[0, 1]",9bc92f09e0
4,False,dynamic,0,long_rvos/9bc92f09e0/1/3,"[0, 0, 0, 1]",0.0,"[0, 0, 0, 1]",9bc92f09e0
8,False,dynamic,0,long_rvos/9bc92f09e0/1/3,"[0, 0, null, 0, 0, 0, 0, 1]",0.0,"[0, 0, null, 0, 0, 0, 0, 1]",9bc92f09e0
2,False,hybrid,0,long_rvos/9bc92f09e0/1/8,"[null, null]",0.0,"[null, null]",9bc92f09e0
4,False,hybrid,0,long_rvos/9bc92f09e0/1/8,"[0, null, 0, null]",0.0,"[0, null, 0, null]",9bc92f09e0
8,False,hybrid,0,long_rvos/9bc92f09e0/1/8,"[1, 0, null, null, null, 0, null, null]",0.0,"[1, 0, null, null, null, 0, null, null]",9bc92f09e0
2,False,hybrid,0,long_rvos/9c1297ecd3/2/10,"[0, 0]",0.0,"[0, 0]",9c1297ecd3
4,True,hybrid,1,long_rvos/9c1297ecd3/2/10,"[0, 0, 1, 0]",-0.027628647158672748,"[0, 0, 0, 0]",9c1297ecd3
8,True,hybrid,3,long_rvos/9c1297ecd3/2/10,"[0, 0, 0, 0, 0, 1, 1, 0]",-0.24324557712167283,"[0, 0, 0, 0, 1, 0, 0, 0]",9c1297ecd3
2,False,hybrid,0,long_rvos/9c1297ecd3/2/11,"[0, 0]",0.0,"[0, 0]",9c1297ecd3
4,True,hybrid,1,long_rvos/9c1297ecd3/2/11,"[0, 0, 1, 0]",-0.027628647158672748,"[0, 0, 0, 0]",9c1297ecd3
8,True,hybrid,3,long_rvos/9c1297ecd3/2/11,"[0, 0, 0, 0, 0, 1, 1, 0]",-0.24324557712167283,"[0, 0, 0, 0, 1, 0, 0, 0]",9c1297ecd3
2,False,static,0,long_rvos/9c1297ecd3/2/4,"[0, 0]",0.0,"[0, 0]",9c1297ecd3
4,True,static,1,long_rvos/9c1297ecd3/2/4,"[0, 0, 1, 0]",-0.027628647158672748,"[0, 0, 0, 0]",9c1297ecd3
8,True,static,3,long_rvos/9c1297ecd3/2/4,"[0, 0, 0, 0, 0, 1, 1, 0]",-0.24324557712167283,"[0, 0, 0, 0, 1, 0, 0, 0]",9c1297ecd3
2,False,dynamic,0,long_rvos/9c1297ecd3/2/5,"[1, 0]",0.0,"[1, 0]",9c1297ecd3
4,True,dynamic,1,long_rvos/9c1297ecd3/2/5,"[1, 1, 0, 0]",0.32974265567041466,"[0, 1, 0, 0]",9c1297ecd3
8,True,dynamic,1,long_rvos/9c1297ecd3/2/5,"[0, 1, 0, 1, 0, 0, 1, 0]",0.3661822304071656,"[0, 0, 0, 1, 0, 0, 1, 0]",9c1297ecd3
2,False,static,0,long_rvos/9c1297ecd3/2/6,"[0, 0]",0.0,"[0, 0]",9c1297ecd3
4,True,static,1,long_rvos/9c1297ecd3/2/6,"[0, 0, 1, 0]",-0.027628647158672748,"[0, 0, 0, 0]",9c1297ecd3
8,True,static,3,long_rvos/9c1297ecd3/2/6,"[0, 0, 0, 0, 0, 1, 1, 0]",-0.24324557712167283,"[0, 0, 0, 0, 1, 0, 0, 0]",9c1297ecd3
2,False,dynamic,0,long_rvos/9c1297ecd3/2/7,"[1, 0]",0.0,"[1, 0]",9c1297ecd3
4,True,dynamic,1,long_rvos/9c1297ecd3/2/7,"[1, 1, 0, 0]",0.32974265567041466,"[0, 1, 0, 0]",9c1297ecd3
8,True,dynamic,2,long_rvos/9c1297ecd3/2/7,"[0, 1, 0, 1, 0, 0, 0, 0]",0.17476786203033168,"[0, 0, 0, 1, 1, 0, 0, 0]",9c1297ecd3
2,False,static,0,long_rvos/a3f2b5d434/2/10,"[0, 0]",0.0,"[0, 0]",a3f2b5d434
4,False,static,0,long_rvos/a3f2b5d434/2/10,"[0, 0, 0, 0]",0.0,"[0, 0, 0, 0]",a3f2b5d434
8,False,static,0,long_rvos/a3f2b5d434/2/10,"[null, 0, 0, 0, null, 0, 0, 0]",0.0,"[null, 0, 0, 0, null, 0, 0, 0]",a3f2b5d434
2,False,dynamic,0,long_rvos/a3f2b5d434/2/11,"[1, 1]",0.0,"[1, 1]",a3f2b5d434
4,False,dynamic,0,long_rvos/a3f2b5d434/2/11,"[0, 1, 1, 1]",0.0,"[0, 1, 1, 1]",a3f2b5d434
8,False,dynamic,0,long_rvos/a3f2b5d434/2/11,"[1, 0, 2, 1, 1, 1, 2, 1]",0.0,"[1, 0, 2, 1, 1, 1, 2, 1]",a3f2b5d434
2,False,hybrid,0,long_rvos/a3f2b5d434/2/15,"[0, 0]",0.0,"[0, 0]",a3f2b5d434
4,False,hybrid,0,long_rvos/a3f2b5d434/2/15,"[0, 0, 0, 0]",0.0,"[0, 0, 0, 0]",a3f2b5d434
8,False,hybrid,0,long_rvos/a3f2b5d434/2/15,"[null, 0, 0, 0, null, 0, 0, 0]",0.0,"[null, 0, 0, 0, null, 0, 0, 0]",a3f2b5d434
2,False,hybrid,0,long_rvos/a3f2b5d434/2/16,"[null, null]",0.0,"[null, null]",a3f2b5d434
4,False,hybrid,0,long_rvos/a3f2b5d434/2/16,"[null, null, null, null]",0.0,"[null, null, null, null]",a3f2b5d434
8,False,hybrid,0,long_rvos/a3f2b5d434/2/16,"[null, null, null, null, null, null, null, null]",0.0,"[null, null, null, null, null, null, null, null]",a3f2b5d434
2,False,hybrid,0,long_rvos/a3f2b5d434/2/17,"[0, 0]",0.0,"[0, 0]",a3f2b5d434
4,False,hybrid,0,long_rvos/a3f2b5d434/2/17,"[0, 0, 0, 0]",0.0,"[0, 0, 0, 0]",a3f2b5d434
8,False,hybrid,0,long_rvos/a3f2b5d434/2/17,"[null, 0, 0, 0, null, 0, 0, 0]",0.0,"[null, 0, 0, 0, null, 0, 0, 0]",a3f2b5d434
2,False,static,0,long_rvos/a3f2b5d434/2/6,"[0, 0]",0.0,"[0, 0]",a3f2b5d434
4,False,static,0,long_rvos/a3f2b5d434/2/6,"[0, 0, 0, 0]",0.0,"[0, 0, 0, 0]",a3f2b5d434
8,False,static,0,long_rvos/a3f2b5d434/2/6,"[null, 0, 0, 0, null, 0, 0, 0]",0.0,"[null, 0, 0, 0, null, 0, 0, 0]",a3f2b5d434
2,False,dynamic,0,long_rvos/a3f2b5d434/2/7,"[1, 1]",0.0,"[1, 1]",a3f2b5d434
4,False,dynamic,0,long_rvos/a3f2b5d434/2/7,"[0, 1, 1, 1]",0.0,"[0, 1, 1, 1]",a3f2b5d434
8,False,dynamic,0,long_rvos/a3f2b5d434/2/7,"[1, 0, 2, 1, 1, 1, 2, 1]",0.0,"[1, 0, 2, 1, 1, 1, 2, 1]",a3f2b5d434
2,False,static,0,long_rvos/a3f2b5d434/2/8,"[0, 1]",0.0,"[0, 1]",a3f2b5d434
4,False,static,0,long_rvos/a3f2b5d434/2/8,"[0, 0, 1, 1]",0.0,"[0, 0, 1, 1]",a3f2b5d434
8,False,static,0,long_rvos/a3f2b5d434/2/8,"[0, 0, 0, 0, 0, 1, 1, 1]",0.0,"[0, 0, 0, 0, 0, 1, 1, 1]",a3f2b5d434
2,False,dynamic,0,long_rvos/a3f2b5d434/2/9,"[1, 1]",0.0,"[1, 1]",a3f2b5d434
4,False,dynamic,0,long_rvos/a3f2b5d434/2/9,"[0, 1, 1, 1]",0.0,"[0, 1, 1, 1]",a3f2b5d434
8,False,dynamic,0,long_rvos/a3f2b5d434/2/9,"[1, 0, 2, 1, 1, 1, 2, 1]",0.0,"[1, 0, 2, 1, 1, 1, 2, 1]",a3f2b5d434
2,False,static,0,long_rvos/a500f0e77c/1/0,"[0, 0]",0.0,"[0, 0]",a500f0e77c
4,False,static,0,long_rvos/a500f0e77c/1/0,"[0, 0, 0, 0]",0.0,"[0, 0, 0, 0]",a500f0e77c
8,False,static,0,long_rvos/a500f0e77c/1/0,"[0, 0, 0, 0, 0, 0, 0, 0]",0.0,"[0, 0, 0, 0, 0, 0, 0, 0]",a500f0e77c
2,False,dynamic,0,long_rvos/a500f0e77c/1/1,"[0, 0]",0.0,"[0, 0]",a500f0e77c
4,False,dynamic,0,long_rvos/a500f0e77c/1/1,"[0, 0, 0, 0]",0.0,"[0, 0, 0, 0]",a500f0e77c
8,False,dynamic,0,long_rvos/a500f0e77c/1/1,"[0, 0, 0, 0, 0, 0, 0, 0]",0.0,"[0, 0, 0, 0, 0, 0, 0, 0]",a500f0e77c
2,False,hybrid,0,long_rvos/a500f0e77c/1/4,"[0, 0]",0.0,"[0, 0]",a500f0e77c
4,False,hybrid,0,long_rvos/a500f0e77c/1/4,"[0, 0, 0, 0]",0.0,"[0, 0, 0, 0]",a500f0e77c
8,False,hybrid,0,long_rvos/a500f0e77c/1/4,"[0, 0, 0, 0, 0, 0, 0, 0]",0.0,"[0, 0, 0, 0, 0, 0, 0, 0]",a500f0e77c
2,False,static,0,long_rvos/a595411232/3/10,"[null, null]",0.0,"[null, null]",a595411232
4,False,static,0,long_rvos/a595411232/3/10,"[null, null, null, null]",0.0,"[null, null, null, null]",a595411232
8,False,static,0,long_rvos/a595411232/3/10,"[0, null, null, null, 0, null, null, null]",0.0,"[0, null, null, null, 0, null, null, null]",a595411232
2,False,dynamic,0,long_rvos/a595411232/3/11,"[null, null]",0.0,"[null, null]",a595411232
4,False,dynamic,0,long_rvos/a595411232/3/11,"[null, null, null, null]",0.0,"[null, null, null, null]",a595411232
8,False,dynamic,0,long_rvos/a595411232/3/11,"[0, null, null, null, 0, null, null, null]",0.0,"[0, null, null, null, 0, null, null, null]",a595411232
2,False,hybrid,0,long_rvos/a595411232/3/20,"[null, null]",0.0,"[null, null]",a595411232
4,False,hybrid,0,long_rvos/a595411232/3/20,"[null, null, null, null]",0.0,"[null, null, null, null]",a595411232
8,False,hybrid,0,long_rvos/a595411232/3/20,"[0, null, null, null, 0, null, null, null]",0.0,"[0, null, null, null, 0, null, null, null]",a595411232
2,False,hybrid,0,long_rvos/a595411232/3/21,"[null, null]",0.0,"[null, null]",a595411232
4,False,hybrid,0,long_rvos/a595411232/3/21,"[null, null, null, null]",0.0,"[null, null, null, null]",a595411232
8,False,hybrid,0,long_rvos/a595411232/3/21,"[0, null, null, null, 0, null, null, null]",0.0,"[0, null, null, null, 0, null, null, null]",a595411232
2,False,static,0,long_rvos/a595411232/3/8,"[null, null]",0.0,"[null, null]",a595411232
4,False,static,0,long_rvos/a595411232/3/8,"[null, null, null, null]",0.0,"[null, null, null, null]",a595411232
8,False,static,0,long_rvos/a595411232/3/8,"[0, null, null, null, 0, null, null, null]",0.0,"[0, null, null, null, 0, null, null, null]",a595411232
2,False,dynamic,0,long_rvos/a595411232/3/9,"[null, null]",0.0,"[null, null]",a595411232
4,False,dynamic,0,long_rvos/a595411232/3/9,"[null, null, null, null]",0.0,"[null, null, null, null]",a595411232
8,False,dynamic,0,long_rvos/a595411232/3/9,"[0, null, null, null, 0, null, null, null]",0.0,"[0, null, null, null, 0, null, null, null]",a595411232
2,False,hybrid,0,long_rvos/a8b6fd5e4d/2/10,"[0, null]",0.0,"[0, null]",a8b6fd5e4d
4,False,hybrid,0,long_rvos/a8b6fd5e4d/2/10,"[null, 0, null, null]",0.0,"[null, 0, null, null]",a8b6fd5e4d
8,False,hybrid,0,long_rvos/a8b6fd5e4d/2/10,"[0, null, 0, 0, null, null, null, null]",0.0,"[0, null, 0, 0, null, null, null, null]",a8b6fd5e4d
2,False,hybrid,0,long_rvos/a8b6fd5e4d/2/11,"[0, null]",0.0,"[0, null]",a8b6fd5e4d
4,False,hybrid,0,long_rvos/a8b6fd5e4d/2/11,"[0, 0, 0, null]",0.0,"[0, 0, 0, null]",a8b6fd5e4d
8,False,hybrid,0,long_rvos/a8b6fd5e4d/2/11,"[0, 0, 0, 0, 0, 0, null, null]",0.0,"[0, 0, 0, 0, 0, 0, null, null]",a8b6fd5e4d
2,False,static,0,long_rvos/a8b6fd5e4d/2/4,"[0, null]",0.0,"[0, null]",a8b6fd5e4d
4,False,static,0,long_rvos/a8b6fd5e4d/2/4,"[0, 0, 0, null]",0.0,"[0, 0, 0, null]",a8b6fd5e4d
8,False,static,0,long_rvos/a8b6fd5e4d/2/4,"[0, 0, 0, 0, 0, 0, null, null]",0.0,"[0, 0, 0, 0, 0, 0, null, null]",a8b6fd5e4d
2,False,dynamic,0,long_rvos/a8b6fd5e4d/2/5,"[0, null]",0.0,"[0, null]",a8b6fd5e4d
4,False,dynamic,0,long_rvos/a8b6fd5e4d/2/5,"[null, 0, null, null]",0.0,"[null, 0, null, null]",a8b6fd5e4d
8,False,dynamic,0,long_rvos/a8b6fd5e4d/2/5,"[0, null, 0, 0, null, null, null, null]",0.0,"[0, null, 0, 0, null, null, null, null]",a8b6fd5e4d
2,False,static,0,long_rvos/a8b6fd5e4d/2/6,"[null, null]",0.0,"[null, null]",a8b6fd5e4d
4,False,static,0,long_rvos/a8b6fd5e4d/2/6,"[null, null, null, null]",0.0,"[null, null, null, null]",a8b6fd5e4d
8,False,static,0,long_rvos/a8b6fd5e4d/2/6,"[null, null, null, null, null, null, null, null]",0.0,"[null, null, null, null, null, null, null, null]",a8b6fd5e4d
2,False,dynamic,0,long_rvos/a8b6fd5e4d/2/7,"[0, null]",0.0,"[0, null]",a8b6fd5e4d
4,False,dynamic,0,long_rvos/a8b6fd5e4d/2/7,"[0, 0, 0, null]",0.0,"[0, 0, 0, null]",a8b6fd5e4d
8,False,dynamic,0,long_rvos/a8b6fd5e4d/2/7,"[0, 0, 0, 0, 0, 0, null, null]",0.0,"[0, 0, 0, 0, 0, 0, null, null]",a8b6fd5e4d
2,False,hybrid,0,long_rvos/af3ad95fe0/5/16,"[0, 0]",0.0,"[0, 0]",af3ad95fe0
4,True,hybrid,1,long_rvos/af3ad95fe0/5/16,"[0, 0, 0, 0]",0.00411216445308879,"[0, 0, 1, 0]",af3ad95fe0
8,True,hybrid,1,long_rvos/af3ad95fe0/5/16,"[0, 0, 0, 0, 0, 0, 0, 0]",-0.00039102777905053454,"[0, 0, 0, 0, 0, 1, 0, 0]",af3ad95fe0
2,False,static,0,long_rvos/af3ad95fe0/5/8,"[null, null]",0.0,"[null, null]",af3ad95fe0
4,False,static,0,long_rvos/af3ad95fe0/5/8,"[null, null, 0, null]",0.0,"[null, null, 0, null]",af3ad95fe0
8,False,static,0,long_rvos/af3ad95fe0/5/8,"[null, null, null, null, null, 0, null, null]",0.0,"[null, null, null, null, null, 0, null, null]",af3ad95fe0
2,False,dynamic,0,long_rvos/af3ad95fe0/5/9,"[null, null]",0.0,"[null, null]",af3ad95fe0
4,False,dynamic,0,long_rvos/af3ad95fe0/5/9,"[null, null, 0, null]",0.0,"[null, null, 0, null]",af3ad95fe0
8,False,dynamic,0,long_rvos/af3ad95fe0/5/9,"[null, null, null, null, null, 0, null, null]",0.0,"[null, null, null, null, null, 0, null, null]",af3ad95fe0
2,False,static,0,long_rvos/af7297f0db/1/0,"[0, null]",0.0,"[0, null]",af7297f0db
4,False,static,0,long_rvos/af7297f0db/1/0,"[null, 0, 0, null]",0.0,"[null, 0, 0, null]",af7297f0db
8,False,static,0,long_rvos/af7297f0db/1/0,"[null, null, null, 0, null, 0, 0, null]",0.0,"[null, null, null, 0, null, 0, 0, null]",af7297f0db
2,False,dynamic,0,long_rvos/af7297f0db/1/1,"[0, null]",0.0,"[0, null]",af7297f0db
4,False,dynamic,0,long_rvos/af7297f0db/1/1,"[null, 0, 0, null]",0.0,"[null, 0, 0, null]",af7297f0db
8,False,dynamic,0,long_rvos/af7297f0db/1/1,"[null, null, null, 0, null, 0, 0, null]",0.0,"[null, null, null, 0, null, 0, 0, null]",af7297f0db
2,False,hybrid,0,long_rvos/af7297f0db/1/6,"[0, null]",0.0,"[0, null]",af7297f0db
4,False,hybrid,0,long_rvos/af7297f0db/1/6,"[null, 0, 0, null]",0.0,"[null, 0, 0, null]",af7297f0db
8,False,hybrid,0,long_rvos/af7297f0db/1/6,"[null, null, null, 0, null, 0, 0, null]",0.0,"[null, null, null, 0, null, 0, 0, null]",af7297f0db
2,False,static,0,long_rvos/b4a5ada352/1/0,"[1, 0]",0.0,"[1, 0]",b4a5ada352
4,False,static,0,long_rvos/b4a5ada352/1/0,"[0, 1, null, 0]",0.0,"[0, 1, null, 0]",b4a5ada352
8,False,static,0,long_rvos/b4a5ada352/1/0,"[0, 0, 0, 1, 1, null, 1, 0]",0.0,"[0, 0, 0, 1, 1, null, 1, 0]",b4a5ada352
2,False,dynamic,0,long_rvos/b4a5ada352/1/1,"[1, 0]",0.0,"[1, 0]",b4a5ada352
4,False,dynamic,0,long_rvos/b4a5ada352/1/1,"[0, 1, null, 0]",0.0,"[0, 1, null, 0]",b4a5ada352
8,True,dynamic,1,long_rvos/b4a5ada352/1/1,"[0, 0, 0, 1, 1, null, 0, 0]",0.08415256310693164,"[0, 0, 0, 1, 1, null, 1, 0]",b4a5ada352
2,False,static,0,long_rvos/b4a5ada352/1/2,"[1, 0]",0.0,"[1, 0]",b4a5ada352
4,False,static,0,long_rvos/b4a5ada352/1/2,"[0, 1, null, 0]",0.0,"[0, 1, null, 0]",b4a5ada352
8,False,static,0,long_rvos/b4a5ada352/1/2,"[0, 0, 0, 1, 1, null, 1, 0]",0.0,"[0, 0, 0, 1, 1, null, 1, 0]",b4a5ada352
2,True,dynamic,1,long_rvos/b4a5ada352/1/3,"[1, 0]",-0.04132586210603928,"[0, 0]",b4a5ada352
4,True,dynamic,1,long_rvos/b4a5ada352/1/3,"[0, 1, null, 0]",-0.40603875912241466,"[0, 0, null, 0]",b4a5ada352
8,True,dynamic,3,long_rvos/b4a5ada352/1/3,"[0, 0, 0, 1, 1, null, 1, 0]",-0.10199053769476696,"[0, 0, 0, 0, 0, null, 0, 0]",b4a5ada352
2,False,hybrid,0,long_rvos/b4a5ada352/1/9,"[1, 0]",0.0,"[1, 0]",b4a5ada352
4,False,hybrid,0,long_rvos/b4a5ada352/1/9,"[0, 1, null, 0]",0.0,"[0, 1, null, 0]",b4a5ada352
8,False,hybrid,0,long_rvos/b4a5ada352/1/9,"[0, 0, 0, 1, 1, null, 1, 0]",0.0,"[0, 0, 0, 1, 1, null, 1, 0]",b4a5ada352
2,False,static,0,long_rvos/b5c9c04bf9/5/2,"[null, 0]",0.0,"[null, 0]",b5c9c04bf9
4,False,static,0,long_rvos/b5c9c04bf9/5/2,"[null, null, 0, 0]",0.0,"[null, null, 0, 0]",b5c9c04bf9
8,True,static,1,long_rvos/b5c9c04bf9/5/2,"[3, null, 1, null, null, 0, 0, 0]",-0.072094667808146,"[0, null, 1, null, null, 0, 0, 0]",b5c9c04bf9
2,False,dynamic,0,long_rvos/b5c9c04bf9/5/3,"[null, null]",0.0,"[null, null]",b5c9c04bf9
4,False,dynamic,0,long_rvos/b5c9c04bf9/5/3,"[null, null, null, null]",0.0,"[null, null, null, null]",b5c9c04bf9
8,False,dynamic,0,long_rvos/b5c9c04bf9/5/3,"[null, null, null, null, null, null, 0, null]",0.0,"[null, null, null, null, null, null, 0, null]",b5c9c04bf9
2,False,hybrid,0,long_rvos/b5c9c04bf9/5/7,"[null, 0]",0.0,"[null, 0]",b5c9c04bf9
4,False,hybrid,0,long_rvos/b5c9c04bf9/5/7,"[null, null, 0, 0]",0.0,"[null, null, 0, 0]",b5c9c04bf9
8,False,hybrid,0,long_rvos/b5c9c04bf9/5/7,"[3, null, 1, null, null, 0, 0, 0]",0.0,"[3, null, 1, null, null, 0, 0, 0]",b5c9c04bf9
2,False,static,0,long_rvos/bd4aefda10/2/4,"[null, null]",0.0,"[null, null]",bd4aefda10
4,False,static,0,long_rvos/bd4aefda10/2/4,"[null, null, null, null]",0.0,"[null, null, null, null]",bd4aefda10
8,False,static,0,long_rvos/bd4aefda10/2/4,"[null, null, null, null, null, null, null, null]",0.0,"[null, null, null, null, null, null, null, null]",bd4aefda10
2,False,dynamic,0,long_rvos/bd4aefda10/2/5,"[1, 1]",0.0,"[1, 1]",bd4aefda10
4,False,dynamic,0,long_rvos/bd4aefda10/2/5,"[1, 1, 1, 1]",0.0,"[1, 1, 1, 1]",bd4aefda10
8,False,dynamic,0,long_rvos/bd4aefda10/2/5,"[1, 1, 0, 1, 1, 1, 0, 1]",0.0,"[1, 1, 0, 1, 1, 1, 0, 1]",bd4aefda10
2,False,static,0,long_rvos/bd4aefda10/2/6,"[0, 0]",0.0,"[0, 0]",bd4aefda10
4,False,static,0,long_rvos/bd4aefda10/2/6,"[0, 0, 0, 0]",0.0,"[0, 0, 0, 0]",bd4aefda10
8,False,static,0,long_rvos/bd4aefda10/2/6,"[0, 0, 1, 0, 0, 0, 1, 0]",0.0,"[0, 0, 1, 0, 0, 0, 1, 0]",bd4aefda10
2,False,dynamic,0,long_rvos/bd4aefda10/2/7,"[1, 1]",0.0,"[1, 1]",bd4aefda10
4,False,dynamic,0,long_rvos/bd4aefda10/2/7,"[1, 1, 1, 1]",0.0,"[1, 1, 1, 1]",bd4aefda10
8,False,dynamic,0,long_rvos/bd4aefda10/2/7,"[1, 1, 0, 1, 1, 1, 0, 1]",0.0,"[1, 1, 0, 1, 1, 1, 0, 1]",bd4aefda10
2,False,hybrid,0,long_rvos/bd4aefda10/2/9,"[null, null]",0.0,"[null, null]",bd4aefda10
4,False,hybrid,0,long_rvos/bd4aefda10/2/9,"[null, null, null, null]",0.0,"[null, null, null, null]",bd4aefda10
8,False,hybrid,0,long_rvos/bd4aefda10/2/9,"[null, null, null, null, null, null, null, null]",0.0,"[null, null, null, null, null, null, null, null]",bd4aefda10
2,False,static,0,long_rvos/bda2f20019/3/10,"[null, null]",0.0,"[null, null]",bda2f20019
4,False,static,0,long_rvos/bda2f20019/3/10,"[null, null, null, null]",0.0,"[null, null, null, null]",bda2f20019
8,False,static,0,long_rvos/bda2f20019/3/10,"[null, null, null, null, null, null, null, null]",0.0,"[null, null, null, null, null, null, null, null]",bda2f20019
2,False,dynamic,0,long_rvos/bda2f20019/3/11,"[null, 0]",0.0,"[null, 0]",bda2f20019
4,False,dynamic,0,long_rvos/bda2f20019/3/11,"[0, null, 0, 0]",0.0,"[0, null, 0, 0]",bda2f20019
8,False,dynamic,0,long_rvos/bda2f20019/3/11,"[0, 0, null, null, 0, 0, 0, 0]",0.0,"[0, 0, null, null, 0, 0, 0, 0]",bda2f20019
2,False,hybrid,0,long_rvos/bda2f20019/3/20,"[null, 0]",0.0,"[null, 0]",bda2f20019
4,False,hybrid,0,long_rvos/bda2f20019/3/20,"[0, null, 0, 0]",0.0,"[0, null, 0, 0]",bda2f20019
8,False,hybrid,0,long_rvos/bda2f20019/3/20,"[0, 0, null, null, 0, 0, 0, 0]",0.0,"[0, 0, null, null, 0, 0, 0, 0]",bda2f20019
2,False,hybrid,0,long_rvos/bda2f20019/3/21,"[null, null]",0.0,"[null, null]",bda2f20019
4,False,hybrid,0,long_rvos/bda2f20019/3/21,"[null, null, null, null]",0.0,"[null, null, null, null]",bda2f20019
8,False,hybrid,0,long_rvos/bda2f20019/3/21,"[null, null, null, null, null, null, null, null]",0.0,"[null, null, null, null, null, null, null, null]",bda2f20019
2,False,static,0,long_rvos/bda2f20019/3/8,"[null, 0]",0.0,"[null, 0]",bda2f20019
4,False,static,0,long_rvos/bda2f20019/3/8,"[0, null, 0, 0]",0.0,"[0, null, 0, 0]",bda2f20019
8,False,static,0,long_rvos/bda2f20019/3/8,"[0, 0, null, null, 0, 0, 0, 0]",0.0,"[0, 0, null, null, 0, 0, 0, 0]",bda2f20019
2,False,dynamic,0,long_rvos/bda2f20019/3/9,"[null, 0]",0.0,"[null, 0]",bda2f20019
4,False,dynamic,0,long_rvos/bda2f20019/3/9,"[0, null, 0, 0]",0.0,"[0, null, 0, 0]",bda2f20019
8,False,dynamic,0,long_rvos/bda2f20019/3/9,"[0, 0, null, null, 0, 0, 0, 0]",0.0,"[0, 0, null, null, 0, 0, 0, 0]",bda2f20019
2,False,static,0,long_rvos/c4638cc87e/1/0,"[0, 0]",0.0,"[0, 0]",c4638cc87e
4,True,static,1,long_rvos/c4638cc87e/1/0,"[null, 0, 0, 0]",-0.04407390385731228,"[null, 0, 1, 0]",c4638cc87e
8,True,static,2,long_rvos/c4638cc87e/1/0,"[0, null, null, 0, null, 0, 0, 0]",-0.13601131953683257,"[0, null, null, 0, null, 1, 1, 0]",c4638cc87e
2,False,dynamic,0,long_rvos/c4638cc87e/1/1,"[0, 1]",0.0,"[0, 1]",c4638cc87e
4,False,dynamic,0,long_rvos/c4638cc87e/1/1,"[null, 0, 1, 1]",0.0,"[null, 0, 1, 1]",c4638cc87e
8,False,dynamic,0,long_rvos/c4638cc87e/1/1,"[0, null, null, 0, null, 1, 1, 1]",0.0,"[0, null, null, 0, null, 1, 1, 1]",c4638cc87e
2,True,hybrid,1,long_rvos/c4638cc87e/1/12,"[0, 1]",-0.08373676387995235,"[0, 0]",c4638cc87e
4,True,hybrid,1,long_rvos/c4638cc87e/1/12,"[null, 0, 0, 1]",-0.09735665957646097,"[null, 0, 0, 0]",c4638cc87e
8,True,hybrid,1,long_rvos/c4638cc87e/1/12,"[0, null, null, 0, null, 0, 0, 1]",-0.11212625131343479,"[0, null, null, 0, null, 0, 0, 0]",c4638cc87e
2,True,hybrid,1,long_rvos/c4638cc87e/1/13,"[0, 1]",-0.08373676387995235,"[0, 0]",c4638cc87e
4,True,hybrid,1,long_rvos/c4638cc87e/1/13,"[null, 0, 1, 1]",-0.03696166744009909,"[null, 0, 1, 0]",c4638cc87e
8,True,hybrid,1,long_rvos/c4638cc87e/1/13,"[0, null, null, 0, null, 1, 0, 1]",-0.11513231157838982,"[0, null, null, 0, null, 1, 0, 0]",c4638cc87e
2,True,static,1,long_rvos/c4638cc87e/1/2,"[0, 1]",-0.08373676387995235,"[0, 0]",c4638cc87e
4,True,static,2,long_rvos/c4638cc87e/1/2,"[null, 0, 1, 1]",0.0071122364172131886,"[null, 0, 0, 0]",c4638cc87e
8,True,static,3,long_rvos/c4638cc87e/1/2,"[0, null, null, 0, null, 1, 0, 1]",-0.1604370410434861,"[0, null, null, 0, null, 0, 1, 0]",c4638cc87e
2,False,dynamic,0,long_rvos/c4638cc87e/1/3,"[0, 0]",0.0,"[0, 0]",c4638cc87e
4,True,dynamic,1,long_rvos/c4638cc87e/1/3,"[null, 0, 0, 0]",-0.04407390385731228,"[null, 0, 1, 0]",c4638cc87e
8,True,dynamic,2,long_rvos/c4638cc87e/1/3,"[0, null, null, 0, null, 0, 1, 0]",0.04530472946509628,"[0, null, null, 0, null, 1, 0, 0]",c4638cc87e
2,False,hybrid,0,long_rvos/c5c9b749d4/2/10,"[null, null]",0.0,"[null, null]",c5c9b749d4
4,False,hybrid,0,long_rvos/c5c9b749d4/2/10,"[0, null, 0, null]",0.0,"[0, null, 0, null]",c5c9b749d4
8,False,hybrid,0,long_rvos/c5c9b749d4/2/10,"[0, 0, 0, null, null, 0, 0, null]",0.0,"[0, 0, 0, null, null, 0, 0, null]",c5c9b749d4
2,False,hybrid,0,long_rvos/c5c9b749d4/2/11,"[null, null]",0.0,"[null, null]",c5c9b749d4
4,False,hybrid,0,long_rvos/c5c9b749d4/2/11,"[0, null, 0, null]",0.0,"[0, null, 0, null]",c5c9b749d4
8,False,hybrid,0,long_rvos/c5c9b749d4/2/11,"[0, 0, 0, null, null, 0, 0, null]",0.0,"[0, 0, 0, null, null, 0, 0, null]",c5c9b749d4
2,False,static,0,long_rvos/c5c9b749d4/2/4,"[null, null]",0.0,"[null, null]",c5c9b749d4
4,False,static,0,long_rvos/c5c9b749d4/2/4,"[0, null, 0, null]",0.0,"[0, null, 0, null]",c5c9b749d4
8,False,static,0,long_rvos/c5c9b749d4/2/4,"[0, 0, 0, null, null, 0, 0, null]",0.0,"[0, 0, 0, null, null, 0, 0, null]",c5c9b749d4
2,False,dynamic,0,long_rvos/c5c9b749d4/2/5,"[null, null]",0.0,"[null, null]",c5c9b749d4
4,False,dynamic,0,long_rvos/c5c9b749d4/2/5,"[0, null, 0, null]",0.0,"[0, null, 0, null]",c5c9b749d4
8,False,dynamic,0,long_rvos/c5c9b749d4/2/5,"[0, 0, 0, null, null, 0, 0, null]",0.0,"[0, 0, 0, null, null, 0, 0, null]",c5c9b749d4
2,False,static,0,long_rvos/c5c9b749d4/2/6,"[null, null]",0.0,"[null, null]",c5c9b749d4
4,False,static,0,long_rvos/c5c9b749d4/2/6,"[0, null, 0, null]",0.0,"[0, null, 0, null]",c5c9b749d4
8,False,static,0,long_rvos/c5c9b749d4/2/6,"[0, 0, 0, null, null, 0, 0, null]",0.0,"[0, 0, 0, null, null, 0, 0, null]",c5c9b749d4
2,False,dynamic,0,long_rvos/c5c9b749d4/2/7,"[null, null]",0.0,"[null, null]",c5c9b749d4
4,False,dynamic,0,long_rvos/c5c9b749d4/2/7,"[0, null, 0, null]",0.0,"[0, null, 0, null]",c5c9b749d4
8,False,dynamic,0,long_rvos/c5c9b749d4/2/7,"[0, 0, 0, null, null, 0, 0, null]",0.0,"[0, 0, 0, null, null, 0, 0, null]",c5c9b749d4
2,False,static,0,long_rvos/c6bb21356b/1/0,"[null, null]",0.0,"[null, null]",c6bb21356b
4,False,static,0,long_rvos/c6bb21356b/1/0,"[null, null, null, null]",0.0,"[null, null, null, null]",c6bb21356b
8,False,static,0,long_rvos/c6bb21356b/1/0,"[null, null, null, null, null, null, null, null]",0.0,"[null, null, null, null, null, null, null, null]",c6bb21356b
2,False,dynamic,0,long_rvos/c6bb21356b/1/1,"[0, 0]",0.0,"[0, 0]",c6bb21356b
4,False,dynamic,0,long_rvos/c6bb21356b/1/1,"[0, 0, 0, 0]",0.0,"[0, 0, 0, 0]",c6bb21356b
8,False,dynamic,0,long_rvos/c6bb21356b/1/1,"[null, 0, 0, 0, null, 0, null, 0]",0.0,"[null, 0, 0, 0, null, 0, null, 0]",c6bb21356b
2,False,hybrid,0,long_rvos/c6bb21356b/1/6,"[0, 0]",0.0,"[0, 0]",c6bb21356b
4,False,hybrid,0,long_rvos/c6bb21356b/1/6,"[0, 0, 1, 0]",0.0,"[0, 0, 1, 0]",c6bb21356b
8,False,hybrid,0,long_rvos/c6bb21356b/1/6,"[null, 0, 0, 0, null, 1, null, 0]",0.0,"[null, 0, 0, 0, null, 1, null, 0]",c6bb21356b
2,False,static,0,long_rvos/c733601fcd/1/0,"[null, null]",0.0,"[null, null]",c733601fcd
4,False,static,0,long_rvos/c733601fcd/1/0,"[null, null, null, null]",0.0,"[null, null, null, null]",c733601fcd
8,False,static,0,long_rvos/c733601fcd/1/0,"[null, null, null, null, null, null, null, null]",0.0,"[null, null, null, null, null, null, null, null]",c733601fcd
2,False,dynamic,0,long_rvos/c733601fcd/1/1,"[null, null]",0.0,"[null, null]",c733601fcd
4,False,dynamic,0,long_rvos/c733601fcd/1/1,"[null, null, null, null]",0.0,"[null, null, null, null]",c733601fcd
8,False,dynamic,0,long_rvos/c733601fcd/1/1,"[null, null, null, null, null, null, null, null]",0.0,"[null, null, null, null, null, null, null, null]",c733601fcd
2,False,hybrid,0,long_rvos/c733601fcd/1/4,"[null, null]",0.0,"[null, null]",c733601fcd
4,False,hybrid,0,long_rvos/c733601fcd/1/4,"[0, null, null, null]",0.0,"[0, null, null, null]",c733601fcd
8,False,hybrid,0,long_rvos/c733601fcd/1/4,"[0, 0, null, null, null, null, 0, null]",0.0,"[0, 0, null, null, null, null, 0, null]",c733601fcd
2,False,static,0,long_rvos/c73c2a03a0/1/0,"[0, 2]",0.0,"[0, 2]",c73c2a03a0
4,False,static,0,long_rvos/c73c2a03a0/1/0,"[0, 0, 0, 2]",0.0,"[0, 0, 0, 2]",c73c2a03a0
8,False,static,0,long_rvos/c73c2a03a0/1/0,"[0, 0, 0, 0, 0, 0, 0, 2]",0.0,"[0, 0, 0, 0, 0, 0, 0, 2]",c73c2a03a0
2,False,dynamic,0,long_rvos/c73c2a03a0/1/1,"[0, 0]",0.0,"[0, 0]",c73c2a03a0
4,False,dynamic,0,long_rvos/c73c2a03a0/1/1,"[0, 0, 1, 0]",0.0,"[0, 0, 1, 0]",c73c2a03a0
8,False,dynamic,0,long_rvos/c73c2a03a0/1/1,"[0, 0, 0, 0, 0, 1, 0, 0]",0.0,"[0, 0, 0, 0, 0, 1, 0, 0]",c73c2a03a0
2,True,hybrid,1,long_rvos/c73c2a03a0/1/4,"[0, 2]",-0.025044847711205742,"[0, 0]",c73c2a03a0
4,True,hybrid,2,long_rvos/c73c2a03a0/1/4,"[0, 0, 0, 2]",-0.035717595954126824,"[0, 0, 1, 0]",c73c2a03a0
8,True,hybrid,2,long_rvos/c73c2a03a0/1/4,"[0, 0, 0, 0, 0, 0, 0, 2]",-0.024233834074502192,"[0, 0, 0, 0, 0, 1, 0, 0]",c73c2a03a0
2,True,hybrid,1,long_rvos/d33c8343bc/3/10,"[1, null]",0.0,"[0, null]",d33c8343bc
4,True,hybrid,1,long_rvos/d33c8343bc/3/10,"[0, 1, null, null]",-0.15901101468037054,"[0, 0, null, null]",d33c8343bc
8,True,hybrid,1,long_rvos/d33c8343bc/3/10,"[0, 0, 0, 1, null, null, null, null]",-0.1824013755565616,"[0, 0, 0, 0, null, null, null, null]",d33c8343bc
2,False,static,0,long_rvos/d33c8343bc/3/4,"[null, null]",0.0,"[null, null]",d33c8343bc
4,False,static,0,long_rvos/d33c8343bc/3/4,"[null, null, null, null]",0.0,"[null, null, null, null]",d33c8343bc
8,False,static,0,long_rvos/d33c8343bc/3/4,"[null, null, null, null, null, null, null, null]",0.0,"[null, null, null, null, null, null, null, null]",d33c8343bc
2,False,dynamic,0,long_rvos/d33c8343bc/3/5,"[null, null]",0.0,"[null, null]",d33c8343bc
4,False,dynamic,0,long_rvos/d33c8343bc/3/5,"[null, null, null, null]",0.0,"[null, null, null, null]",d33c8343bc
8,False,dynamic,0,long_rvos/d33c8343bc/3/5,"[null, null, null, null, null, null, null, null]",0.0,"[null, null, null, null, null, null, null, null]",d33c8343bc
2,False,hybrid,0,long_rvos/dca31590b8/2/10,"[null, null]",0.0,"[null, null]",dca31590b8
4,False,hybrid,0,long_rvos/dca31590b8/2/10,"[null, null, null, null]",0.0,"[null, null, null, null]",dca31590b8
8,False,hybrid,0,long_rvos/dca31590b8/2/10,"[0, null, null, null, null, null, null, null]",0.0,"[0, null, null, null, null, null, null, null]",dca31590b8
2,False,hybrid,0,long_rvos/dca31590b8/2/11,"[null, null]",0.0,"[null, null]",dca31590b8
4,False,hybrid,0,long_rvos/dca31590b8/2/11,"[null, null, null, null]",0.0,"[null, null, null, null]",dca31590b8
8,False,hybrid,0,long_rvos/dca31590b8/2/11,"[0, null, null, null, null, null, null, null]",0.0,"[0, null, null, null, null, null, null, null]",dca31590b8
2,False,static,0,long_rvos/dca31590b8/2/4,"[null, null]",0.0,"[null, null]",dca31590b8
4,False,static,0,long_rvos/dca31590b8/2/4,"[null, null, null, null]",0.0,"[null, null, null, null]",dca31590b8
8,False,static,0,long_rvos/dca31590b8/2/4,"[0, null, null, null, null, null, null, null]",0.0,"[0, null, null, null, null, null, null, null]",dca31590b8
2,False,dynamic,0,long_rvos/dca31590b8/2/5,"[null, null]",0.0,"[null, null]",dca31590b8
4,False,dynamic,0,long_rvos/dca31590b8/2/5,"[null, null, null, null]",0.0,"[null, null, null, null]",dca31590b8
8,False,dynamic,0,long_rvos/dca31590b8/2/5,"[1, null, null, null, null, null, null, null]",0.0,"[1, null, null, null, null, null, null, null]",dca31590b8
2,False,static,0,long_rvos/dca31590b8/2/6,"[null, null]",0.0,"[null, null]",dca31590b8
4,False,static,0,long_rvos/dca31590b8/2/6,"[null, null, null, null]",0.0,"[null, null, null, null]",dca31590b8
8,False,static,0,long_rvos/dca31590b8/2/6,"[0, null, null, null, null, null, null, null]",0.0,"[0, null, null, null, null, null, null, null]",dca31590b8
2,False,hybrid,0,long_rvos/ddc213ba3f/2/19,"[0, 0]",0.0,"[0, 0]",ddc213ba3f
4,False,hybrid,0,long_rvos/ddc213ba3f/2/19,"[0, 0, 0, 0]",0.0,"[0, 0, 0, 0]",ddc213ba3f
8,False,hybrid,0,long_rvos/ddc213ba3f/2/19,"[0, 0, 0, 0, 0, 0, 0, 0]",0.0,"[0, 0, 0, 0, 0, 0, 0, 0]",ddc213ba3f
2,False,static,0,long_rvos/ddc213ba3f/2/2,"[0, 0]",0.0,"[0, 0]",ddc213ba3f
4,False,static,0,long_rvos/ddc213ba3f/2/2,"[0, 0, 0, 0]",0.0,"[0, 0, 0, 0]",ddc213ba3f
8,False,static,0,long_rvos/ddc213ba3f/2/2,"[0, 0, 0, 0, 0, 0, 0, 0]",0.0,"[0, 0, 0, 0, 0, 0, 0, 0]",ddc213ba3f
2,False,dynamic,0,long_rvos/ddc213ba3f/2/3,"[0, 0]",0.0,"[0, 0]",ddc213ba3f
4,False,dynamic,0,long_rvos/ddc213ba3f/2/3,"[0, 0, 0, 0]",0.0,"[0, 0, 0, 0]",ddc213ba3f
8,False,dynamic,0,long_rvos/ddc213ba3f/2/3,"[0, 0, 0, 0, 0, 0, 0, 0]",0.0,"[0, 0, 0, 0, 0, 0, 0, 0]",ddc213ba3f
2,False,static,0,long_rvos/e6f1a061ea/1/0,"[1, null]",0.0,"[1, null]",e6f1a061ea
4,False,static,0,long_rvos/e6f1a061ea/1/0,"[0, 1, null, null]",0.0,"[0, 1, null, null]",e6f1a061ea
8,False,static,0,long_rvos/e6f1a061ea/1/0,"[1, 0, 1, 1, 0, null, null, null]",0.0,"[1, 0, 1, 1, 0, null, null, null]",e6f1a061ea
2,False,dynamic,0,long_rvos/e6f1a061ea/1/1,"[1, null]",0.0,"[1, null]",e6f1a061ea
4,False,dynamic,0,long_rvos/e6f1a061ea/1/1,"[1, 1, null, null]",0.0,"[1, 1, null, null]",e6f1a061ea
8,False,dynamic,0,long_rvos/e6f1a061ea/1/1,"[1, 1, 0, 1, 1, null, null, null]",0.0,"[1, 1, 0, 1, 1, null, null, null]",e6f1a061ea
2,False,static,0,long_rvos/e6f1a061ea/1/2,"[1, null]",0.0,"[1, null]",e6f1a061ea
4,False,static,0,long_rvos/e6f1a061ea/1/2,"[0, 1, null, null]",0.0,"[0, 1, null, null]",e6f1a061ea
8,False,static,0,long_rvos/e6f1a061ea/1/2,"[1, 0, 1, 1, 0, null, null, null]",0.0,"[1, 0, 1, 1, 0, null, null, null]",e6f1a061ea
2,False,hybrid,0,long_rvos/e6f1a061ea/1/20,"[1, null]",0.0,"[1, null]",e6f1a061ea
4,False,hybrid,0,long_rvos/e6f1a061ea/1/20,"[1, 1, null, null]",0.0,"[1, 1, null, null]",e6f1a061ea
8,True,hybrid,1,long_rvos/e6f1a061ea/1/20,"[1, 1, 0, 1, 0, null, null, null]",-0.008583847179621018,"[1, 1, 0, 1, 1, null, null, null]",e6f1a061ea
2,False,hybrid,0,long_rvos/e6f1a061ea/1/21,"[null, null]",0.0,"[null, null]",e6f1a061ea
4,False,hybrid,0,long_rvos/e6f1a061ea/1/21,"[null, null, null, null]",0.0,"[null, null, null, null]",e6f1a061ea
8,False,hybrid,0,long_rvos/e6f1a061ea/1/21,"[null, null, null, null, null, null, null, null]",0.0,"[null, null, null, null, null, null, null, null]",e6f1a061ea
2,True,dynamic,1,long_rvos/e6f1a061ea/1/3,"[0, null]",0.0,"[1, null]",e6f1a061ea
4,True,dynamic,1,long_rvos/e6f1a061ea/1/3,"[0, 0, null, null]",0.014203631668506023,"[0, 1, null, null]",e6f1a061ea
8,True,dynamic,1,long_rvos/e6f1a061ea/1/3,"[1, 0, 1, 0, 0, null, null, null]",0.1265222097910647,"[1, 0, 1, 1, 0, null, null, null]",e6f1a061ea
2,False,static,0,long_rvos/e9b78ad8e7/1/0,"[0, null]",0.0,"[0, null]",e9b78ad8e7
4,True,static,1,long_rvos/e9b78ad8e7/1/0,"[0, 0, 1, null]",0.15856942794567946,"[0, 0, 2, null]",e9b78ad8e7
8,True,static,1,long_rvos/e9b78ad8e7/1/0,"[1, 0, 0, 0, null, 1, 0, null]",0.0006350520399371895,"[1, 0, 0, 0, null, 2, 0, null]",e9b78ad8e7
2,False,dynamic,0,long_rvos/e9b78ad8e7/1/1,"[0, null]",0.0,"[0, null]",e9b78ad8e7
4,True,dynamic,1,long_rvos/e9b78ad8e7/1/1,"[0, 0, 1, null]",0.15856942794567946,"[0, 0, 2, null]",e9b78ad8e7
8,True,dynamic,2,long_rvos/e9b78ad8e7/1/1,"[0, 0, 0, 0, null, 1, 0, null]",0.11610568324123094,"[1, 0, 0, 0, null, 2, 0, null]",e9b78ad8e7
2,False,hybrid,0,long_rvos/e9b78ad8e7/1/6,"[0, null]",0.0,"[0, null]",e9b78ad8e7
4,True,hybrid,1,long_rvos/e9b78ad8e7/1/6,"[0, 0, 1, null]",0.15856942794567946,"[0, 0, 2, null]",e9b78ad8e7
8,True,hybrid,1,long_rvos/e9b78ad8e7/1/6,"[1, 0, 0, 0, null, 1, 0, null]",0.0006350520399371895,"[1, 0, 0, 0, null, 2, 0, null]",e9b78ad8e7
2,False,hybrid,0,long_rvos/f3864705c4/3/13,"[null, null]",0.0,"[null, null]",f3864705c4
4,False,hybrid,0,long_rvos/f3864705c4/3/13,"[0, null, 0, null]",0.0,"[0, null, 0, null]",f3864705c4
8,False,hybrid,0,long_rvos/f3864705c4/3/13,"[null, 0, null, null, null, 0, null, null]",0.0,"[null, 0, null, null, null, 0, null, null]",f3864705c4
2,False,static,0,long_rvos/f3864705c4/3/7,"[null, null]",0.0,"[null, null]",f3864705c4
4,False,static,0,long_rvos/f3864705c4/3/7,"[0, null, 0, null]",0.0,"[0, null, 0, null]",f3864705c4
8,False,static,0,long_rvos/f3864705c4/3/7,"[null, 0, null, null, null, 0, null, null]",0.0,"[null, 0, null, null, null, 0, null, null]",f3864705c4
2,False,dynamic,0,long_rvos/f3864705c4/3/8,"[null, null]",0.0,"[null, null]",f3864705c4
4,False,dynamic,0,long_rvos/f3864705c4/3/8,"[null, null, null, null]",0.0,"[null, null, null, null]",f3864705c4
8,False,dynamic,0,long_rvos/f3864705c4/3/8,"[null, null, null, null, null, null, null, null]",0.0,"[null, null, null, null, null, null, null, null]",f3864705c4
2,False,static,0,long_rvos/f3864705c4/3/9,"[null, null]",0.0,"[null, null]",f3864705c4
4,False,static,0,long_rvos/f3864705c4/3/9,"[null, null, null, null]",0.0,"[null, null, null, null]",f3864705c4
8,False,static,0,long_rvos/f3864705c4/3/9,"[null, null, null, null, null, null, null, null]",0.0,"[null, null, null, null, null, null, null, null]",f3864705c4
2,False,static,0,long_rvos/f771c97b16/6/20,"[null, null]",0.0,"[null, null]",f771c97b16
4,False,static,0,long_rvos/f771c97b16/6/20,"[null, null, 0, null]",0.0,"[null, null, 0, null]",f771c97b16
8,False,static,0,long_rvos/f771c97b16/6/20,"[null, null, null, null, 0, 0, null, null]",0.0,"[null, null, null, null, 0, 0, null, null]",f771c97b16
2,False,dynamic,0,long_rvos/f771c97b16/6/21,"[null, null]",0.0,"[null, null]",f771c97b16
4,False,dynamic,0,long_rvos/f771c97b16/6/21,"[null, null, 0, null]",0.0,"[null, null, 0, null]",f771c97b16
8,False,dynamic,0,long_rvos/f771c97b16/6/21,"[null, null, null, null, 0, 0, null, null]",0.0,"[null, null, null, null, 0, 0, null, null]",f771c97b16
2,False,static,0,long_rvos/f771c97b16/6/22,"[null, null]",0.0,"[null, null]",f771c97b16
4,False,static,0,long_rvos/f771c97b16/6/22,"[null, null, null, null]",0.0,"[null, null, null, null]",f771c97b16
8,False,static,0,long_rvos/f771c97b16/6/22,"[null, null, null, null, null, null, null, null]",0.0,"[null, null, null, null, null, null, null, null]",f771c97b16
2,False,dynamic,0,long_rvos/f771c97b16/6/23,"[null, null]",0.0,"[null, null]",f771c97b16
4,False,dynamic,0,long_rvos/f771c97b16/6/23,"[null, null, 0, null]",0.0,"[null, null, 0, null]",f771c97b16
8,False,dynamic,0,long_rvos/f771c97b16/6/23,"[null, null, null, null, 0, 0, null, null]",0.0,"[null, null, null, null, 0, 0, null, null]",f771c97b16
2,False,hybrid,0,long_rvos/f771c97b16/6/33,"[null, null]",0.0,"[null, null]",f771c97b16
4,False,hybrid,0,long_rvos/f771c97b16/6/33,"[null, null, 0, null]",0.0,"[null, null, 0, null]",f771c97b16
8,False,hybrid,0,long_rvos/f771c97b16/6/33,"[null, null, null, null, null, 0, null, null]",0.0,"[null, null, null, null, null, 0, null, null]",f771c97b16
