all_empty_expression_fraction,all_empty_expressions,condition,description_type,expressions,nonempty_evaluation_frame_fraction
1.0,97,single_global,dynamic,97,0.0
1.0,80,single_global,hybrid,80,0.0
1.0,98,single_global,static,98,0.0
0.4845360824742268,47,static_update_k2,dynamic,97,0.195715206185567
0.625,50,static_update_k2,hybrid,80,0.147265625
0.5714285714285714,56,static_update_k2,static,98,0.1533801020408163
0.23711340206185566,23,static_update_k4,dynamic,97,0.40947164948453607
0.375,30,static_update_k4,hybrid,80,0.323046875
0.336734693877551,33,static_update_k4,static,98,0.3536352040816326
0.14432989690721648,14,static_update_k8,dynamic,97,0.520618556701031
0.275,22,static_update_k8,hybrid,80,0.4416015625
0.25510204081632654,25,static_update_k8,static,98,0.47034438775510207
0.4845360824742268,47,temporal_update_k2,dynamic,97,0.19990335051546393
0.625,50,temporal_update_k2,hybrid,80,0.14765625
0.5714285714285714,56,temporal_update_k2,static,98,0.1599170918367347
0.23711340206185566,23,temporal_update_k4,dynamic,97,0.4072164948453608
0.375,30,temporal_update_k4,hybrid,80,0.332421875
0.336734693877551,33,temporal_update_k4,static,98,0.3569834183673469
0.14432989690721648,14,temporal_update_k8,dynamic,97,0.5249677835051546
0.275,22,temporal_update_k8,hybrid,80,0.4365234375
0.25510204081632654,25,temporal_update_k8,static,98,0.4633290816326531
