K,comparison,condition,difference,dynamic_J_and_F,object_id,static_J_and_F,static_update_dynamic_J_and_F,temporal_update_dynamic_J_and_F,video_id
,dynamic_minus_static,single_global,0.0,0.671875,3,0.671875,,,0310d3743b
,dynamic_minus_static,single_global,0.0,0.625,2,0.625,,,046ee6aa1a
,dynamic_minus_static,single_global,0.0,0.359375,2,0.359375,,,0d0ebe00cc
,dynamic_minus_static,single_global,0.0,0.0,1,0.0,,,1088228079
,dynamic_minus_static,single_global,0.0,0.5625,1,0.5625,,,119777f4c0
,dynamic_minus_static,single_global,0.0,0.0,2,0.0,,,18b160d3a7
,dynamic_minus_static,single_global,0.0,0.0,1,0.0,,,1a5dead3e3
,dynamic_minus_static,single_global,0.0,0.625,2,0.625,,,20eaede0fb
,dynamic_minus_static,single_global,0.0,0.0,4,0.0,,,22680d3b50
,dynamic_minus_static,single_global,0.0,0.0,1,0.0,,,2683deffcb
,dynamic_minus_static,single_global,0.0,0.640625,1,0.640625,,,28ff632792
,dynamic_minus_static,single_global,0.0,0.21875,1,0.21875,,,2a87bea97e
,dynamic_minus_static,single_global,0.0,0.0,1,0.0,,,2abb12f2f7
,dynamic_minus_static,single_global,0.0,0.03125,1,0.03125,,,2c4cbde1aa
,dynamic_minus_static,single_global,0.0,0.09375,1,0.09375,,,2cfdc294c5
,dynamic_minus_static,single_global,0.0,0.078125,3,0.078125,,,30c20fb4c1
,dynamic_minus_static,single_global,0.0,0.0,1,0.0,,,30f4d962f9
,dynamic_minus_static,single_global,0.0,0.0,1,0.0,,,31a352c169
,dynamic_minus_static,single_global,0.0,0.15625,3,0.15625,,,39db436191
,dynamic_minus_static,single_global,0.0,0.0625,1,0.0625,,,41c5109249
,dynamic_minus_static,single_global,0.0,0.5625,3,0.5625,,,5c0c9c0098
,dynamic_minus_static,single_global,0.0,0.046875,1,0.046875,,,5d262b025c
,dynamic_minus_static,single_global,0.0,0.28125,1,0.28125,,,5d2c735adb
,dynamic_minus_static,single_global,0.0,0.671875,2,0.671875,,,68170c3f7a
,dynamic_minus_static,single_global,0.0,0.65625,2,0.65625,,,6a1db02e31
,dynamic_minus_static,single_global,0.0,0.4375,2,0.4375,,,6bf32cc0d5
,dynamic_minus_static,single_global,0.0,0.171875,1,0.171875,,,6d76f5cbc2
,dynamic_minus_static,single_global,0.0,0.328125,1,0.328125,,,6db18ab93a
,dynamic_minus_static,single_global,0.0,0.5625,12,0.5625,,,6fb7a04167
,dynamic_minus_static,single_global,0.0,0.0,1,0.0,,,7bdbd4f32f
,dynamic_minus_static,single_global,0.0,0.03125,2,0.03125,,,7caa203c75
,dynamic_minus_static,single_global,0.0,0.0,2,0.0,,,8086f00d3d
,dynamic_minus_static,single_global,0.0,0.09375,3,0.09375,,,8093ebd9a3
,dynamic_minus_static,single_global,0.0,0.265625,9,0.265625,,,8290c48fcb
,dynamic_minus_static,single_global,0.0,0.546875,3,0.546875,,,84dc481247
,dynamic_minus_static,single_global,0.0,0.109375,2,0.109375,,,882e8c62d3
,dynamic_minus_static,single_global,0.0,0.390625,2,0.390625,,,8847e5550e
,dynamic_minus_static,single_global,0.0,0.546875,1,0.546875,,,8b0e20e373
,dynamic_minus_static,single_global,0.0,0.15625,7,0.15625,,,939b6aed6d
,dynamic_minus_static,single_global,0.0,0.109375,1,0.109375,,,976257d833
,dynamic_minus_static,single_global,0.0,0.265625,1,0.265625,,,9bc92f09e0
,dynamic_minus_static,single_global,0.0,0.296875,2,0.296875,,,9c1297ecd3
,dynamic_minus_static,single_global,0.0,0.0,2,0.0,,,a3f2b5d434
,dynamic_minus_static,single_global,0.0,0.046875,1,0.046875,,,a500f0e77c
,dynamic_minus_static,single_global,0.0,0.359375,3,0.359375,,,a595411232
,dynamic_minus_static,single_global,0.0,0.09375,2,0.09375,,,a8b6fd5e4d
,dynamic_minus_static,single_global,0.0,0.265625,5,0.265625,,,af3ad95fe0
,dynamic_minus_static,single_global,0.0,0.046875,1,0.046875,,,af7297f0db
,dynamic_minus_static,single_global,0.0,0.125,1,0.125,,,b4a5ada352
,dynamic_minus_static,single_global,0.0,0.0,5,0.0,,,b5c9c04bf9
,dynamic_minus_static,single_global,0.0,0.0,2,0.0,,,bd4aefda10
,dynamic_minus_static,single_global,0.0,0.34375,3,0.34375,,,bda2f20019
,dynamic_minus_static,single_global,0.0,0.0,1,0.0,,,c4638cc87e
,dynamic_minus_static,single_global,0.0,0.5,2,0.5,,,c5c9b749d4
,dynamic_minus_static,single_global,0.0,0.046875,1,0.046875,,,c6bb21356b
,dynamic_minus_static,single_global,0.0,0.546875,1,0.546875,,,c733601fcd
,dynamic_minus_static,single_global,0.0,0.015625,1,0.015625,,,c73c2a03a0
,dynamic_minus_static,single_global,0.0,0.421875,3,0.421875,,,d33c8343bc
,dynamic_minus_static,single_global,0.0,0.6875,2,0.6875,,,dca31590b8
,dynamic_minus_static,single_global,0.0,0.0,2,0.0,,,ddc213ba3f
,dynamic_minus_static,single_global,0.0,0.265625,1,0.265625,,,e6f1a061ea
,dynamic_minus_static,single_global,0.0,0.4375,1,0.4375,,,e9b78ad8e7
,dynamic_minus_static,single_global,0.0,0.046875,3,0.046875,,,f3864705c4
,dynamic_minus_static,single_global,0.0,0.6875,6,0.6875,,,f771c97b16
,dynamic_minus_static,static_update_k2,0.0,0.671875,3,0.671875,,,0310d3743b
,dynamic_minus_static,static_update_k2,0.0,0.625,2,0.625,,,046ee6aa1a
,dynamic_minus_static,static_update_k2,0.2016358569736587,0.5610108569736587,2,0.359375,,,0d0ebe00cc
,dynamic_minus_static,static_update_k2,0.0,0.12850150657843784,1,0.12850150657843784,,,1088228079
,dynamic_minus_static,static_update_k2,0.0,0.8563129408371337,1,0.8563129408371337,,,119777f4c0
,dynamic_minus_static,static_update_k2,-0.23450849546095748,0.0004557304029618117,2,0.2349642258639193,,,18b160d3a7
,dynamic_minus_static,static_update_k2,0.0,0.14659129108910607,1,0.14659129108910607,,,1a5dead3e3
,dynamic_minus_static,static_update_k2,0.0,0.625,2,0.625,,,20eaede0fb
,dynamic_minus_static,static_update_k2,0.4175885876722919,0.4175885876722919,4,0.0,,,22680d3b50
,dynamic_minus_static,static_update_k2,0.41637433068919144,0.41637433068919144,1,0.0,,,2683deffcb
,dynamic_minus_static,static_update_k2,0.0,0.640625,1,0.640625,,,28ff632792
,dynamic_minus_static,static_update_k2,0.0,0.25432170757995765,1,0.25432170757995765,,,2a87bea97e
,dynamic_minus_static,static_update_k2,-0.0033115466214805878,0.43010376661768046,1,0.43341531323916105,,,2abb12f2f7
,dynamic_minus_static,static_update_k2,-0.031197881782911885,5.211821708811601e-05,1,0.03125,,,2c4cbde1aa
,dynamic_minus_static,static_update_k2,0.0,0.09375,1,0.09375,,,2cfdc294c5
,dynamic_minus_static,static_update_k2,0.0018733248079469828,0.04434203967894073,3,0.04246871487099375,,,30c20fb4c1
,dynamic_minus_static,static_update_k2,-0.41612985011741044,0.0,1,0.41612985011741044,,,30f4d962f9
,dynamic_minus_static,static_update_k2,0.43044185069148366,0.43044185069148366,1,0.0,,,31a352c169
,dynamic_minus_static,static_update_k2,0.0,0.15625,3,0.15625,,,39db436191
,dynamic_minus_static,static_update_k2,0.0,0.4552032377279912,1,0.4552032377279912,,,41c5109249
,dynamic_minus_static,static_update_k2,0.025609429213754642,0.5896853375141197,3,0.564075908300365,,,5c0c9c0098
,dynamic_minus_static,static_update_k2,0.0,0.10612189268463534,1,0.10612189268463534,,,5d262b025c
,dynamic_minus_static,static_update_k2,0.0,0.4659738151329039,1,0.4659738151329039,,,5d2c735adb
,dynamic_minus_static,static_update_k2,0.0,0.671875,2,0.671875,,,68170c3f7a
,dynamic_minus_static,static_update_k2,0.0,0.65625,2,0.65625,,,6a1db02e31
,dynamic_minus_static,static_update_k2,0.0,0.4375,2,0.4375,,,6bf32cc0d5
,dynamic_minus_static,static_update_k2,0.0,0.4407835267206537,1,0.4407835267206537,,,6d76f5cbc2
,dynamic_minus_static,static_update_k2,-0.13112221121226136,0.4593134177348242,1,0.5904356289470856,,,6db18ab93a
,dynamic_minus_static,static_update_k2,0.0,0.5625,12,0.5625,,,6fb7a04167
,dynamic_minus_static,static_update_k2,0.0,0.0,1,0.0,,,7bdbd4f32f
,dynamic_minus_static,static_update_k2,0.015469015985307144,0.15436169157640894,2,0.1388926755911018,,,7caa203c75
,dynamic_minus_static,static_update_k2,-0.22112361656811383,0.21659067131002221,2,0.43771428787813604,,,8086f00d3d
,dynamic_minus_static,static_update_k2,0.0,0.16913712886705534,3,0.16913712886705534,,,8093ebd9a3
,dynamic_minus_static,static_update_k2,0.0,0.265625,9,0.265625,,,8290c48fcb
,dynamic_minus_static,static_update_k2,-0.1781374957840005,0.390625,3,0.5687624957840005,,,84dc481247
,dynamic_minus_static,static_update_k2,0.00017650478412956083,0.4220552205780599,2,0.4218787157939303,,,882e8c62d3
,dynamic_minus_static,static_update_k2,-0.046199970787391076,0.375,2,0.4211999707873911,,,8847e5550e
,dynamic_minus_static,static_update_k2,0.0,0.546875,1,0.546875,,,8b0e20e373
,dynamic_minus_static,static_update_k2,-0.003153118885762529,0.15625,7,0.15940311888576253,,,939b6aed6d
,dynamic_minus_static,static_update_k2,0.0,0.48701448084696225,1,0.48701448084696225,,,976257d833
,dynamic_minus_static,static_update_k2,0.008041434633814126,0.25467103041291905,1,0.24662959577910493,,,9bc92f09e0
,dynamic_minus_static,static_update_k2,-0.10976397431424545,0.5104281049387274,2,0.6201920792529728,,,9c1297ecd3
,dynamic_minus_static,static_update_k2,-3.57961788055583e-05,0.4464707476504574,2,0.44650654382926297,,,a3f2b5d434
,dynamic_minus_static,static_update_k2,0.0,0.4326988506814978,1,0.4326988506814978,,,a500f0e77c
,dynamic_minus_static,static_update_k2,0.0,0.359375,3,0.359375,,,a595411232
,dynamic_minus_static,static_update_k2,0.0,0.09375,2,0.09375,,,a8b6fd5e4d
,dynamic_minus_static,static_update_k2,0.0,0.265625,5,0.265625,,,af3ad95fe0
,dynamic_minus_static,static_update_k2,0.0,0.046875,1,0.046875,,,af7297f0db
,dynamic_minus_static,static_update_k2,0.0,0.16690016376191796,1,0.16690016376191796,,,b4a5ada352
,dynamic_minus_static,static_update_k2,0.0,0.0,5,0.0,,,b5c9c04bf9
,dynamic_minus_static,static_update_k2,0.4090807388420308,0.4090807388420308,2,0.0,,,bd4aefda10
,dynamic_minus_static,static_update_k2,0.0,0.34375,3,0.34375,,,bda2f20019
,dynamic_minus_static,static_update_k2,0.0,0.1828638563749614,1,0.1828638563749614,,,c4638cc87e
,dynamic_minus_static,static_update_k2,0.0,0.5,2,0.5,,,c5c9b749d4
,dynamic_minus_static,static_update_k2,0.14584928813192044,0.19272428813192044,1,0.046875,,,c6bb21356b
,dynamic_minus_static,static_update_k2,0.0,0.546875,1,0.546875,,,c733601fcd
,dynamic_minus_static,static_update_k2,-0.025950366426604116,0.1352381629637834,1,0.16118852939038752,,,c73c2a03a0
,dynamic_minus_static,static_update_k2,0.0,0.421875,3,0.421875,,,d33c8343bc
,dynamic_minus_static,static_update_k2,0.0,0.6875,2,0.6875,,,dca31590b8
,dynamic_minus_static,static_update_k2,0.0,0.4306146655242518,2,0.4306146655242518,,,ddc213ba3f
,dynamic_minus_static,static_update_k2,0.0,0.265625,1,0.265625,,,e6f1a061ea
,dynamic_minus_static,static_update_k2,0.0,0.4375,1,0.4375,,,e9b78ad8e7
,dynamic_minus_static,static_update_k2,0.0,0.046875,3,0.046875,,,f3864705c4
,dynamic_minus_static,static_update_k2,0.0,0.6875,6,0.6875,,,f771c97b16
,dynamic_minus_static,static_update_k4,0.0,0.671875,3,0.671875,,,0310d3743b
,dynamic_minus_static,static_update_k4,0.0,0.625,2,0.625,,,046ee6aa1a
,dynamic_minus_static,static_update_k4,0.070106431628363,0.429481431628363,2,0.359375,,,0d0ebe00cc
,dynamic_minus_static,static_update_k4,0.0,0.19385992650862371,1,0.19385992650862371,,,1088228079
,dynamic_minus_static,static_update_k4,0.0,0.6878628406648508,1,0.6878628406648508,,,119777f4c0
,dynamic_minus_static,static_update_k4,-0.32732093597683287,0.0004287381358738067,2,0.32774967411270667,,,18b160d3a7
,dynamic_minus_static,static_update_k4,0.0,0.18663580243081856,1,0.18663580243081856,,,1a5dead3e3
,dynamic_minus_static,static_update_k4,0.0,0.625,2,0.625,,,20eaede0fb
,dynamic_minus_static,static_update_k4,0.19879035977249904,0.6163838369853829,4,0.41759347721288387,,,22680d3b50
,dynamic_minus_static,static_update_k4,0.6170045170920213,0.6170045170920213,1,0.0,,,2683deffcb
,dynamic_minus_static,static_update_k4,0.020567474968249067,0.6611924749682491,1,0.640625,,,28ff632792
,dynamic_minus_static,static_update_k4,0.0,0.45377015709427204,1,0.45377015709427204,,,2a87bea97e
,dynamic_minus_static,static_update_k4,-0.40599443505794686,0.262560843186849,1,0.6685552782447959,,,2abb12f2f7
,dynamic_minus_static,static_update_k4,0.004895253743474232,0.004895253743474232,1,0.0,,,2c4cbde1aa
,dynamic_minus_static,static_update_k4,0.0,0.7535279392466596,1,0.7535279392466596,,,2cfdc294c5
,dynamic_minus_static,static_update_k4,0.017893256683806355,0.060995812840108285,3,0.04310255615630193,,,30c20fb4c1
,dynamic_minus_static,static_update_k4,-0.24617161484116343,0.20833046417427256,1,0.454502079015436,,,30f4d962f9
,dynamic_minus_static,static_update_k4,0.6480713328515024,0.6480713328515024,1,0.0,,,31a352c169
,dynamic_minus_static,static_update_k4,-0.45113884046778874,0.15625,3,0.6073888404677887,,,39db436191
,dynamic_minus_static,static_update_k4,0.0,0.6821032964353084,1,0.6821032964353084,,,41c5109249
,dynamic_minus_static,static_update_k4,0.005690083977684002,0.5657314463028544,3,0.5600413623251704,,,5c0c9c0098
,dynamic_minus_static,static_update_k4,0.0,0.6164453931864622,1,0.6164453931864622,,,5d262b025c
,dynamic_minus_static,static_update_k4,-0.01483060956191784,0.6218774110111608,1,0.6367080205730786,,,5d2c735adb
,dynamic_minus_static,static_update_k4,0.06408629872617033,0.7359612987261703,2,0.671875,,,68170c3f7a
,dynamic_minus_static,static_update_k4,0.17048867524403344,0.726365677218477,2,0.5558770019744436,,,6a1db02e31
,dynamic_minus_static,static_update_k4,0.0008155576969240963,0.7400455927447415,2,0.7392300350478174,,,6bf32cc0d5
,dynamic_minus_static,static_update_k4,0.0,0.5706227784175548,1,0.5706227784175548,,,6d76f5cbc2
,dynamic_minus_static,static_update_k4,-0.15648752258903775,0.5896140202680054,1,0.7461015428570431,,,6db18ab93a
,dynamic_minus_static,static_update_k4,0.18391948758515841,0.3011069875851584,12,0.1171875,,,6fb7a04167
,dynamic_minus_static,static_update_k4,0.0,0.0,1,0.0,,,7bdbd4f32f
,dynamic_minus_static,static_update_k4,-9.725216639977496e-05,0.15750878591200707,2,0.15760603807840684,,,7caa203c75
,dynamic_minus_static,static_update_k4,-0.12204587470120343,0.5787169565354306,2,0.7007628312366341,,,8086f00d3d
,dynamic_minus_static,static_update_k4,0.0,0.16828427890184616,3,0.16828427890184616,,,8093ebd9a3
,dynamic_minus_static,static_update_k4,0.0,0.7882637446677778,9,0.7882637446677778,,,8290c48fcb
,dynamic_minus_static,static_update_k4,-0.4010381748764057,0.1250241748323878,3,0.5260623497087935,,,84dc481247
,dynamic_minus_static,static_update_k4,-6.0895825646944957e-05,0.41965340068324675,2,0.4197142965088937,,,882e8c62d3
,dynamic_minus_static,static_update_k4,-0.09547362907519286,0.3699144837435169,2,0.46538811281870973,,,8847e5550e
,dynamic_minus_static,static_update_k4,0.0,0.546875,1,0.546875,,,8b0e20e373
,dynamic_minus_static,static_update_k4,-0.10030177588915687,0.10578977549485899,7,0.20609155138401586,,,939b6aed6d
,dynamic_minus_static,static_update_k4,0.0,0.5119625711866256,1,0.5119625711866256,,,976257d833
,dynamic_minus_static,static_update_k4,0.02217741675532492,0.3614940994514504,1,0.33931668269612547,,,9bc92f09e0
,dynamic_minus_static,static_update_k4,-0.5641956095721601,0.1912927804083901,2,0.7554883899805502,,,9c1297ecd3
,dynamic_minus_static,static_update_k4,-0.0023650194601900765,0.6712665043784409,2,0.673631523838631,,,a3f2b5d434
,dynamic_minus_static,static_update_k4,0.0,0.6483788610168357,1,0.6483788610168357,,,a500f0e77c
,dynamic_minus_static,static_update_k4,0.0,0.359375,3,0.359375,,,a595411232
,dynamic_minus_static,static_update_k4,0.14287222618840267,0.24401841185621947,2,0.10114618566781679,,,a8b6fd5e4d
,dynamic_minus_static,static_update_k4,0.0,0.265625,5,0.265625,,,af3ad95fe0
,dynamic_minus_static,static_update_k4,0.0,0.3275243438080918,1,0.3275243438080918,,,af7297f0db
,dynamic_minus_static,static_update_k4,0.0,0.5447863193653371,1,0.5447863193653371,,,b4a5ada352
,dynamic_minus_static,static_update_k4,-0.1316149209714082,0.0,5,0.1316149209714082,,,b5c9c04bf9
,dynamic_minus_static,static_update_k4,0.6362674719482823,0.6365524158702145,2,0.00028494392193226476,,,bd4aefda10
,dynamic_minus_static,static_update_k4,0.1688710540410695,0.6814850294750604,3,0.5126139754339909,,,bda2f20019
,dynamic_minus_static,static_update_k4,0.0,0.06705184693338315,1,0.06705184693338315,,,c4638cc87e
,dynamic_minus_static,static_update_k4,0.0,0.6062276891594325,2,0.6062276891594325,,,c5c9b749d4
,dynamic_minus_static,static_update_k4,0.5562660601740298,0.6031410601740298,1,0.046875,,,c6bb21356b
,dynamic_minus_static,static_update_k4,0.0,0.546875,1,0.546875,,,c733601fcd
,dynamic_minus_static,static_update_k4,-0.3137304010642996,0.17348579565536337,1,0.487216196719663,,,c73c2a03a0
,dynamic_minus_static,static_update_k4,0.0,0.421875,3,0.421875,,,d33c8343bc
,dynamic_minus_static,static_update_k4,0.0,0.6875,2,0.6875,,,dca31590b8
,dynamic_minus_static,static_update_k4,0.0,0.6604123883093338,2,0.6604123883093338,,,ddc213ba3f
,dynamic_minus_static,static_update_k4,0.0957662160130035,0.3755948476815095,1,0.279828631668506,,,e6f1a061ea
,dynamic_minus_static,static_update_k4,0.0,0.20703413161194306,1,0.20703413161194306,,,e9b78ad8e7
,dynamic_minus_static,static_update_k4,-0.148726903918669,0.046875,3,0.195601903918669,,,f3864705c4
,dynamic_minus_static,static_update_k4,0.0,0.6875,6,0.6875,,,f771c97b16
,dynamic_minus_static,static_update_k8,0.0,0.671875,3,0.671875,,,0310d3743b
,dynamic_minus_static,static_update_k8,0.0,0.6906911086722234,2,0.6906911086722234,,,046ee6aa1a
,dynamic_minus_static,static_update_k8,0.06206357378919719,0.45790221657858,2,0.3958386427893828,,,0d0ebe00cc
,dynamic_minus_static,static_update_k8,0.0,0.21275195682773695,1,0.21275195682773695,,,1088228079
,dynamic_minus_static,static_update_k8,0.0,0.6338187277065152,1,0.6338187277065152,,,119777f4c0
,dynamic_minus_static,static_update_k8,-0.3592833240633569,0.0015960526279043506,2,0.36087937669126124,,,18b160d3a7
,dynamic_minus_static,static_update_k8,0.0,0.4415889490385893,1,0.4415889490385893,,,1a5dead3e3
,dynamic_minus_static,static_update_k8,0.0,0.625,2,0.625,,,20eaede0fb
,dynamic_minus_static,static_update_k8,0.0005968265224767233,0.6164859774699514,4,0.6158891509474747,,,22680d3b50
,dynamic_minus_static,static_update_k8,0.7295785085471372,0.7295785085471372,1,0.0,,,2683deffcb
,dynamic_minus_static,static_update_k8,0.0503662122340135,0.6909912122340135,1,0.640625,,,28ff632792
,dynamic_minus_static,static_update_k8,0.0,0.5667975638273687,1,0.5667975638273687,,,2a87bea97e
,dynamic_minus_static,static_update_k8,-0.5071739409446054,0.2738742863225428,1,0.7810482272671482,,,2abb12f2f7
,dynamic_minus_static,static_update_k8,-0.2334174732164133,0.2004004587800274,1,0.4338179319964407,,,2c4cbde1aa
,dynamic_minus_static,static_update_k8,0.0,0.7309208221087792,1,0.7309208221087792,,,2cfdc294c5
,dynamic_minus_static,static_update_k8,0.009728540302971558,0.05398624268005735,3,0.04425770237708579,,,30c20fb4c1
,dynamic_minus_static,static_update_k8,0.12632844353263828,0.403327442580174,1,0.2769989990475357,,,30f4d962f9
,dynamic_minus_static,static_update_k8,0.6512451263479124,0.6512451263479124,1,0.0,,,31a352c169
,dynamic_minus_static,static_update_k8,0.0014344025859283072,0.7237908130864077,3,0.7223564105004794,,,39db436191
,dynamic_minus_static,static_update_k8,0.0,0.7267257364198889,1,0.7267257364198889,,,41c5109249
,dynamic_minus_static,static_update_k8,-0.06684047880396982,0.3917740580309983,3,0.4586145368349681,,,5c0c9c0098
,dynamic_minus_static,static_update_k8,0.0,0.764516705934499,1,0.764516705934499,,,5d262b025c
,dynamic_minus_static,static_update_k8,-0.08069108729837113,0.2450361059952569,1,0.32572719329362804,,,5d2c735adb
,dynamic_minus_static,static_update_k8,0.02224741536991426,0.6941224153699143,2,0.671875,,,68170c3f7a
,dynamic_minus_static,static_update_k8,0.2798241790436301,0.726365677218477,2,0.4465414981748469,,,6a1db02e31
,dynamic_minus_static,static_update_k8,-0.001601597384275788,0.735812562603543,2,0.7374141599878188,,,6bf32cc0d5
,dynamic_minus_static,static_update_k8,0.0,0.6235128049765472,1,0.6235128049765472,,,6d76f5cbc2
,dynamic_minus_static,static_update_k8,-0.00017579884010787694,0.7669595651855108,1,0.7671353640256187,,,6db18ab93a
,dynamic_minus_static,static_update_k8,0.16231811431079562,0.2936063892190037,12,0.1312882749082081,,,6fb7a04167
,dynamic_minus_static,static_update_k8,-0.809228930951112,0.0,1,0.809228930951112,,,7bdbd4f32f
,dynamic_minus_static,static_update_k8,-4.3513373660930554e-06,0.5367225130086686,2,0.5367268643460347,,,7caa203c75
,dynamic_minus_static,static_update_k8,-0.05777258258126872,0.7621883085807443,2,0.819960891162013,,,8086f00d3d
,dynamic_minus_static,static_update_k8,0.0,0.18609812459483235,3,0.18609812459483235,,,8093ebd9a3
,dynamic_minus_static,static_update_k8,0.0,0.7886559887309096,9,0.7886559887309096,,,8290c48fcb
,dynamic_minus_static,static_update_k8,-0.18309916214821595,0.20659944696105495,3,0.3896986091092709,,,84dc481247
,dynamic_minus_static,static_update_k8,-0.09445371679523357,0.413212349412246,2,0.5076660662074796,,,882e8c62d3
,dynamic_minus_static,static_update_k8,-0.11409783814735353,0.3297631735341273,2,0.44386101168148084,,,8847e5550e
,dynamic_minus_static,static_update_k8,0.0,0.8045854223483806,1,0.8045854223483806,,,8b0e20e373
,dynamic_minus_static,static_update_k8,0.06491157234761619,0.34223004201840584,7,0.27731846967078966,,,939b6aed6d
,dynamic_minus_static,static_update_k8,0.0,0.571883841695498,1,0.571883841695498,,,976257d833
,dynamic_minus_static,static_update_k8,-0.00010624904381772993,0.2821130695539319,1,0.2822193185977496,,,9bc92f09e0
,dynamic_minus_static,static_update_k8,-0.49741586268778826,0.26832831937819357,2,0.7657441820659818,,,9c1297ecd3
,dynamic_minus_static,static_update_k8,0.07839679019448209,0.792881752872444,2,0.7144849626779619,,,a3f2b5d434
,dynamic_minus_static,static_update_k8,0.0,0.7565493973550305,1,0.7565493973550305,,,a500f0e77c
,dynamic_minus_static,static_update_k8,0.0,0.5919877123568831,3,0.5919877123568831,,,a595411232
,dynamic_minus_static,static_update_k8,0.32551433776890304,0.4395013154773755,2,0.11398697770847245,,,a8b6fd5e4d
,dynamic_minus_static,static_update_k8,0.0,0.265625,5,0.265625,,,af3ad95fe0
,dynamic_minus_static,static_update_k8,0.0,0.32831602391003767,1,0.32831602391003767,,,af7297f0db
,dynamic_minus_static,static_update_k8,-0.04207628155346582,0.21843572718885784,1,0.26051200874232366,,,b4a5ada352
,dynamic_minus_static,static_update_k8,-0.6354712054595207,0.0,5,0.6354712054595207,,,b5c9c04bf9
,dynamic_minus_static,static_update_k8,0.7498163509683645,0.7500455728304767,2,0.00022922186211213143,,,bd4aefda10
,dynamic_minus_static,static_update_k8,0.23823132495298827,0.8202222850090138,3,0.5819909600560256,,,bda2f20019
,dynamic_minus_static,static_update_k8,-0.11319789200687466,0.1347684093113721,1,0.24796630131824676,,,c4638cc87e
,dynamic_minus_static,static_update_k8,0.0,0.6628887590547785,2,0.6628887590547785,,,c5c9b749d4
,dynamic_minus_static,static_update_k8,0.6065805030850143,0.6534555030850143,1,0.046875,,,c6bb21356b
,dynamic_minus_static,static_update_k8,0.0,0.546875,1,0.546875,,,c733601fcd
,dynamic_minus_static,static_update_k8,-0.22405206428492153,0.35141870275813014,1,0.5754707670430517,,,c73c2a03a0
,dynamic_minus_static,static_update_k8,0.0,0.421875,3,0.421875,,,d33c8343bc
,dynamic_minus_static,static_update_k8,0.0,0.6875,2,0.6875,,,dca31590b8
,dynamic_minus_static,static_update_k8,0.0,0.7814307306800239,2,0.7814307306800239,,,ddc213ba3f
,dynamic_minus_static,static_update_k8,-0.09588149826275277,0.36708359013924896,1,0.46296508840200173,,,e6f1a061ea
,dynamic_minus_static,static_update_k8,-0.11547063120129375,0.41071931342903334,1,0.5261899446303271,,,e9b78ad8e7
,dynamic_minus_static,static_update_k8,-0.0994736627849824,0.046875,3,0.1463486627849824,,,f3864705c4
,dynamic_minus_static,static_update_k8,0.09184033683427884,0.8711806736685577,6,0.7793403368342788,,,f771c97b16
,dynamic_minus_static,temporal_update_k2,0.0,0.671875,3,0.671875,,,0310d3743b
,dynamic_minus_static,temporal_update_k2,0.0,0.625,2,0.625,,,046ee6aa1a
,dynamic_minus_static,temporal_update_k2,0.2016358569736587,0.5610108569736587,2,0.359375,,,0d0ebe00cc
,dynamic_minus_static,temporal_update_k2,0.0,0.12850150657843784,1,0.12850150657843784,,,1088228079
,dynamic_minus_static,temporal_update_k2,0.0,0.8563129408371337,1,0.8563129408371337,,,119777f4c0
,dynamic_minus_static,temporal_update_k2,0.0,0.2349642258639193,2,0.2349642258639193,,,18b160d3a7
,dynamic_minus_static,temporal_update_k2,0.0,0.14659129108910607,1,0.14659129108910607,,,1a5dead3e3
,dynamic_minus_static,temporal_update_k2,0.0,0.625,2,0.625,,,20eaede0fb
,dynamic_minus_static,temporal_update_k2,0.4175885876722919,0.4175885876722919,4,0.0,,,22680d3b50
,dynamic_minus_static,temporal_update_k2,0.41637433068919144,0.41637433068919144,1,0.0,,,2683deffcb
,dynamic_minus_static,temporal_update_k2,0.0,0.640625,1,0.640625,,,28ff632792
,dynamic_minus_static,temporal_update_k2,0.0,0.25432170757995765,1,0.25432170757995765,,,2a87bea97e
,dynamic_minus_static,temporal_update_k2,-0.3270869334361092,0.10632837980305189,1,0.43341531323916105,,,2abb12f2f7
,dynamic_minus_static,temporal_update_k2,0.2901086569642181,0.3213586569642181,1,0.03125,,,2c4cbde1aa
,dynamic_minus_static,temporal_update_k2,0.0,0.09375,1,0.09375,,,2cfdc294c5
,dynamic_minus_static,temporal_update_k2,0.0018733248079469828,0.04434203967894073,3,0.04246871487099375,,,30c20fb4c1
,dynamic_minus_static,temporal_update_k2,-0.42200079888096625,0.0,1,0.42200079888096625,,,30f4d962f9
,dynamic_minus_static,temporal_update_k2,0.43044185069148366,0.43044185069148366,1,0.0,,,31a352c169
,dynamic_minus_static,temporal_update_k2,0.0,0.15625,3,0.15625,,,39db436191
,dynamic_minus_static,temporal_update_k2,0.0,0.4552032377279912,1,0.4552032377279912,,,41c5109249
,dynamic_minus_static,temporal_update_k2,-0.078125,0.46875,3,0.546875,,,5c0c9c0098
,dynamic_minus_static,temporal_update_k2,0.0,0.10612189268463534,1,0.10612189268463534,,,5d262b025c
,dynamic_minus_static,temporal_update_k2,0.0,0.4659738151329039,1,0.4659738151329039,,,5d2c735adb
,dynamic_minus_static,temporal_update_k2,0.0,0.671875,2,0.671875,,,68170c3f7a
,dynamic_minus_static,temporal_update_k2,0.0,0.65625,2,0.65625,,,6a1db02e31
,dynamic_minus_static,temporal_update_k2,0.0,0.4375,2,0.4375,,,6bf32cc0d5
,dynamic_minus_static,temporal_update_k2,0.0,0.4407835267206537,1,0.4407835267206537,,,6d76f5cbc2
,dynamic_minus_static,temporal_update_k2,-0.13112221121226136,0.4593134177348242,1,0.5904356289470856,,,6db18ab93a
,dynamic_minus_static,temporal_update_k2,0.0,0.5625,12,0.5625,,,6fb7a04167
,dynamic_minus_static,temporal_update_k2,0.0,0.0,1,0.0,,,7bdbd4f32f
,dynamic_minus_static,temporal_update_k2,0.015469015985307144,0.15436169157640894,2,0.1388926755911018,,,7caa203c75
,dynamic_minus_static,temporal_update_k2,-0.22112361656811383,0.21659067131002221,2,0.43771428787813604,,,8086f00d3d
,dynamic_minus_static,temporal_update_k2,0.1463792139297005,0.31551634279675583,3,0.16913712886705534,,,8093ebd9a3
,dynamic_minus_static,temporal_update_k2,0.0,0.265625,9,0.265625,,,8290c48fcb
,dynamic_minus_static,temporal_update_k2,-0.2250171515653897,0.171875,3,0.3968921515653897,,,84dc481247
,dynamic_minus_static,temporal_update_k2,-0.06303841294136342,0.3588403028525669,2,0.4218787157939303,,,882e8c62d3
,dynamic_minus_static,temporal_update_k2,0.0,0.2179854216007269,2,0.2179854216007269,,,8847e5550e
,dynamic_minus_static,temporal_update_k2,0.0,0.546875,1,0.546875,,,8b0e20e373
,dynamic_minus_static,temporal_update_k2,0.003153118885762529,0.16255623777152506,7,0.15940311888576253,,,939b6aed6d
,dynamic_minus_static,temporal_update_k2,0.0,0.48701448084696225,1,0.48701448084696225,,,976257d833
,dynamic_minus_static,temporal_update_k2,7.552717835923595e-06,0.25467103041291905,1,0.25466347769508313,,,9bc92f09e0
,dynamic_minus_static,temporal_update_k2,-0.10976397431424545,0.5104281049387274,2,0.6201920792529728,,,9c1297ecd3
,dynamic_minus_static,temporal_update_k2,-3.57961788055583e-05,0.4464707476504574,2,0.44650654382926297,,,a3f2b5d434
,dynamic_minus_static,temporal_update_k2,0.0,0.4326988506814978,1,0.4326988506814978,,,a500f0e77c
,dynamic_minus_static,temporal_update_k2,0.0,0.359375,3,0.359375,,,a595411232
,dynamic_minus_static,temporal_update_k2,0.0,0.09375,2,0.09375,,,a8b6fd5e4d
,dynamic_minus_static,temporal_update_k2,0.0,0.265625,5,0.265625,,,af3ad95fe0
,dynamic_minus_static,temporal_update_k2,0.0,0.046875,1,0.046875,,,af7297f0db
,dynamic_minus_static,temporal_update_k2,-0.02066293105301964,0.14623723270889832,1,0.16690016376191796,,,b4a5ada352
,dynamic_minus_static,temporal_update_k2,0.0,0.0,5,0.0,,,b5c9c04bf9
,dynamic_minus_static,temporal_update_k2,0.4090807388420308,0.4090807388420308,2,0.0,,,bd4aefda10
,dynamic_minus_static,temporal_update_k2,0.0,0.34375,3,0.34375,,,bda2f20019
,dynamic_minus_static,temporal_update_k2,0.04186838193997616,0.1828638563749614,1,0.14099547443498522,,,c4638cc87e
,dynamic_minus_static,temporal_update_k2,0.0,0.5,2,0.5,,,c5c9b749d4
,dynamic_minus_static,temporal_update_k2,0.14584928813192044,0.19272428813192044,1,0.046875,,,c6bb21356b
,dynamic_minus_static,temporal_update_k2,0.0,0.546875,1,0.546875,,,c733601fcd
,dynamic_minus_static,temporal_update_k2,-0.025950366426604116,0.1352381629637834,1,0.16118852939038752,,,c73c2a03a0
,dynamic_minus_static,temporal_update_k2,0.0,0.421875,3,0.421875,,,d33c8343bc
,dynamic_minus_static,temporal_update_k2,0.0,0.6875,2,0.6875,,,dca31590b8
,dynamic_minus_static,temporal_update_k2,0.0,0.4306146655242518,2,0.4306146655242518,,,ddc213ba3f
,dynamic_minus_static,temporal_update_k2,0.0,0.265625,1,0.265625,,,e6f1a061ea
,dynamic_minus_static,temporal_update_k2,0.0,0.4375,1,0.4375,,,e9b78ad8e7
,dynamic_minus_static,temporal_update_k2,0.0,0.046875,3,0.046875,,,f3864705c4
,dynamic_minus_static,temporal_update_k2,0.0,0.6875,6,0.6875,,,f771c97b16
,dynamic_minus_static,temporal_update_k4,0.0,0.671875,3,0.671875,,,0310d3743b
,dynamic_minus_static,temporal_update_k4,0.0,0.625,2,0.625,,,046ee6aa1a
,dynamic_minus_static,temporal_update_k4,0.070106431628363,0.429481431628363,2,0.359375,,,0d0ebe00cc
,dynamic_minus_static,temporal_update_k4,0.0,0.19385992650862371,1,0.19385992650862371,,,1088228079
,dynamic_minus_static,temporal_update_k4,0.0,0.6878628406648508,1,0.6878628406648508,,,119777f4c0
,dynamic_minus_static,temporal_update_k4,-0.30725088429595576,0.020498789816750924,2,0.32774967411270667,,,18b160d3a7
,dynamic_minus_static,temporal_update_k4,0.0,0.18663580243081856,1,0.18663580243081856,,,1a5dead3e3
,dynamic_minus_static,temporal_update_k4,0.0,0.625,2,0.625,,,20eaede0fb
,dynamic_minus_static,temporal_update_k4,0.19879035977249904,0.6163838369853829,4,0.41759347721288387,,,22680d3b50
,dynamic_minus_static,temporal_update_k4,0.6170045170920213,0.6170045170920213,1,0.0,,,2683deffcb
,dynamic_minus_static,temporal_update_k4,0.020567474968249067,0.6611924749682491,1,0.640625,,,28ff632792
,dynamic_minus_static,temporal_update_k4,0.0,0.45377015709427204,1,0.45377015709427204,,,2a87bea97e
,dynamic_minus_static,temporal_update_k4,-0.5284044215027629,0.14015085674203298,1,0.6685552782447959,,,2abb12f2f7
,dynamic_minus_static,temporal_update_k4,0.3263885117155171,0.32644080395172737,1,5.229223621026672e-05,,,2c4cbde1aa
,dynamic_minus_static,temporal_update_k4,0.0,0.7535279392466596,1,0.7535279392466596,,,2cfdc294c5
,dynamic_minus_static,temporal_update_k4,0.017893256683806355,0.060995812840108285,3,0.04310255615630193,,,30c20fb4c1
,dynamic_minus_static,temporal_update_k4,-0.3141904262279152,0.20902980018653045,1,0.5232202264144457,,,30f4d962f9
,dynamic_minus_static,temporal_update_k4,0.6480713328515024,0.6480713328515024,1,0.0,,,31a352c169
,dynamic_minus_static,temporal_update_k4,-0.45113884046778874,0.15625,3,0.6073888404677887,,,39db436191
,dynamic_minus_static,temporal_update_k4,-0.010409027554302508,0.6716942688810059,1,0.6821032964353084,,,41c5109249
,dynamic_minus_static,temporal_update_k4,-0.08986809393175677,0.28513190606824323,3,0.375,,,5c0c9c0098
,dynamic_minus_static,temporal_update_k4,0.0,0.6164453931864622,1,0.6164453931864622,,,5d262b025c
,dynamic_minus_static,temporal_update_k4,0.0,0.6367080205730786,1,0.6367080205730786,,,5d2c735adb
,dynamic_minus_static,temporal_update_k4,0.06408629872617033,0.7359612987261703,2,0.671875,,,68170c3f7a
,dynamic_minus_static,temporal_update_k4,0.17048867524403344,0.726365677218477,2,0.5558770019744436,,,6a1db02e31
,dynamic_minus_static,temporal_update_k4,0.0008155576969240963,0.7400455927447415,2,0.7392300350478174,,,6bf32cc0d5
,dynamic_minus_static,temporal_update_k4,0.0,0.5706227784175548,1,0.5706227784175548,,,6d76f5cbc2
,dynamic_minus_static,temporal_update_k4,-0.15648752258903775,0.5896140202680054,1,0.7461015428570431,,,6db18ab93a
,dynamic_minus_static,temporal_update_k4,-0.10134645665280262,0.1997605309323558,12,0.3011069875851584,,,6fb7a04167
,dynamic_minus_static,temporal_update_k4,0.0,0.0,1,0.0,,,7bdbd4f32f
,dynamic_minus_static,temporal_update_k4,-9.725216639977496e-05,0.15750878591200707,2,0.15760603807840684,,,7caa203c75
,dynamic_minus_static,temporal_update_k4,-0.12204587470120343,0.5787169565354306,2,0.7007628312366341,,,8086f00d3d
,dynamic_minus_static,temporal_update_k4,0.013828315621701698,0.18211259452354786,3,0.16828427890184616,,,8093ebd9a3
,dynamic_minus_static,temporal_update_k4,0.0,0.7882637446677778,9,0.7882637446677778,,,8290c48fcb
,dynamic_minus_static,temporal_update_k4,-0.22913029607901114,0.265625,3,0.49475529607901114,,,84dc481247
,dynamic_minus_static,temporal_update_k4,-0.10930584152668144,0.31040845498221226,2,0.4197142965088937,,,882e8c62d3
,dynamic_minus_static,temporal_update_k4,0.0,0.27791565527335693,2,0.27791565527335693,,,8847e5550e
,dynamic_minus_static,temporal_update_k4,0.0,0.546875,1,0.546875,,,8b0e20e373
,dynamic_minus_static,temporal_update_k4,0.04984155138401586,0.2559331027680317,7,0.20609155138401586,,,939b6aed6d
,dynamic_minus_static,temporal_update_k4,0.0,0.5119625711866256,1,0.5119625711866256,,,976257d833
,dynamic_minus_static,temporal_update_k4,6.038867522095703e-06,0.3614940994514504,1,0.3614880605839283,,,9bc92f09e0
,dynamic_minus_static,temporal_update_k4,-0.20682430674307273,0.5210354360788048,2,0.7278597428218775,,,9c1297ecd3
,dynamic_minus_static,temporal_update_k4,-0.0023650194601900765,0.6712665043784409,2,0.673631523838631,,,a3f2b5d434
,dynamic_minus_static,temporal_update_k4,0.0,0.6483788610168357,1,0.6483788610168357,,,a500f0e77c
,dynamic_minus_static,temporal_update_k4,0.0,0.359375,3,0.359375,,,a595411232
,dynamic_minus_static,temporal_update_k4,0.14287222618840267,0.24401841185621947,2,0.10114618566781679,,,a8b6fd5e4d
,dynamic_minus_static,temporal_update_k4,0.0,0.265625,5,0.265625,,,af3ad95fe0
,dynamic_minus_static,temporal_update_k4,0.0,0.3275243438080918,1,0.3275243438080918,,,af7297f0db
,dynamic_minus_static,temporal_update_k4,-0.2030193795612073,0.34176693980412975,1,0.5447863193653371,,,b4a5ada352
,dynamic_minus_static,temporal_update_k4,-0.1316149209714082,0.0,5,0.1316149209714082,,,b5c9c04bf9
,dynamic_minus_static,temporal_update_k4,0.6362674719482823,0.6365524158702145,2,0.00028494392193226476,,,bd4aefda10
,dynamic_minus_static,temporal_update_k4,0.1688710540410695,0.6814850294750604,3,0.5126139754339909,,,bda2f20019
,dynamic_minus_static,temporal_update_k4,-0.003556118208606601,0.04501489500472701,1,0.04857101321333361,,,c4638cc87e
,dynamic_minus_static,temporal_update_k4,0.0,0.6062276891594325,2,0.6062276891594325,,,c5c9b749d4
,dynamic_minus_static,temporal_update_k4,0.5562660601740298,0.6031410601740298,1,0.046875,,,c6bb21356b
,dynamic_minus_static,temporal_update_k4,0.0,0.546875,1,0.546875,,,c733601fcd
,dynamic_minus_static,temporal_update_k4,-0.3137304010642996,0.17348579565536337,1,0.487216196719663,,,c73c2a03a0
,dynamic_minus_static,temporal_update_k4,0.0,0.421875,3,0.421875,,,d33c8343bc
,dynamic_minus_static,temporal_update_k4,0.0,0.6875,2,0.6875,,,dca31590b8
,dynamic_minus_static,temporal_update_k4,0.0,0.6604123883093338,2,0.6604123883093338,,,ddc213ba3f
,dynamic_minus_static,temporal_update_k4,0.10286803184725651,0.38269666351576254,1,0.279828631668506,,,e6f1a061ea
,dynamic_minus_static,temporal_update_k4,0.0,0.3656035595576225,1,0.3656035595576225,,,e9b78ad8e7
,dynamic_minus_static,temporal_update_k4,-0.148726903918669,0.046875,3,0.195601903918669,,,f3864705c4
,dynamic_minus_static,temporal_update_k4,0.0,0.6875,6,0.6875,,,f771c97b16
,dynamic_minus_static,temporal_update_k8,0.0,0.671875,3,0.671875,,,0310d3743b
,dynamic_minus_static,temporal_update_k8,0.0,0.6906911086722234,2,0.6906911086722234,,,046ee6aa1a
,dynamic_minus_static,temporal_update_k8,0.06206357378919719,0.45790221657858,2,0.3958386427893828,,,0d0ebe00cc
,dynamic_minus_static,temporal_update_k8,0.0,0.21275195682773695,1,0.21275195682773695,,,1088228079
,dynamic_minus_static,temporal_update_k8,0.0,0.6338187277065152,1,0.6338187277065152,,,119777f4c0
,dynamic_minus_static,temporal_update_k8,-0.18583262193753522,0.021893038695360776,2,0.207725660632896,,,18b160d3a7
,dynamic_minus_static,temporal_update_k8,0.0,0.4415889490385893,1,0.4415889490385893,,,1a5dead3e3
,dynamic_minus_static,temporal_update_k8,0.0,0.625,2,0.625,,,20eaede0fb
,dynamic_minus_static,temporal_update_k8,0.0005968265224767233,0.6164859774699514,4,0.6158891509474747,,,22680d3b50
,dynamic_minus_static,temporal_update_k8,0.7295785085471372,0.7295785085471372,1,0.0,,,2683deffcb
,dynamic_minus_static,temporal_update_k8,0.0503662122340135,0.6909912122340135,1,0.640625,,,28ff632792
,dynamic_minus_static,temporal_update_k8,0.0,0.5667975638273687,1,0.5667975638273687,,,2a87bea97e
,dynamic_minus_static,temporal_update_k8,-0.6418542610873823,0.13919396617976593,1,0.7810482272671482,,,2abb12f2f7
,dynamic_minus_static,temporal_update_k8,0.4233383811596278,0.4344485680171453,1,0.011110186857517548,,,2c4cbde1aa
,dynamic_minus_static,temporal_update_k8,0.0,0.7309208221087792,1,0.7309208221087792,,,2cfdc294c5
,dynamic_minus_static,temporal_update_k8,0.009728540302971558,0.05398624268005735,3,0.04425770237708579,,,30c20fb4c1
,dynamic_minus_static,temporal_update_k8,-0.04359990803784852,0.5861173359590254,1,0.6297172439968739,,,30f4d962f9
,dynamic_minus_static,temporal_update_k8,0.6512451263479124,0.6512451263479124,1,0.0,,,31a352c169
,dynamic_minus_static,temporal_update_k8,0.0015302768136525868,0.7237908130864077,3,0.7222605362727551,,,39db436191
,dynamic_minus_static,temporal_update_k8,-0.004288125066980841,0.7224376113529081,1,0.7267257364198889,,,41c5109249
,dynamic_minus_static,temporal_update_k8,-0.09114930591024728,0.22135069408975272,3,0.3125,,,5c0c9c0098
,dynamic_minus_static,temporal_update_k8,0.0,0.764516705934499,1,0.764516705934499,,,5d262b025c
,dynamic_minus_static,temporal_update_k8,-0.00674383994577582,0.29992199851802287,1,0.3066658384637987,,,5d2c735adb
,dynamic_minus_static,temporal_update_k8,0.02224741536991426,0.6941224153699143,2,0.671875,,,68170c3f7a
,dynamic_minus_static,temporal_update_k8,0.2798241790436301,0.726365677218477,2,0.4465414981748469,,,6a1db02e31
,dynamic_minus_static,temporal_update_k8,-0.001601597384275788,0.735812562603543,2,0.7374141599878188,,,6bf32cc0d5
,dynamic_minus_static,temporal_update_k8,0.0,0.6235128049765472,1,0.6235128049765472,,,6d76f5cbc2
,dynamic_minus_static,temporal_update_k8,-0.00017579884010787694,0.7669595651855108,1,0.7671353640256187,,,6db18ab93a
,dynamic_minus_static,temporal_update_k8,0.102751258712458,0.25806258588979103,12,0.15531132717733304,,,6fb7a04167
,dynamic_minus_static,temporal_update_k8,-0.809228930951112,0.0,1,0.809228930951112,,,7bdbd4f32f
,dynamic_minus_static,temporal_update_k8,-4.3513373660930554e-06,0.5367225130086686,2,0.5367268643460347,,,7caa203c75
,dynamic_minus_static,temporal_update_k8,-0.05777258258126872,0.7621883085807443,2,0.819960891162013,,,8086f00d3d
,dynamic_minus_static,temporal_update_k8,0.08298569733733951,0.2701426233658378,3,0.18715692602849826,,,8093ebd9a3
,dynamic_minus_static,temporal_update_k8,0.0,0.7886559887309096,9,0.7886559887309096,,,8290c48fcb
,dynamic_minus_static,temporal_update_k8,-0.09865924563785144,0.37352839384536907,3,0.4721876394832205,,,84dc481247
,dynamic_minus_static,temporal_update_k8,-0.15240114286173756,0.355264923345742,2,0.5076660662074796,,,882e8c62d3
,dynamic_minus_static,temporal_update_k8,-0.03160082604060038,0.3497544750146366,2,0.38135530105523696,,,8847e5550e
,dynamic_minus_static,temporal_update_k8,0.0,0.8045854223483806,1,0.8045854223483806,,,8b0e20e373
,dynamic_minus_static,temporal_update_k8,0.12106846967078966,0.3983869393415793,7,0.27731846967078966,,,939b6aed6d
,dynamic_minus_static,temporal_update_k8,0.0,0.571883841695498,1,0.571883841695498,,,976257d833
,dynamic_minus_static,temporal_update_k8,-0.00010624904381772993,0.2821130695539319,1,0.2822193185977496,,,9bc92f09e0
,dynamic_minus_static,temporal_update_k8,0.0163047606526332,0.5388033655969422,2,0.522498604944309,,,9c1297ecd3
,dynamic_minus_static,temporal_update_k8,0.07839679019448209,0.792881752872444,2,0.7144849626779619,,,a3f2b5d434
,dynamic_minus_static,temporal_update_k8,0.0,0.7565493973550305,1,0.7565493973550305,,,a500f0e77c
,dynamic_minus_static,temporal_update_k8,0.0,0.5919877123568831,3,0.5919877123568831,,,a595411232
,dynamic_minus_static,temporal_update_k8,0.32551433776890304,0.4395013154773755,2,0.11398697770847245,,,a8b6fd5e4d
,dynamic_minus_static,temporal_update_k8,0.0,0.265625,5,0.265625,,,af3ad95fe0
,dynamic_minus_static,temporal_update_k8,0.0,0.32831602391003767,1,0.32831602391003767,,,af7297f0db
,dynamic_minus_static,temporal_update_k8,-0.05099526884738348,0.20951673989494018,1,0.26051200874232366,,,b4a5ada352
,dynamic_minus_static,temporal_update_k8,-0.5633765376513747,0.0,5,0.5633765376513747,,,b5c9c04bf9
,dynamic_minus_static,temporal_update_k8,0.7498163509683645,0.7500455728304767,2,0.00022922186211213143,,,bd4aefda10
,dynamic_minus_static,temporal_update_k8,0.23823132495298827,0.8202222850090138,3,0.5819909600560256,,,bda2f20019
,dynamic_minus_static,temporal_update_k8,0.05767865301583282,0.15742077404392024,1,0.09974212102808742,,,c4638cc87e
,dynamic_minus_static,temporal_update_k8,0.0,0.6628887590547785,2,0.6628887590547785,,,c5c9b749d4
,dynamic_minus_static,temporal_update_k8,0.6065805030850143,0.6534555030850143,1,0.046875,,,c6bb21356b
,dynamic_minus_static,temporal_update_k8,0.0,0.546875,1,0.546875,,,c733601fcd
,dynamic_minus_static,temporal_update_k8,-0.22405206428492153,0.35141870275813014,1,0.5754707670430517,,,c73c2a03a0
,dynamic_minus_static,temporal_update_k8,0.0,0.421875,3,0.421875,,,d33c8343bc
,dynamic_minus_static,temporal_update_k8,0.0,0.6875,2,0.6875,,,dca31590b8
,dynamic_minus_static,temporal_update_k8,0.0,0.7814307306800239,2,0.7814307306800239,,,ddc213ba3f
,dynamic_minus_static,temporal_update_k8,-0.03262039336722039,0.43034469503478134,1,0.46296508840200173,,,e6f1a061ea
,dynamic_minus_static,temporal_update_k8,0.0,0.5268249966702643,1,0.5268249966702643,,,e9b78ad8e7
,dynamic_minus_static,temporal_update_k8,-0.0994736627849824,0.046875,3,0.1463486627849824,,,f3864705c4
,dynamic_minus_static,temporal_update_k8,0.09184033683427884,0.8711806736685577,6,0.7793403368342788,,,f771c97b16
2,temporal_minus_static_dynamic,,0.0,,3,,0.671875,0.671875,0310d3743b
2,temporal_minus_static_dynamic,,0.0,,2,,0.625,0.625,046ee6aa1a
2,temporal_minus_static_dynamic,,0.0,,2,,0.5610108569736587,0.5610108569736587,0d0ebe00cc
2,temporal_minus_static_dynamic,,0.0,,1,,0.12850150657843784,0.12850150657843784,1088228079
2,temporal_minus_static_dynamic,,0.0,,1,,0.8563129408371337,0.8563129408371337,119777f4c0
2,temporal_minus_static_dynamic,,0.23450849546095748,,2,,0.0004557304029618117,0.2349642258639193,18b160d3a7
2,temporal_minus_static_dynamic,,0.0,,1,,0.14659129108910607,0.14659129108910607,1a5dead3e3
2,temporal_minus_static_dynamic,,0.0,,2,,0.625,0.625,20eaede0fb
2,temporal_minus_static_dynamic,,0.0,,4,,0.4175885876722919,0.4175885876722919,22680d3b50
2,temporal_minus_static_dynamic,,0.0,,1,,0.41637433068919144,0.41637433068919144,2683deffcb
2,temporal_minus_static_dynamic,,0.0,,1,,0.640625,0.640625,28ff632792
2,temporal_minus_static_dynamic,,0.0,,1,,0.25432170757995765,0.25432170757995765,2a87bea97e
2,temporal_minus_static_dynamic,,-0.3237753868146286,,1,,0.43010376661768046,0.10632837980305189,2abb12f2f7
2,temporal_minus_static_dynamic,,0.32130653874713,,1,,5.211821708811601e-05,0.3213586569642181,2c4cbde1aa
2,temporal_minus_static_dynamic,,0.0,,1,,0.09375,0.09375,2cfdc294c5
2,temporal_minus_static_dynamic,,0.0,,3,,0.04434203967894073,0.04434203967894073,30c20fb4c1
2,temporal_minus_static_dynamic,,0.0,,1,,0.0,0.0,30f4d962f9
2,temporal_minus_static_dynamic,,0.0,,1,,0.43044185069148366,0.43044185069148366,31a352c169
2,temporal_minus_static_dynamic,,0.0,,3,,0.15625,0.15625,39db436191
2,temporal_minus_static_dynamic,,0.0,,1,,0.4552032377279912,0.4552032377279912,41c5109249
2,temporal_minus_static_dynamic,,-0.12093533751411967,,3,,0.5896853375141197,0.46875,5c0c9c0098
2,temporal_minus_static_dynamic,,0.0,,1,,0.10612189268463534,0.10612189268463534,5d262b025c
2,temporal_minus_static_dynamic,,0.0,,1,,0.4659738151329039,0.4659738151329039,5d2c735adb
2,temporal_minus_static_dynamic,,0.0,,2,,0.671875,0.671875,68170c3f7a
2,temporal_minus_static_dynamic,,0.0,,2,,0.65625,0.65625,6a1db02e31
2,temporal_minus_static_dynamic,,0.0,,2,,0.4375,0.4375,6bf32cc0d5
2,temporal_minus_static_dynamic,,0.0,,1,,0.4407835267206537,0.4407835267206537,6d76f5cbc2
2,temporal_minus_static_dynamic,,0.0,,1,,0.4593134177348242,0.4593134177348242,6db18ab93a
2,temporal_minus_static_dynamic,,0.0,,12,,0.5625,0.5625,6fb7a04167
2,temporal_minus_static_dynamic,,0.0,,1,,0.0,0.0,7bdbd4f32f
2,temporal_minus_static_dynamic,,0.0,,2,,0.15436169157640894,0.15436169157640894,7caa203c75
2,temporal_minus_static_dynamic,,0.0,,2,,0.21659067131002221,0.21659067131002221,8086f00d3d
2,temporal_minus_static_dynamic,,0.1463792139297005,,3,,0.16913712886705534,0.31551634279675583,8093ebd9a3
2,temporal_minus_static_dynamic,,0.0,,9,,0.265625,0.265625,8290c48fcb
2,temporal_minus_static_dynamic,,-0.21875,,3,,0.390625,0.171875,84dc481247
2,temporal_minus_static_dynamic,,-0.06321491772549298,,2,,0.4220552205780599,0.3588403028525669,882e8c62d3
2,temporal_minus_static_dynamic,,-0.1570145783992731,,2,,0.375,0.2179854216007269,8847e5550e
2,temporal_minus_static_dynamic,,0.0,,1,,0.546875,0.546875,8b0e20e373
2,temporal_minus_static_dynamic,,0.006306237771525058,,7,,0.15625,0.16255623777152506,939b6aed6d
2,temporal_minus_static_dynamic,,0.0,,1,,0.48701448084696225,0.48701448084696225,976257d833
2,temporal_minus_static_dynamic,,0.0,,1,,0.25467103041291905,0.25467103041291905,9bc92f09e0
2,temporal_minus_static_dynamic,,0.0,,2,,0.5104281049387274,0.5104281049387274,9c1297ecd3
2,temporal_minus_static_dynamic,,0.0,,2,,0.4464707476504574,0.4464707476504574,a3f2b5d434
2,temporal_minus_static_dynamic,,0.0,,1,,0.4326988506814978,0.4326988506814978,a500f0e77c
2,temporal_minus_static_dynamic,,0.0,,3,,0.359375,0.359375,a595411232
2,temporal_minus_static_dynamic,,0.0,,2,,0.09375,0.09375,a8b6fd5e4d
2,temporal_minus_static_dynamic,,0.0,,5,,0.265625,0.265625,af3ad95fe0
2,temporal_minus_static_dynamic,,0.0,,1,,0.046875,0.046875,af7297f0db
2,temporal_minus_static_dynamic,,-0.02066293105301964,,1,,0.16690016376191796,0.14623723270889832,b4a5ada352
2,temporal_minus_static_dynamic,,0.0,,5,,0.0,0.0,b5c9c04bf9
2,temporal_minus_static_dynamic,,0.0,,2,,0.4090807388420308,0.4090807388420308,bd4aefda10
2,temporal_minus_static_dynamic,,0.0,,3,,0.34375,0.34375,bda2f20019
2,temporal_minus_static_dynamic,,0.0,,1,,0.1828638563749614,0.1828638563749614,c4638cc87e
2,temporal_minus_static_dynamic,,0.0,,2,,0.5,0.5,c5c9b749d4
2,temporal_minus_static_dynamic,,0.0,,1,,0.19272428813192044,0.19272428813192044,c6bb21356b
2,temporal_minus_static_dynamic,,0.0,,1,,0.546875,0.546875,c733601fcd
2,temporal_minus_static_dynamic,,0.0,,1,,0.1352381629637834,0.1352381629637834,c73c2a03a0
2,temporal_minus_static_dynamic,,0.0,,3,,0.421875,0.421875,d33c8343bc
2,temporal_minus_static_dynamic,,0.0,,2,,0.6875,0.6875,dca31590b8
2,temporal_minus_static_dynamic,,0.0,,2,,0.4306146655242518,0.4306146655242518,ddc213ba3f
2,temporal_minus_static_dynamic,,0.0,,1,,0.265625,0.265625,e6f1a061ea
2,temporal_minus_static_dynamic,,0.0,,1,,0.4375,0.4375,e9b78ad8e7
2,temporal_minus_static_dynamic,,0.0,,3,,0.046875,0.046875,f3864705c4
2,temporal_minus_static_dynamic,,0.0,,6,,0.6875,0.6875,f771c97b16
4,temporal_minus_static_dynamic,,0.0,,3,,0.671875,0.671875,0310d3743b
4,temporal_minus_static_dynamic,,0.0,,2,,0.625,0.625,046ee6aa1a
4,temporal_minus_static_dynamic,,0.0,,2,,0.429481431628363,0.429481431628363,0d0ebe00cc
4,temporal_minus_static_dynamic,,0.0,,1,,0.19385992650862371,0.19385992650862371,1088228079
4,temporal_minus_static_dynamic,,0.0,,1,,0.6878628406648508,0.6878628406648508,119777f4c0
4,temporal_minus_static_dynamic,,0.020070051680877117,,2,,0.0004287381358738067,0.020498789816750924,18b160d3a7
4,temporal_minus_static_dynamic,,0.0,,1,,0.18663580243081856,0.18663580243081856,1a5dead3e3
4,temporal_minus_static_dynamic,,0.0,,2,,0.625,0.625,20eaede0fb
4,temporal_minus_static_dynamic,,0.0,,4,,0.6163838369853829,0.6163838369853829,22680d3b50
4,temporal_minus_static_dynamic,,0.0,,1,,0.6170045170920213,0.6170045170920213,2683deffcb
4,temporal_minus_static_dynamic,,0.0,,1,,0.6611924749682491,0.6611924749682491,28ff632792
4,temporal_minus_static_dynamic,,0.0,,1,,0.45377015709427204,0.45377015709427204,2a87bea97e
4,temporal_minus_static_dynamic,,-0.12240998644481604,,1,,0.262560843186849,0.14015085674203298,2abb12f2f7
4,temporal_minus_static_dynamic,,0.32154555020825315,,1,,0.004895253743474232,0.32644080395172737,2c4cbde1aa
4,temporal_minus_static_dynamic,,0.0,,1,,0.7535279392466596,0.7535279392466596,2cfdc294c5
4,temporal_minus_static_dynamic,,0.0,,3,,0.060995812840108285,0.060995812840108285,30c20fb4c1
4,temporal_minus_static_dynamic,,0.000699336012257884,,1,,0.20833046417427256,0.20902980018653045,30f4d962f9
4,temporal_minus_static_dynamic,,0.0,,1,,0.6480713328515024,0.6480713328515024,31a352c169
4,temporal_minus_static_dynamic,,0.0,,3,,0.15625,0.15625,39db436191
4,temporal_minus_static_dynamic,,-0.010409027554302508,,1,,0.6821032964353084,0.6716942688810059,41c5109249
4,temporal_minus_static_dynamic,,-0.2805995402346112,,3,,0.5657314463028544,0.28513190606824323,5c0c9c0098
4,temporal_minus_static_dynamic,,0.0,,1,,0.6164453931864622,0.6164453931864622,5d262b025c
4,temporal_minus_static_dynamic,,0.01483060956191784,,1,,0.6218774110111608,0.6367080205730786,5d2c735adb
4,temporal_minus_static_dynamic,,0.0,,2,,0.7359612987261703,0.7359612987261703,68170c3f7a
4,temporal_minus_static_dynamic,,0.0,,2,,0.726365677218477,0.726365677218477,6a1db02e31
4,temporal_minus_static_dynamic,,0.0,,2,,0.7400455927447415,0.7400455927447415,6bf32cc0d5
4,temporal_minus_static_dynamic,,0.0,,1,,0.5706227784175548,0.5706227784175548,6d76f5cbc2
4,temporal_minus_static_dynamic,,0.0,,1,,0.5896140202680054,0.5896140202680054,6db18ab93a
4,temporal_minus_static_dynamic,,-0.10134645665280262,,12,,0.3011069875851584,0.1997605309323558,6fb7a04167
4,temporal_minus_static_dynamic,,0.0,,1,,0.0,0.0,7bdbd4f32f
4,temporal_minus_static_dynamic,,0.0,,2,,0.15750878591200707,0.15750878591200707,7caa203c75
4,temporal_minus_static_dynamic,,0.0,,2,,0.5787169565354306,0.5787169565354306,8086f00d3d
4,temporal_minus_static_dynamic,,0.013828315621701698,,3,,0.16828427890184616,0.18211259452354786,8093ebd9a3
4,temporal_minus_static_dynamic,,0.0,,9,,0.7882637446677778,0.7882637446677778,8290c48fcb
4,temporal_minus_static_dynamic,,0.1406008251676122,,3,,0.1250241748323878,0.265625,84dc481247
4,temporal_minus_static_dynamic,,-0.10924494570103449,,2,,0.41965340068324675,0.31040845498221226,882e8c62d3
4,temporal_minus_static_dynamic,,-0.09199882847015994,,2,,0.3699144837435169,0.27791565527335693,8847e5550e
4,temporal_minus_static_dynamic,,0.0,,1,,0.546875,0.546875,8b0e20e373
4,temporal_minus_static_dynamic,,0.15014332727317273,,7,,0.10578977549485899,0.2559331027680317,939b6aed6d
4,temporal_minus_static_dynamic,,0.0,,1,,0.5119625711866256,0.5119625711866256,976257d833
4,temporal_minus_static_dynamic,,0.0,,1,,0.3614940994514504,0.3614940994514504,9bc92f09e0
4,temporal_minus_static_dynamic,,0.32974265567041466,,2,,0.1912927804083901,0.5210354360788048,9c1297ecd3
4,temporal_minus_static_dynamic,,0.0,,2,,0.6712665043784409,0.6712665043784409,a3f2b5d434
4,temporal_minus_static_dynamic,,0.0,,1,,0.6483788610168357,0.6483788610168357,a500f0e77c
4,temporal_minus_static_dynamic,,0.0,,3,,0.359375,0.359375,a595411232
4,temporal_minus_static_dynamic,,0.0,,2,,0.24401841185621947,0.24401841185621947,a8b6fd5e4d
4,temporal_minus_static_dynamic,,0.0,,5,,0.265625,0.265625,af3ad95fe0
4,temporal_minus_static_dynamic,,0.0,,1,,0.3275243438080918,0.3275243438080918,af7297f0db
4,temporal_minus_static_dynamic,,-0.2030193795612073,,1,,0.5447863193653371,0.34176693980412975,b4a5ada352
4,temporal_minus_static_dynamic,,0.0,,5,,0.0,0.0,b5c9c04bf9
4,temporal_minus_static_dynamic,,0.0,,2,,0.6365524158702145,0.6365524158702145,bd4aefda10
4,temporal_minus_static_dynamic,,0.0,,3,,0.6814850294750604,0.6814850294750604,bda2f20019
4,temporal_minus_static_dynamic,,-0.022036951928656137,,1,,0.06705184693338315,0.04501489500472701,c4638cc87e
4,temporal_minus_static_dynamic,,0.0,,2,,0.6062276891594325,0.6062276891594325,c5c9b749d4
4,temporal_minus_static_dynamic,,0.0,,1,,0.6031410601740298,0.6031410601740298,c6bb21356b
4,temporal_minus_static_dynamic,,0.0,,1,,0.546875,0.546875,c733601fcd
4,temporal_minus_static_dynamic,,0.0,,1,,0.17348579565536337,0.17348579565536337,c73c2a03a0
4,temporal_minus_static_dynamic,,0.0,,3,,0.421875,0.421875,d33c8343bc
4,temporal_minus_static_dynamic,,0.0,,2,,0.6875,0.6875,dca31590b8
4,temporal_minus_static_dynamic,,0.0,,2,,0.6604123883093338,0.6604123883093338,ddc213ba3f
4,temporal_minus_static_dynamic,,0.007101815834253011,,1,,0.3755948476815095,0.38269666351576254,e6f1a061ea
4,temporal_minus_static_dynamic,,0.15856942794567946,,1,,0.20703413161194306,0.3656035595576225,e9b78ad8e7
4,temporal_minus_static_dynamic,,0.0,,3,,0.046875,0.046875,f3864705c4
4,temporal_minus_static_dynamic,,0.0,,6,,0.6875,0.6875,f771c97b16
8,temporal_minus_static_dynamic,,0.0,,3,,0.671875,0.671875,0310d3743b
8,temporal_minus_static_dynamic,,0.0,,2,,0.6906911086722234,0.6906911086722234,046ee6aa1a
8,temporal_minus_static_dynamic,,0.0,,2,,0.45790221657858,0.45790221657858,0d0ebe00cc
8,temporal_minus_static_dynamic,,0.0,,1,,0.21275195682773695,0.21275195682773695,1088228079
8,temporal_minus_static_dynamic,,0.0,,1,,0.6338187277065152,0.6338187277065152,119777f4c0
8,temporal_minus_static_dynamic,,0.020296986067456425,,2,,0.0015960526279043506,0.021893038695360776,18b160d3a7
8,temporal_minus_static_dynamic,,0.0,,1,,0.4415889490385893,0.4415889490385893,1a5dead3e3
8,temporal_minus_static_dynamic,,0.0,,2,,0.625,0.625,20eaede0fb
8,temporal_minus_static_dynamic,,0.0,,4,,0.6164859774699514,0.6164859774699514,22680d3b50
8,temporal_minus_static_dynamic,,0.0,,1,,0.7295785085471372,0.7295785085471372,2683deffcb
8,temporal_minus_static_dynamic,,0.0,,1,,0.6909912122340135,0.6909912122340135,28ff632792
8,temporal_minus_static_dynamic,,0.0,,1,,0.5667975638273687,0.5667975638273687,2a87bea97e
8,temporal_minus_static_dynamic,,-0.13468032014277687,,1,,0.2738742863225428,0.13919396617976593,2abb12f2f7
8,temporal_minus_static_dynamic,,0.2340481092371179,,1,,0.2004004587800274,0.4344485680171453,2c4cbde1aa
8,temporal_minus_static_dynamic,,0.0,,1,,0.7309208221087792,0.7309208221087792,2cfdc294c5
8,temporal_minus_static_dynamic,,0.0,,3,,0.05398624268005735,0.05398624268005735,30c20fb4c1
8,temporal_minus_static_dynamic,,0.18278989337885138,,1,,0.403327442580174,0.5861173359590254,30f4d962f9
8,temporal_minus_static_dynamic,,0.0,,1,,0.6512451263479124,0.6512451263479124,31a352c169
8,temporal_minus_static_dynamic,,0.0,,3,,0.7237908130864077,0.7237908130864077,39db436191
8,temporal_minus_static_dynamic,,-0.004288125066980841,,1,,0.7267257364198889,0.7224376113529081,41c5109249
8,temporal_minus_static_dynamic,,-0.17042336394124558,,3,,0.3917740580309983,0.22135069408975272,5c0c9c0098
8,temporal_minus_static_dynamic,,0.0,,1,,0.764516705934499,0.764516705934499,5d262b025c
8,temporal_minus_static_dynamic,,0.05488589252276596,,1,,0.2450361059952569,0.29992199851802287,5d2c735adb
8,temporal_minus_static_dynamic,,0.0,,2,,0.6941224153699143,0.6941224153699143,68170c3f7a
8,temporal_minus_static_dynamic,,0.0,,2,,0.726365677218477,0.726365677218477,6a1db02e31
8,temporal_minus_static_dynamic,,0.0,,2,,0.735812562603543,0.735812562603543,6bf32cc0d5
8,temporal_minus_static_dynamic,,0.0,,1,,0.6235128049765472,0.6235128049765472,6d76f5cbc2
8,temporal_minus_static_dynamic,,0.0,,1,,0.7669595651855108,0.7669595651855108,6db18ab93a
8,temporal_minus_static_dynamic,,-0.0355438033292127,,12,,0.2936063892190037,0.25806258588979103,6fb7a04167
8,temporal_minus_static_dynamic,,0.0,,1,,0.0,0.0,7bdbd4f32f
8,temporal_minus_static_dynamic,,0.0,,2,,0.5367225130086686,0.5367225130086686,7caa203c75
8,temporal_minus_static_dynamic,,0.0,,2,,0.7621883085807443,0.7621883085807443,8086f00d3d
8,temporal_minus_static_dynamic,,0.08404449877100542,,3,,0.18609812459483235,0.2701426233658378,8093ebd9a3
8,temporal_minus_static_dynamic,,0.0,,9,,0.7886559887309096,0.7886559887309096,8290c48fcb
8,temporal_minus_static_dynamic,,0.16692894688431412,,3,,0.20659944696105495,0.37352839384536907,84dc481247
8,temporal_minus_static_dynamic,,-0.05794742606650399,,2,,0.413212349412246,0.355264923345742,882e8c62d3
8,temporal_minus_static_dynamic,,0.01999130148050926,,2,,0.3297631735341273,0.3497544750146366,8847e5550e
8,temporal_minus_static_dynamic,,0.0,,1,,0.8045854223483806,0.8045854223483806,8b0e20e373
8,temporal_minus_static_dynamic,,0.05615689732317347,,7,,0.34223004201840584,0.3983869393415793,939b6aed6d
8,temporal_minus_static_dynamic,,0.0,,1,,0.571883841695498,0.571883841695498,976257d833
8,temporal_minus_static_dynamic,,0.0,,1,,0.2821130695539319,0.2821130695539319,9bc92f09e0
8,temporal_minus_static_dynamic,,0.2704750462187486,,2,,0.26832831937819357,0.5388033655969422,9c1297ecd3
8,temporal_minus_static_dynamic,,0.0,,2,,0.792881752872444,0.792881752872444,a3f2b5d434
8,temporal_minus_static_dynamic,,0.0,,1,,0.7565493973550305,0.7565493973550305,a500f0e77c
8,temporal_minus_static_dynamic,,0.0,,3,,0.5919877123568831,0.5919877123568831,a595411232
8,temporal_minus_static_dynamic,,0.0,,2,,0.4395013154773755,0.4395013154773755,a8b6fd5e4d
8,temporal_minus_static_dynamic,,0.0,,5,,0.265625,0.265625,af3ad95fe0
8,temporal_minus_static_dynamic,,0.0,,1,,0.32831602391003767,0.32831602391003767,af7297f0db
8,temporal_minus_static_dynamic,,-0.008918987293917657,,1,,0.21843572718885784,0.20951673989494018,b4a5ada352
8,temporal_minus_static_dynamic,,0.0,,5,,0.0,0.0,b5c9c04bf9
8,temporal_minus_static_dynamic,,0.0,,2,,0.7500455728304767,0.7500455728304767,bd4aefda10
8,temporal_minus_static_dynamic,,0.0,,3,,0.8202222850090138,0.8202222850090138,bda2f20019
8,temporal_minus_static_dynamic,,0.02265236473254814,,1,,0.1347684093113721,0.15742077404392024,c4638cc87e
8,temporal_minus_static_dynamic,,0.0,,2,,0.6628887590547785,0.6628887590547785,c5c9b749d4
8,temporal_minus_static_dynamic,,0.0,,1,,0.6534555030850143,0.6534555030850143,c6bb21356b
8,temporal_minus_static_dynamic,,0.0,,1,,0.546875,0.546875,c733601fcd
8,temporal_minus_static_dynamic,,0.0,,1,,0.35141870275813014,0.35141870275813014,c73c2a03a0
8,temporal_minus_static_dynamic,,0.0,,3,,0.421875,0.421875,d33c8343bc
8,temporal_minus_static_dynamic,,0.0,,2,,0.6875,0.6875,dca31590b8
8,temporal_minus_static_dynamic,,0.0,,2,,0.7814307306800239,0.7814307306800239,ddc213ba3f
8,temporal_minus_static_dynamic,,0.06326110489553238,,1,,0.36708359013924896,0.43034469503478134,e6f1a061ea
8,temporal_minus_static_dynamic,,0.11610568324123094,,1,,0.41071931342903334,0.5268249966702643,e9b78ad8e7
8,temporal_minus_static_dynamic,,0.0,,3,,0.046875,0.046875,f3864705c4
8,temporal_minus_static_dynamic,,0.0,,6,,0.8711806736685577,0.8711806736685577,f771c97b16
