condition,description_type,expressions,max_peak_memory_gib,mean_prompt_updates,mean_vlm_forward_count,median_candidate_latency_seconds,median_sam31_latency_seconds,median_total_latency_seconds,median_vlm_latency_seconds
single_global,static,98,15.716534614562988,0.5408163265306123,1.0,0.12805718928575516,41.55824767798185,46.10310618951917,2.5755478031933308
single_global,dynamic,97,15.711828708648682,0.6391752577319587,1.0,0.12951167672872543,64.76314758509398,67.85314038395882,2.5970765948295593
single_global,hybrid,80,15.709295749664307,0.525,1.0,0.12858423963189125,41.304252326488495,44.614377837628126,2.6570618636906147
static_update_k2,static,98,58.40350532531738,1.0918367346938775,2.0,0.35592203959822655,55.54241704940796,60.87092795222998,5.1965564377605915
static_update_k2,dynamic,97,71.634840965271,1.2989690721649485,2.0,0.35472721606492996,65.95092867314816,72.73639740794897,5.430591955780983
static_update_k2,hybrid,80,58.40350532531738,1.0125,2.0,0.3560338467359543,50.01695607230067,56.794845685362816,5.370538275688887
static_update_k4,static,98,67.13385009765625,2.295918367346939,4.0,0.8085879571735859,90.07914546877146,104.76881450414658,10.586010813713074
static_update_k4,dynamic,97,72.31556129455566,2.6804123711340204,4.0,0.8094208091497421,96.40742768347263,108.80899626761675,10.634110867977142
static_update_k4,hybrid,80,67.13385009765625,2.1375,4.0,0.8117244280874729,86.68870420008898,100.31238820403814,10.643168468028307
static_update_k8,static,98,60.69025230407715,4.642857142857143,8.0,1.713401760905981,147.87261700630188,187.66697957366705,20.682593669742346
static_update_k8,dynamic,97,73.67685985565186,5.350515463917525,8.0,1.7372940331697464,165.8819844275713,194.9852981492877,21.253427922725677
static_update_k8,hybrid,80,60.69025230407715,4.225,8.0,1.7179532982409,131.8881198167801,156.40594732016325,21.15348856151104
temporal_update_k2,static,98,58.40350532531738,1.0918367346938775,2.0,0.35592203959822655,54.54274280741811,60.270773738622665,5.233416084200144
temporal_update_k2,dynamic,97,71.634840965271,1.2989690721649485,2.0,0.35472721606492996,65.95092867314816,71.01874224096537,5.172365613281727
temporal_update_k2,hybrid,80,58.40350532531738,1.0125,2.0,0.3560338467359543,50.01695607230067,56.03568122535944,5.280122209340334
temporal_update_k4,static,98,67.13385009765625,2.295918367346939,4.0,0.8085879571735859,90.35928053036332,104.02026338875294,10.71751868352294
temporal_update_k4,dynamic,97,72.31556129455566,2.6804123711340204,4.0,0.8094208091497421,96.40742768347263,109.42012411355972,10.338564425706863
temporal_update_k4,hybrid,80,67.13385009765625,2.1375,4.0,0.8117244280874729,87.03994632139802,99.32076936587691,10.591177612543106
temporal_update_k8,static,98,60.69025230407715,4.642857142857143,8.0,1.713401760905981,147.88225914910436,189.03156246617436,20.570180397480726
temporal_update_k8,dynamic,97,73.67685985565186,5.350515463917525,8.0,1.7372940331697464,165.8819844275713,194.61805956810713,20.833807937800884
temporal_update_k8,hybrid,80,60.69025230407715,4.225,8.0,1.7179532982409,131.8881198167801,158.79124007746577,21.053286645561457
