model,dataset,video_id,object_id,static_expression_count,dynamic_expression_count,static_expression_ids,dynamic_expression_ids,static_J,static_F,static_J_and_F,dynamic_J,dynamic_F,dynamic_J_and_F,dynamic_minus_static_J_and_F,dynamic_worse
Sa2VA-Qwen3-VL-4B,long_rvos,0310d3743b,3,1,2,8,12;9,0.1683547511402559,0.21754366475592973,0.1929492079480928,0.08123815314449236,0.15175269349147097,0.11649542331798166,-0.07645378463011115,1
Sa2VA-Qwen3-VL-4B,long_rvos,046ee6aa1a,2,1,2,2,3;5,0.3488245622573849,0.18058993595591416,0.26470724910664956,0.3494863212635293,0.17925267168339307,0.2643694964734612,-0.0003377526331883596,1
Sa2VA-Qwen3-VL-4B,long_rvos,0d0ebe00cc,2,2,2,4;6,5;7,0.47385051574108084,0.3748347313212833,0.4243426235311821,0.42317381847221547,0.34193026548800964,0.3825520419801126,-0.04179058155106946,1
Sa2VA-Qwen3-VL-4B,long_rvos,1088228079,1,1,1,0,1,0.917772228776994,0.96815720245054,0.942964715613767,0.914320676596289,0.965492485323038,0.9399065809596635,-0.0030581346541035392,1
Sa2VA-Qwen3-VL-4B,long_rvos,119777f4c0,1,2,2,0;2,1;3,0.20173894900082945,0.20358375678980206,0.20266135289531576,0.17702355068080206,0.1652670512978061,0.17114530098930408,-0.03151605190601167,1
Sa2VA-Qwen3-VL-4B,long_rvos,18b160d3a7,2,1,1,4,5,0.7716770227118814,0.34028389847435636,0.5559804605931189,0.27835188267569544,0.2118730489491959,0.24511246581244567,-0.31086799478067323,1
Sa2VA-Qwen3-VL-4B,long_rvos,1a5dead3e3,1,1,1,0,1,0.7534996082365297,0.73756624201419,0.7455329251253598,0.6997291577459577,0.6800678943145329,0.6898985260302453,-0.055634399095114584,1
Sa2VA-Qwen3-VL-4B,long_rvos,20eaede0fb,2,1,1,4,5,0.0625,0.0625,0.0625,0.015625,0.015625,0.015625,-0.046875,1
Sa2VA-Qwen3-VL-4B,long_rvos,22680d3b50,4,2,2,3;5,4;6,0.6720229150389669,0.7301968208605174,0.7011098679497421,0.4797658174144672,0.525478933793643,0.5026223756040551,-0.19848749234568697,1
Sa2VA-Qwen3-VL-4B,long_rvos,2683deffcb,1,1,1,0,1,0.8191062484115157,0.8432295816443338,0.8311679150279248,0.8097491686269884,0.8266392606984897,0.818194214662739,-0.012973700365185747,1
Sa2VA-Qwen3-VL-4B,long_rvos,28ff632792,1,1,2,0,1;6,0.33033970959423314,0.3299314860178555,0.3301355978060443,0.3316453160533925,0.33061545279564175,0.33113038442451714,0.0009947866184728538,0
Sa2VA-Qwen3-VL-4B,long_rvos,2a87bea97e,1,2,2,0;2,1;3,0.6080338097606204,0.4191154744105824,0.5135746420856013,0.5864088986795287,0.4017459597107208,0.49407742919512476,-0.019497212890476567,1
Sa2VA-Qwen3-VL-4B,long_rvos,2abb12f2f7,1,1,1,0,1,0.5835349163564623,0.6279021652217023,0.6057185407890823,0.05322077946684069,0.4119295831718974,0.23257518131936902,-0.3731433594697132,1
Sa2VA-Qwen3-VL-4B,long_rvos,2c4cbde1aa,1,2,2,0;2,1;3,0.1347801774153074,0.13526379418276102,0.13502198579903418,0.07846035908517808,0.05415647917247981,0.06630841912882895,-0.06871356667020523,1
Sa2VA-Qwen3-VL-4B,long_rvos,2cfdc294c5,1,2,3,0;2,1;3;8,0.8284393061208192,0.8113360945395798,0.8198877003301994,0.8488517788709086,0.833608375712282,0.8412300772915954,0.02134237696139596,0
Sa2VA-Qwen3-VL-4B,long_rvos,30c20fb4c1,3,2,2,10;8,11;9,0.4048044317653414,0.4116235999229617,0.4082140158441516,0.5201505800748341,0.47901801754475826,0.49958429880979616,0.09137028296564453,0
Sa2VA-Qwen3-VL-4B,long_rvos,30f4d962f9,1,1,1,0,1,0.7968437487454565,0.741061760248647,0.7689527544970518,0.7861469788360556,0.7153928946442659,0.7507699367401608,-0.018182817756891012,1
Sa2VA-Qwen3-VL-4B,long_rvos,31a352c169,1,2,2,0;2,1;3,0.916984142472943,0.852302082058383,0.8846431122656631,0.9174787946076755,0.8529495794688442,0.8852141870382597,0.0005710747725966581,0
Sa2VA-Qwen3-VL-4B,long_rvos,39db436191,3,1,1,4,5,0.3983717392278687,0.4044791136605014,0.40142542644418505,0.35136714493489823,0.3646860027856947,0.35802657386029646,-0.04339885258388859,1
Sa2VA-Qwen3-VL-4B,long_rvos,41c5109249,1,1,1,0,1,0.8246778738143938,0.7940636392783063,0.80937075654635,0.8178208938298328,0.7932804863997122,0.8055506901147724,-0.003820066431577618,1
Sa2VA-Qwen3-VL-4B,long_rvos,5c0c9c0098,3,1,1,8,9,0.07846045683563305,0.08885006454342372,0.08365526068952839,0.06254897601150577,0.06961117232387234,0.06608007416768906,-0.01757518652183933,1
Sa2VA-Qwen3-VL-4B,long_rvos,5d262b025c,1,1,1,0,1,0.8525191880682064,0.8816686090310717,0.867093898549639,0.8562566338100916,0.8852269181920689,0.8707417760010803,0.0036478774514412393,0
Sa2VA-Qwen3-VL-4B,long_rvos,5d2c735adb,1,1,1,0,1,0.12354657465029024,0.14250094749103004,0.13302376107066013,0.11497345848378485,0.136192495872962,0.1255829771783734,-0.007440783892286723,1
Sa2VA-Qwen3-VL-4B,long_rvos,68170c3f7a,2,2,2,4;6,5;7,0.08709093009121925,0.097664476193698,0.09237770314245863,0.08475072257496657,0.09654492767930689,0.09064782512713673,-0.0017298780153219007,1
Sa2VA-Qwen3-VL-4B,long_rvos,6a1db02e31,2,2,2,4;6,5;7,0.20115524346448974,0.18772333345413572,0.19443928845931271,0.13925191326649633,0.13180092957126838,0.13552642141888235,-0.05891286704043036,1
Sa2VA-Qwen3-VL-4B,long_rvos,6bf32cc0d5,2,2,1,4;5,6,0.020146572388318365,0.06476881623680905,0.0424576943125637,0.04361293220026094,0.08604492002555345,0.06482892611290719,0.02237123180034349,0
Sa2VA-Qwen3-VL-4B,long_rvos,6d76f5cbc2,1,2,2,0;2,1;3,0.7441888085866829,0.7894638598718094,0.7668263342292462,0.7438191261395333,0.7872880331530091,0.7655535796462711,-0.0012727545829750442,1
Sa2VA-Qwen3-VL-4B,long_rvos,6db18ab93a,1,2,2,0;2,1;3,0.417436775148739,0.36433361453883045,0.39088519484378476,0.5371359778027964,0.4895117460471264,0.5133238619249614,0.12243866708117662,0
Sa2VA-Qwen3-VL-4B,long_rvos,6fb7a04167,12,2,2,4;6,5;7,0.10374449861205702,0.13689523035183632,0.12031986448194668,0.3262185178506418,0.2986070016185839,0.31241275973461285,0.19209289525266618,0
Sa2VA-Qwen3-VL-4B,long_rvos,7bdbd4f32f,1,2,2,0;2,1;3,0.6844986913967083,0.7135201428030638,0.699009417099886,0.9129343784932809,0.9213189365484545,0.9171266575208676,0.21811724042098168,0
Sa2VA-Qwen3-VL-4B,long_rvos,7caa203c75,2,1,1,2,3,0.7400277555366834,0.5797026729770279,0.6598652142568557,0.7860062763348732,0.6327117305497308,0.7093590034423021,0.049493789185446335,0
Sa2VA-Qwen3-VL-4B,long_rvos,8086f00d3d,2,2,2,4;6,5;7,0.9723015257810977,0.8127881998477984,0.8925448628144481,0.9463335780122589,0.7945010824404225,0.8704173302263407,-0.0221275325881074,1
Sa2VA-Qwen3-VL-4B,long_rvos,8093ebd9a3,3,1,1,8,9,0.1121798419317325,0.27695373104698584,0.19456678648935916,0.18356238968296934,0.36529452847374816,0.2744284590783588,0.07986167258899962,0
Sa2VA-Qwen3-VL-4B,long_rvos,8290c48fcb,9,1,1,16,17,0.591041154469255,0.5027040302314243,0.5468725923503397,0.7380142322846053,0.6489469248168775,0.6934805785507414,0.14660798620040172,0
Sa2VA-Qwen3-VL-4B,long_rvos,84dc481247,3,2,1,10;8,9,0.17903320637883688,0.10676669701663427,0.14289995169773556,0.27392188075050816,0.18347824766995136,0.22870006421022976,0.0858001125124942,0
Sa2VA-Qwen3-VL-4B,long_rvos,882e8c62d3,2,1,1,2,3,0.19555182645756436,0.20309089996496726,0.1993213632112658,0.17158016708732898,0.1793505133047154,0.1754653401960222,-0.023856023015243616,1
Sa2VA-Qwen3-VL-4B,long_rvos,8847e5550e,2,1,1,2,3,0.49390962776576725,0.5353564170743446,0.5146330224200559,0.33634536214524174,0.37710407288884695,0.3567247175170444,-0.15790830490301155,1
Sa2VA-Qwen3-VL-4B,long_rvos,8b0e20e373,1,1,1,0,1,0.39258222903060447,0.369770540098922,0.3811763845647632,0.397495895070503,0.38092174858984945,0.38920882183017624,0.008032437265413028,0
Sa2VA-Qwen3-VL-4B,long_rvos,939b6aed6d,7,2,1,24;25,26,0.49967277105124097,0.41119522943153164,0.45543400024138625,0.595635192036163,0.5316594702678474,0.5636473311520052,0.10821333091061891,0
Sa2VA-Qwen3-VL-4B,long_rvos,976257d833,1,2,2,0;2,1;3,0.8130745684194545,0.6620081351931417,0.7375413518062981,0.8155503707738343,0.661152778322534,0.7383515745481841,0.0008102227418860242,0
Sa2VA-Qwen3-VL-4B,long_rvos,9bc92f09e0,1,2,2,0;2,1;3,0.5270348050753413,0.6373730613700839,0.5822039332227126,0.5021286870495814,0.6123822152051792,0.5572554511273803,-0.02494848209533229,1
Sa2VA-Qwen3-VL-4B,long_rvos,9c1297ecd3,2,2,2,4;6,5;7,0.5698211291324635,0.46202169526007986,0.5159214121962716,0.5781271523295721,0.47417368350022804,0.5261504179149001,0.010229005718628503,0
Sa2VA-Qwen3-VL-4B,long_rvos,a3f2b5d434,2,3,3,10;6;8,11;7;9,0.8936987235962981,0.9297693761429858,0.9117340498696418,0.8907456884199546,0.9201244121441272,0.9054350502820409,-0.00629899958760094,1
Sa2VA-Qwen3-VL-4B,long_rvos,a500f0e77c,1,1,1,0,1,0.7460777036360202,0.7719538828768086,0.7590157932564143,0.7437063308876846,0.7642738705076377,0.7539901006976611,-0.005025692558753181,1
Sa2VA-Qwen3-VL-4B,long_rvos,a595411232,3,2,2,10;8,11;9,0.3316122322594506,0.42302138550913715,0.37731680888429386,0.28470738791686134,0.37229065155770263,0.328499019737282,-0.04881778914701185,1
Sa2VA-Qwen3-VL-4B,long_rvos,a8b6fd5e4d,2,2,2,4;6,5;7,0.7127665411444286,0.4318591743866329,0.5723128577655308,0.6747950022413174,0.380733998466101,0.5277645003537093,-0.044548357411821504,1
Sa2VA-Qwen3-VL-4B,long_rvos,af3ad95fe0,5,1,1,8,9,0.022482737880244415,0.02923411749635143,0.025858427688297922,0.05606382919969448,0.0828063574137885,0.0694350933067415,0.043576665618443575,0
Sa2VA-Qwen3-VL-4B,long_rvos,af7297f0db,1,1,1,0,1,0.5277294431812318,0.5746269178245562,0.551178180502894,0.5459560804587866,0.5974081128316128,0.5716820966451996,0.020503916142305623,0
Sa2VA-Qwen3-VL-4B,long_rvos,b4a5ada352,1,2,2,0;2,1;3,0.6179346956852889,0.32647866434059347,0.47220668001294114,0.519326086193951,0.22637337060914628,0.3728497284015487,-0.09935695161139246,1
Sa2VA-Qwen3-VL-4B,long_rvos,b5c9c04bf9,5,1,1,2,3,0.21832287999407823,0.26941952486118903,0.24387120242763363,0.25398416156319276,0.30115561973496524,0.277569890649079,0.033698688221445366,0
Sa2VA-Qwen3-VL-4B,long_rvos,bd4aefda10,2,2,2,4;6,5;7,0.3941693782105811,0.44590016587557907,0.42003477204308004,0.433009859074293,0.5675608799266696,0.5002853695004813,0.08025059745740126,0
Sa2VA-Qwen3-VL-4B,long_rvos,bda2f20019,3,2,2,10;8,11;9,0.6153362970728476,0.6552558162893721,0.6352960566811099,0.6158082648332874,0.6555142679792425,0.635661266406265,0.0003652097251550801,0
Sa2VA-Qwen3-VL-4B,long_rvos,c4638cc87e,1,2,2,0;2,1;3,0.24463953190310025,0.38161381858693,0.31312667524501514,0.16997128563536218,0.3343645588310316,0.2521679222331969,-0.060958753011818245,1
Sa2VA-Qwen3-VL-4B,long_rvos,c5c9b749d4,2,2,2,4;6,5;7,0.35106797344456053,0.2654354324558501,0.3082517029502054,0.323467018644207,0.23247372887743825,0.2779703737608226,-0.030281329189382755,1
Sa2VA-Qwen3-VL-4B,long_rvos,c6bb21356b,1,1,1,0,1,0.037129700114062,0.12260649017645339,0.0798680951452577,0.036561646023323346,0.10845277928655572,0.07250721265493953,-0.00736088249031816,1
Sa2VA-Qwen3-VL-4B,long_rvos,c733601fcd,1,1,1,0,1,0.6578647145040777,0.6866376541906541,0.672251184347366,0.6735326459857744,0.7022952493285791,0.6879139476571767,0.015662763309810757,0
Sa2VA-Qwen3-VL-4B,long_rvos,c73c2a03a0,1,1,1,0,1,0.790841094009087,0.7809021618474028,0.7858716279282449,0.5299664008309071,0.4896443271932186,0.5098053640120628,-0.27606626391618216,1
Sa2VA-Qwen3-VL-4B,long_rvos,d33c8343bc,3,1,1,4,5,0.08042609021173122,0.08188683490161788,0.08115646255667455,0.08681871562693705,0.08103906347416062,0.08392888955054884,0.002772426993874283,0
Sa2VA-Qwen3-VL-4B,long_rvos,dca31590b8,2,2,1,4;6,5,0.2763756155129563,0.2587772763060461,0.26757644590950114,0.2545173304452121,0.22766952011222083,0.24109342527871647,-0.02648302063078467,1
Sa2VA-Qwen3-VL-4B,long_rvos,ddc213ba3f,2,1,1,2,3,0.9327396084633364,0.8851757519895274,0.9089576802264319,0.9326940737795323,0.8818323102385888,0.9072631920090606,-0.0016944882173712816,1
Sa2VA-Qwen3-VL-4B,long_rvos,e6f1a061ea,1,2,2,0;2,1;3,0.5192426572058725,0.495238751594141,0.5072407044000067,0.518285484904517,0.49786616313152643,0.5080758240180216,0.0008351196180149678,0
Sa2VA-Qwen3-VL-4B,long_rvos,e9b78ad8e7,1,1,1,0,1,0.4229651218177516,0.5058055300571223,0.4643853259374369,0.3903283715125204,0.4587787047029765,0.42455353810774843,-0.03983178782968849,1
Sa2VA-Qwen3-VL-4B,long_rvos,f3864705c4,3,2,1,7;9,8,0.32971670815145915,0.5092346581034098,0.4194756831274345,0.3379195029775314,0.4926452678475166,0.41528238541252405,-0.004193297714910449,1
Sa2VA-Qwen3-VL-4B,long_rvos,f771c97b16,6,2,2,20;22,21;23,0.0,0.0008241359640195536,0.0004120679820097768,0.01664663227683837,0.020020677985404068,0.01833365513112122,0.01792158714911144,0
InstructSeg,long_rvos,0310d3743b,3,1,2,8,12;9,0.13048377368478423,0.3098800222835515,0.22018189798416787,0.128005863924756,0.3047824459782522,0.2163941549515041,-0.0037877430326637707,1
InstructSeg,long_rvos,046ee6aa1a,2,1,2,2,3;5,0.3146298292885443,0.25159833074620286,0.2831140800173736,0.34636106051232757,0.25934256551954527,0.30285181301593644,0.01973773299856285,0
InstructSeg,long_rvos,0d0ebe00cc,2,2,2,4;6,5;7,0.31827560939461785,0.2687541481127995,0.2935148787537087,0.2888826817099781,0.23942382939142973,0.2641532555507039,-0.029361623203004783,1
InstructSeg,long_rvos,1088228079,1,1,1,0,1,0.9049557290086683,0.9423911888027088,0.9236734589056885,0.8251988072451579,0.8605981105521338,0.8428984588986459,-0.08077500000704263,1
InstructSeg,long_rvos,119777f4c0,1,2,2,0;2,1;3,0.2910990094673479,0.24877257073085696,0.2699357900991024,0.24605577942581508,0.24595404806202792,0.24600491374392147,-0.02393087635518093,1
InstructSeg,long_rvos,18b160d3a7,2,1,1,4,5,0.6250802956868542,0.6421651192224404,0.6336227074546472,0.1892542019508008,0.22881723044753374,0.20903571619916728,-0.42458699125547994,1
InstructSeg,long_rvos,1a5dead3e3,1,1,1,0,1,0.8251215106937293,0.7542741608088244,0.7896978357512768,0.8218701497161638,0.7398125311940038,0.7808413404550838,-0.008856495296193034,1
InstructSeg,long_rvos,20eaede0fb,2,1,1,4,5,0.1417598476729404,0.0922166658534938,0.1169882567632171,0.012985523556423328,0.0066184417259261275,0.009801982641174729,-0.10718627412204237,1
InstructSeg,long_rvos,22680d3b50,4,2,2,3;5,4;6,0.7429729828132043,0.8107787967509013,0.7768758897820528,0.7263006707067216,0.7910711784899888,0.7586859245983552,-0.018189965183697643,1
InstructSeg,long_rvos,2683deffcb,1,1,1,0,1,0.8350713374933777,0.857243651364871,0.8461574944291244,0.8212342051148371,0.8374528811332331,0.8293435431240351,-0.016813951305089225,1
InstructSeg,long_rvos,28ff632792,1,1,2,0,1;6,0.31079121404786314,0.30330016641662616,0.30704569023224465,0.31971092004399404,0.3103559314275635,0.31503342573577875,0.007987735503534099,0
InstructSeg,long_rvos,2a87bea97e,1,2,2,0;2,1;3,0.6390488906094833,0.4081767691317578,0.5236128298706206,0.6067445496952848,0.4000458747984508,0.5033952122468678,-0.020217617623752848,1
InstructSeg,long_rvos,2abb12f2f7,1,1,1,0,1,0.8024054219045796,0.7221259939712299,0.7622657079379047,0.3858777011436587,0.4883244439359539,0.43710107253980635,-0.32516463539809837,1
InstructSeg,long_rvos,2c4cbde1aa,1,2,2,0;2,1;3,0.45497901745805464,0.50823480529504,0.4816069113765473,0.24559332001343903,0.2795183471062493,0.26255583355984413,-0.2190510778167032,1
InstructSeg,long_rvos,2cfdc294c5,1,2,3,0;2,1;3;8,0.7587858812194177,0.7465081350657339,0.7526470081425758,0.7639303286082552,0.7430449748180289,0.753487651713142,0.0008406435705662352,0
InstructSeg,long_rvos,30c20fb4c1,3,2,2,10;8,11;9,0.23697014698985713,0.2818878662969966,0.2594290066434269,0.5844184173920544,0.4997446326684096,0.542081525030232,0.2826525183868051,0
InstructSeg,long_rvos,30f4d962f9,1,1,1,0,1,0.6002019247230357,0.6188652695113609,0.6095335971171982,0.4242896478722953,0.48427722032029663,0.45428343409629596,-0.15525016302090228,1
InstructSeg,long_rvos,31a352c169,1,2,2,0;2,1;3,0.8611606674609904,0.7543953701056205,0.8077780187833055,0.8684815278814361,0.7667755140053961,0.8176285209434161,0.00985050216011063,0
InstructSeg,long_rvos,39db436191,3,1,1,4,5,0.7239273156278923,0.7392214801114376,0.7315743978696649,0.7120365640795601,0.7306845393800252,0.7213605517297926,-0.010213846139872307,1
InstructSeg,long_rvos,41c5109249,1,1,1,0,1,0.7539406183546803,0.677821810924407,0.7158812146395437,0.6061808984856383,0.565677050460294,0.5859289744729661,-0.12995224016657758,1
InstructSeg,long_rvos,5c0c9c0098,3,1,1,8,9,0.09617226858316422,0.13009721137089258,0.1131347399770284,0.02954955712105017,0.06039398882853339,0.04497177297479178,-0.06816296700223662,1
InstructSeg,long_rvos,5d262b025c,1,1,1,0,1,0.5607613874080706,0.5829522083801819,0.5718567978941262,0.5637089788740106,0.5812760321429611,0.5724925055084858,0.0006357076143596041,0
InstructSeg,long_rvos,5d2c735adb,1,1,1,0,1,0.3423366369465962,0.3860336853035028,0.3641851611250495,0.20362965050973908,0.2270196781142358,0.21532466431198743,-0.14886049681306207,1
InstructSeg,long_rvos,68170c3f7a,2,2,2,4;6,5;7,0.18105445633993592,0.19601658844839953,0.1885355223941677,0.1857588291460618,0.20124342110231375,0.19350112512418777,0.004965602730020058,0
InstructSeg,long_rvos,6a1db02e31,2,2,2,4;6,5;7,0.20547850856644434,0.2006673705664633,0.2030729395664538,0.2530440048123037,0.23152247822284533,0.24228324151757452,0.03921030195112071,0
InstructSeg,long_rvos,6bf32cc0d5,2,2,1,4;5,6,0.4116330389625146,0.33690893653502313,0.3742709877487689,0.4450982004565248,0.36472835669374304,0.40491327857513393,0.03064229082636505,0
InstructSeg,long_rvos,6d76f5cbc2,1,2,2,0;2,1;3,0.732823454492429,0.7470659682180499,0.7399447113552395,0.7341624917865779,0.7492619853165026,0.7417122385515402,0.0017675271963006889,0
InstructSeg,long_rvos,6db18ab93a,1,2,2,0;2,1;3,0.5185678192799223,0.46290451928950516,0.49073616928471375,0.5123781950712902,0.4634877555871123,0.4879329753292012,-0.0028031939555125396,1
InstructSeg,long_rvos,6fb7a04167,12,2,2,4;6,5;7,0.09740359705757706,0.13584849809929594,0.1166260475784365,0.1835273379043399,0.20860494890965367,0.1960661434069968,0.07944009582856029,0
InstructSeg,long_rvos,7bdbd4f32f,1,2,2,0;2,1;3,0.8796119436759117,0.8735471501119102,0.8765795468939109,0.9167024641734807,0.8967730205632043,0.9067377423683425,0.03015819547443155,0
InstructSeg,long_rvos,7caa203c75,2,1,1,2,3,0.8603613568914672,0.7556742648044519,0.8080178108479595,0.8604853870834597,0.7569624977972915,0.8087239424403756,0.0007061315924160594,0
InstructSeg,long_rvos,8086f00d3d,2,2,2,4;6,5;7,0.9355725119632419,0.7892213154844716,0.8623969137238567,0.93905009204658,0.7810061946029956,0.8600281433247877,-0.00236877039906902,1
InstructSeg,long_rvos,8093ebd9a3,3,1,1,8,9,0.23945285531495059,0.5039571992654004,0.3717050272901755,0.29902114697625015,0.5709461229551056,0.4349836349656779,0.06327860767550236,0
InstructSeg,long_rvos,8290c48fcb,9,1,1,16,17,0.653298782515746,0.5429471891072111,0.5981229858114785,0.648442450835287,0.5243973466118607,0.5864198987235738,-0.011703087087904684,1
InstructSeg,long_rvos,84dc481247,3,2,1,10;8,9,0.19904470934485075,0.1673704833026568,0.18320759632375377,0.12830031232068412,0.09126327901073562,0.10978179566570986,-0.07342580065804391,1
InstructSeg,long_rvos,882e8c62d3,2,1,1,2,3,0.5456499725372934,0.5411626342587403,0.5434063033980169,0.44567532855805425,0.45970160326533627,0.45268846591169526,-0.09071783748632162,1
InstructSeg,long_rvos,8847e5550e,2,1,1,2,3,0.4294550099604729,0.4639137115317223,0.44668436074609763,0.09672291630824778,0.09774905879388503,0.09723598755106641,-0.3494483731950312,1
InstructSeg,long_rvos,8b0e20e373,1,1,1,0,1,0.4022820938141066,0.3782864098458711,0.3902842518299888,0.4051616528356313,0.38435812669282426,0.3947598897642278,0.004475637934238996,0
InstructSeg,long_rvos,939b6aed6d,7,2,1,24;25,26,0.35528982713020657,0.3490204106769503,0.3521551189035784,0.6083322250890262,0.5590102783172863,0.5836712517031563,0.23151613279957783,0
InstructSeg,long_rvos,976257d833,1,2,2,0;2,1;3,0.5884476020594229,0.4867109506406064,0.5375792763500147,0.5052161478160175,0.4594397362944672,0.4823279420552424,-0.0552513342947723,1
InstructSeg,long_rvos,9bc92f09e0,1,2,2,0;2,1;3,0.49302794087633284,0.5650005072760012,0.5290142240761669,0.40838070594128906,0.4648336539343735,0.43660717993783127,-0.09240704413833567,1
InstructSeg,long_rvos,9c1297ecd3,2,2,2,4;6,5;7,0.6408138476899753,0.5663820762445193,0.6035979619672472,0.24466483941731895,0.22743424831435466,0.2360495438658368,-0.3675484181014105,1
InstructSeg,long_rvos,a3f2b5d434,2,3,3,10;6;8,11;7;9,0.8961340192903221,0.9228903879720395,0.9095122036311808,0.8781418457025238,0.9084593274773173,0.8933005865899205,-0.016211617041260284,1
InstructSeg,long_rvos,a500f0e77c,1,1,1,0,1,0.7707535259024771,0.7683647404566749,0.769559133179576,0.7840339657157207,0.7940197673318177,0.7890268665237692,0.01946773334419316,0
InstructSeg,long_rvos,a595411232,3,2,2,10;8,11;9,0.22076491084114433,0.28292247283398797,0.25184369183756616,0.3210174054324103,0.3927464637059648,0.3568819345691875,0.10503824273162132,0
InstructSeg,long_rvos,a8b6fd5e4d,2,2,2,4;6,5;7,0.6573279903061413,0.4033092227560606,0.530318606531101,0.6452085031840312,0.4006733998812561,0.5229409515326437,-0.007377654998457217,1
InstructSeg,long_rvos,af3ad95fe0,5,1,1,8,9,0.41097440160806953,0.5416106518974417,0.47629252675275563,0.3953314406395294,0.5321258120111072,0.4637286263253183,-0.012563900427437324,1
InstructSeg,long_rvos,af7297f0db,1,1,1,0,1,0.5405784787913004,0.5487259471950483,0.5446522129931743,0.5272498389539804,0.5492783685319687,0.5382641037429745,-0.006388109250199836,1
InstructSeg,long_rvos,b4a5ada352,1,2,2,0;2,1;3,0.7436900338233676,0.5473166409525247,0.6455033373879462,0.5109068427369445,0.4300396778049692,0.4704732602709568,-0.17503007711698937,1
InstructSeg,long_rvos,b5c9c04bf9,5,1,1,2,3,0.5386006676016599,0.5707963335108237,0.5546985005562418,0.0749198815291428,0.08311448426973178,0.0790171828994373,-0.47568131765680455,1
InstructSeg,long_rvos,bd4aefda10,2,2,2,4;6,5;7,0.363964437311058,0.4119995014918314,0.3879819694014447,0.43340471914748824,0.47844448112466686,0.45592460013607755,0.06794263073463286,0
InstructSeg,long_rvos,bda2f20019,3,2,2,10;8,11;9,0.6184531010474966,0.6448487144694359,0.6316509077584663,0.6144450405162442,0.6361545091228022,0.6252997748195233,-0.0063511329389430715,1
InstructSeg,long_rvos,c4638cc87e,1,2,2,0;2,1;3,0.4765614251768471,0.5334079155400677,0.5049846703584574,0.2860164134154175,0.40118012201704734,0.3435982677162324,-0.16138640264222498,1
InstructSeg,long_rvos,c5c9b749d4,2,2,2,4;6,5;7,0.3782466923629548,0.2817327519438825,0.3299897221534186,0.27784942536789975,0.2257365300900415,0.25179297772897064,-0.07819674442444796,1
InstructSeg,long_rvos,c6bb21356b,1,1,1,0,1,0.3323530499819357,0.543577697884377,0.4379653739331564,0.2967305891342541,0.5639373176208132,0.43033395337753366,-0.007631420555622714,1
InstructSeg,long_rvos,c733601fcd,1,1,1,0,1,0.4108001807219747,0.4358682123087217,0.4233341965153482,0.38987654972089614,0.4257710087379671,0.4078237792294316,-0.015510417285916622,1
InstructSeg,long_rvos,c73c2a03a0,1,1,1,0,1,0.7661663508669132,0.7434694810154927,0.754817915941203,0.3052129017405787,0.4120745821535976,0.35864374194708815,-0.3961741739941148,1
InstructSeg,long_rvos,d33c8343bc,3,1,1,4,5,0.36018143143985754,0.3683861631804206,0.36428379731013905,0.34128946606221844,0.3404064124620132,0.3408479392621158,-0.023435858048023228,1
InstructSeg,long_rvos,dca31590b8,2,2,1,4;6,5,0.1931361908352461,0.18870599690887432,0.19092109387206022,0.12482386395251573,0.10809150331670625,0.11645768363461098,-0.07446341023744923,1
InstructSeg,long_rvos,ddc213ba3f,2,1,1,2,3,0.8738398257319574,0.8009064571706243,0.8373731414512908,0.9052452814680743,0.8199117430961291,0.8625785122821017,0.02520537083081087,0
InstructSeg,long_rvos,e6f1a061ea,1,2,2,0;2,1;3,0.45050317898933806,0.43067762231501183,0.4405904006521749,0.35803798160492406,0.3515697319040393,0.3548038567544817,-0.08578654389769325,1
InstructSeg,long_rvos,e9b78ad8e7,1,1,1,0,1,0.4751128339738567,0.543326506626301,0.5092196703000789,0.4034901068269722,0.47872126243347435,0.44110568463022326,-0.0681139856698556,1
InstructSeg,long_rvos,f3864705c4,3,2,1,7;9,8,0.33884689284281977,0.49226545028970015,0.41555617156625996,0.2101395171521454,0.40398119612872374,0.3070603566404346,-0.10849581492582538,1
InstructSeg,long_rvos,f771c97b16,6,2,2,20;22,21;23,0.20835596835684764,0.2619444884300361,0.23515022839344185,0.2063859044567136,0.26419298404740754,0.23528944425206055,0.000139215858618702,0
VIRST,long_rvos,0310d3743b,3,1,2,8,12;9,0.7321324426277329,0.8529891628655366,0.7925608027466348,0.5933969038000949,0.6253051812631403,0.6093510425316175,-0.18320976021501723,1
VIRST,long_rvos,046ee6aa1a,2,1,2,2,3;5,0.7874449528765743,0.7511617067060593,0.7693033297913168,0.9697467284881633,0.8899269995018203,0.9298368639949919,0.1605335342036751,0
VIRST,long_rvos,0d0ebe00cc,2,2,2,4;6,5;7,0.648841252618755,0.5651272589963361,0.6069842558075456,0.6135147529161542,0.5127486435112791,0.5631316982137167,-0.04385255759382889,1
VIRST,long_rvos,1088228079,1,1,1,0,1,0.9750082395871933,0.9933910878000989,0.9841996636936461,0.9771772257792932,0.9945313367891677,0.9858542812842305,0.001654617590584384,0
VIRST,long_rvos,119777f4c0,1,2,2,0;2,1;3,0.8379576092302422,0.8055561199575817,0.821756864593912,0.820901791504141,0.7855878122557871,0.803244801879964,-0.018512062713947897,1
VIRST,long_rvos,18b160d3a7,2,1,1,4,5,0.8440588200417984,0.7866577696450209,0.8153582948434097,0.34639491608214346,0.4129262948096527,0.3796606054458981,-0.43569768939751163,1
VIRST,long_rvos,1a5dead3e3,1,1,1,0,1,0.8949230829508361,0.8766184799733185,0.8857707814620773,0.8953076777727864,0.8799779788452069,0.8876428283089967,0.0018720468469193285,0
VIRST,long_rvos,20eaede0fb,2,1,1,4,5,0.4375,0.4375,0.4375,0.265625,0.265625,0.265625,-0.171875,1
VIRST,long_rvos,22680d3b50,4,2,2,3;5,4;6,0.7507193184439171,0.8137641696939345,0.7822417440689259,0.7827616983749863,0.8566497556517645,0.8197057270133754,0.037463982944449525,0
VIRST,long_rvos,2683deffcb,1,1,1,0,1,0.7473978825040415,0.7909773910214932,0.7691876367627674,0.722289680760464,0.7720856315236813,0.7471876561420726,-0.021999980620694748,1
VIRST,long_rvos,28ff632792,1,1,2,0,1;6,0.8952671563158076,0.8978625603775321,0.8965648583466699,0.9034733599721084,0.9078168367559358,0.9056450983640221,0.009080240017352192,0
VIRST,long_rvos,2a87bea97e,1,2,2,0;2,1;3,0.6049993680910551,0.4493982947850237,0.5271988314380394,0.6512902052521412,0.4925718085754312,0.5719310069137862,0.044732175475746816,0
VIRST,long_rvos,2abb12f2f7,1,1,1,0,1,0.960701262320888,0.9190845186545463,0.9398928904877172,0.0012695747641982473,0.41837658176860093,0.2098230782663996,-0.7300698122213176,1
VIRST,long_rvos,2c4cbde1aa,1,2,2,0;2,1;3,0.0540600119159326,0.0683424139022038,0.0612012129090682,0.2907467551835997,0.33232743401862447,0.3115370946011121,0.2503358816920439,0
VIRST,long_rvos,2cfdc294c5,1,2,3,0;2,1;3;8,0.9016646538100855,0.8981962557840424,0.8999304547970639,0.9028026707361336,0.900624242498436,0.9017134566172849,0.001783001820220953,0
VIRST,long_rvos,30c20fb4c1,3,2,2,10;8,11;9,0.13317256597976418,0.2353696333963925,0.18427109968807834,0.13293988276612728,0.23489331976203146,0.18391660126407938,-0.0003544984239989557,1
VIRST,long_rvos,30f4d962f9,1,1,1,0,1,0.3476616122998418,0.3353325755958275,0.3414970939478347,0.1910376676854845,0.2342306588497362,0.21263416326761037,-0.1288629306802243,1
VIRST,long_rvos,31a352c169,1,2,2,0;2,1;3,0.9130719583250964,0.8336199665355497,0.873345962430323,0.9117454700407471,0.8305775460283575,0.8711615080345524,-0.002184454395770641,1
VIRST,long_rvos,39db436191,3,1,1,4,5,0.6995553977873595,0.7133306446746482,0.7064430212310039,0.5618624174356144,0.5710363484415125,0.5664493829385635,-0.13999363829244038,1
VIRST,long_rvos,41c5109249,1,1,1,0,1,0.8654116596072472,0.8407920136773278,0.8531018366422876,0.8501124386594134,0.8102161003808324,0.8301642695201229,-0.02293756712216466,1
VIRST,long_rvos,5c0c9c0098,3,1,1,8,9,0.531250190221692,0.53125,0.531250095110846,0.546875,0.546875,0.546875,0.015624904889154023,0
VIRST,long_rvos,5d262b025c,1,1,1,0,1,0.9344225555796695,0.9462524521821847,0.9403375038809271,0.9335125254415866,0.9449695026242102,0.9392410140328984,-0.001096489848028681,1
VIRST,long_rvos,5d2c735adb,1,1,1,0,1,0.41811952897017357,0.44070147808578525,0.4294105035279794,0.3145248984567919,0.3199674872933022,0.3172461928750471,-0.11216431065293231,1
VIRST,long_rvos,68170c3f7a,2,2,2,4;6,5;7,0.6640625,0.6640625,0.6640625,0.5326685225832319,0.5413612202426787,0.5370148714129553,-0.12704762858704466,1
VIRST,long_rvos,6a1db02e31,2,2,2,4;6,5;7,0.65625,0.65625,0.65625,0.656837107784842,0.6581012793064658,0.6574691935456539,0.0012191935456539182,0
VIRST,long_rvos,6bf32cc0d5,2,2,1,4;5,6,0.5841574947496402,0.56339073160574,0.5737741131776901,0.5954783037936588,0.561388323457643,0.578433313625651,0.004659200447960865,0
VIRST,long_rvos,6d76f5cbc2,1,2,2,0;2,1;3,0.9005615682743641,0.9454046240876479,0.9229830961810059,0.901048030143399,0.9454909381375871,0.923269484140493,0.00028638795948709994,0
VIRST,long_rvos,6db18ab93a,1,2,2,0;2,1;3,0.8317585815460283,0.7966473827885513,0.8142029821672898,0.5351062941252839,0.5112200036520611,0.5231631488886724,-0.2910398332786174,1
VIRST,long_rvos,6fb7a04167,12,2,2,4;6,5;7,0.31188764181178263,0.31398303856181947,0.3129353401868011,0.35266178066131015,0.3541557135686928,0.3534087471150015,0.040473406928200395,0
VIRST,long_rvos,7bdbd4f32f,1,2,2,0;2,1;3,0.9536072997197886,0.9521679928693794,0.952887646294584,0.9540080665028206,0.952579290101415,0.9532936783021178,0.000406032007533752,0
VIRST,long_rvos,7caa203c75,2,1,1,2,3,0.8748922448498884,0.7891597280351815,0.832025986442535,0.7701968565441915,0.6803106725016078,0.7252537645228996,-0.10677222191963542,1
VIRST,long_rvos,8086f00d3d,2,2,2,4;6,5;7,0.9312119386030862,0.8804885298379596,0.9058502342205228,0.9334304003359384,0.8972717629793081,0.9153510816576232,0.009500847437100446,0
VIRST,long_rvos,8093ebd9a3,3,1,1,8,9,0.0965877043314248,0.3196832010514037,0.20813545269141426,0.09456966429572654,0.33963192968417566,0.2171007969899511,0.008965344298536848,0
VIRST,long_rvos,8290c48fcb,9,1,1,16,17,0.8790660661834508,0.7855687635273308,0.8323174148553909,0.879012097450105,0.7835914676773023,0.8313017825637037,-0.0010156322916872185,1
VIRST,long_rvos,84dc481247,3,2,1,10;8,9,0.5410528946898966,0.498785696456149,0.5199192955730227,0.48659484889139953,0.4857582842839533,0.4861765665876764,-0.03374272898534636,1
VIRST,long_rvos,882e8c62d3,2,1,1,2,3,0.6921298726659871,0.6588027911279402,0.6754663318969636,0.653060915222103,0.6065330716237984,0.6297969934229507,-0.04566933847401289,1
VIRST,long_rvos,8847e5550e,2,1,1,2,3,0.5194336023254418,0.5320787253550291,0.5257561638402355,0.390625,0.390625,0.390625,-0.1351311638402355,1
VIRST,long_rvos,8b0e20e373,1,1,1,0,1,0.6268348392421244,0.607374043779229,0.6171044415106767,0.5567623465474318,0.5380676639455777,0.5474150052465048,-0.0696894362641719,1
VIRST,long_rvos,939b6aed6d,7,2,1,24;25,26,0.4521487113478665,0.4444526717341848,0.44830069154102564,0.3077399683090143,0.29382323647596087,0.3007816023924876,-0.14751908914853806,1
VIRST,long_rvos,976257d833,1,2,2,0;2,1;3,0.8778510773418041,0.7294768521993382,0.8036639647705712,0.8767485005656536,0.7272828456897789,0.8020156731277162,-0.001648291642855071,1
VIRST,long_rvos,9bc92f09e0,1,2,2,0;2,1;3,0.6003434383580912,0.6874524174113781,0.6438979278847345,0.6343945823730068,0.7172771655398343,0.6758358739564205,0.031937946071685985,0
VIRST,long_rvos,9c1297ecd3,2,2,2,4;6,5;7,0.5897102208509513,0.5229215123057646,0.5563158665783579,0.5497318085893066,0.49457601329668277,0.5221539109429947,-0.03416195563536317,1
VIRST,long_rvos,a3f2b5d434,2,3,3,10;6;8,11;7;9,0.934051954877828,0.9447519744477262,0.939401964662777,0.9328241238787616,0.9406881207100328,0.9367561222943971,-0.002645842368379947,1
VIRST,long_rvos,a500f0e77c,1,1,1,0,1,0.8360036447971614,0.8505800894255791,0.8432918671113703,0.8362092816251278,0.8507969951131269,0.8435031383691274,0.0002112712577571063,0
VIRST,long_rvos,a595411232,3,2,2,10;8,11;9,0.5458884542034047,0.6343297036547559,0.5901090789290804,0.5851182215609991,0.6571283768532749,0.6211232992071369,0.03101422027805656,0
VIRST,long_rvos,a8b6fd5e4d,2,2,2,4;6,5;7,0.7629657984196055,0.5090189378565748,0.6359923681380901,0.7206619977879667,0.4796283015516877,0.6001451496698271,-0.035847218468263,1
VIRST,long_rvos,af3ad95fe0,5,1,1,8,9,0.6194529543933536,0.7466631513522954,0.6830580528728245,0.6114360934706817,0.7265538644002462,0.6689949789354639,-0.014063073937360615,1
VIRST,long_rvos,af7297f0db,1,1,1,0,1,0.6857407293840632,0.7273254195931473,0.7065330744886053,0.6760651034987366,0.7146932332763021,0.6953791683875193,-0.011153906101085909,1
VIRST,long_rvos,b4a5ada352,1,2,2,0;2,1;3,0.7775641823130399,0.6489970515210254,0.7132806169170327,0.7756794017075701,0.6415067297011839,0.7085930657043771,-0.004687551212655627,1
VIRST,long_rvos,b5c9c04bf9,5,1,1,2,3,0.006614916646070523,0.00969787753094986,0.008156397088510191,0.006925989785299265,0.012396968848947011,0.009661479317123137,0.0015050822286129459,0
VIRST,long_rvos,bd4aefda10,2,2,2,4;6,5;7,0.41449624983629163,0.4583749113033849,0.4364355805698383,0.5089789547367416,0.6048299914430401,0.5569044730898908,0.1204688925200525,0
VIRST,long_rvos,bda2f20019,3,2,2,10;8,11;9,0.9109232596867276,0.9277488972610342,0.9193360784738809,0.9350365836123625,0.9503231659692359,0.9426798747907992,0.023343796316918297,0
VIRST,long_rvos,c4638cc87e,1,2,2,0;2,1;3,0.535713170296564,0.5825473722824087,0.5591302712894863,0.5543055807964501,0.5939452333150907,0.5741254070557704,0.014995135766284085,0
VIRST,long_rvos,c5c9b749d4,2,2,2,4;6,5;7,0.8597128633806983,0.7754237216244643,0.8175682925025812,0.8513943086545995,0.7702524175576928,0.8108233631061461,-0.006744929396435118,1
VIRST,long_rvos,c6bb21356b,1,1,1,0,1,0.1053752873273932,0.366533354464151,0.2359543208957721,0.0624329724332308,0.16836902941047202,0.1154010009218514,-0.12055331997392069,1
VIRST,long_rvos,c733601fcd,1,1,1,0,1,0.923665223853995,0.9372785453485768,0.9304718846012858,0.9235137047814923,0.937265016300638,0.9303893605410651,-8.252406022069003e-05,1
VIRST,long_rvos,c73c2a03a0,1,1,1,0,1,0.822878155922746,0.8245288018630783,0.8237034788929122,0.43638826830042965,0.45573327761837884,0.4460607729594043,-0.3776427059335079,1
VIRST,long_rvos,d33c8343bc,3,1,1,4,5,0.39931401606086914,0.3986211906584307,0.3989676033596499,0.3913848143730311,0.3959280648773163,0.3936564396251737,-0.00531116373447621,1
VIRST,long_rvos,dca31590b8,2,2,1,4;6,5,0.42221530208886054,0.40712746877438966,0.4146713854316251,0.45709437398530534,0.4356732612449742,0.4463838176151398,0.031712432183514716,0
VIRST,long_rvos,ddc213ba3f,2,1,1,2,3,0.9317689425479903,0.8794554580533549,0.9056122003006726,0.9324136853648909,0.8804143366189116,0.9064140109919012,0.0008018106912286438,0
VIRST,long_rvos,e6f1a061ea,1,2,2,0;2,1;3,0.7832197478688319,0.7645033471193672,0.7738615474940995,0.7827640644235692,0.7564398363120313,0.7696019503678002,-0.004259597126299308,1
VIRST,long_rvos,e9b78ad8e7,1,1,1,0,1,0.7390196359139699,0.79127800466962,0.7651488202917949,0.7397578176801349,0.7915784968717793,0.7656681572759572,0.0005193369841622886,0
VIRST,long_rvos,f3864705c4,3,2,1,7;9,8,0.6722066160039907,0.7215751597248923,0.6968908878644415,0.8687741160667655,0.9373860160218197,0.9030800660442926,0.20618917817985105,0
VIRST,long_rvos,f771c97b16,6,2,2,20;22,21;23,0.723895967883954,0.7458242956544635,0.7348601317692087,0.6911439862071066,0.7116822799304217,0.7014131330687641,-0.03344699870044465,1
