seed,method,description_type,objects,source_videos,mean_J_and_F
11,raw_expression,dynamic,40,15,0.19202067413848983
11,raw_expression,hybrid,40,15,0.21700252583332924
11,raw_expression,static,40,15,0.29921467259992307
11,concept_only,dynamic,40,15,0.38062888416703017
11,concept_only,hybrid,40,15,0.4180381103715538
11,concept_only,static,40,15,0.4082288331554008
11,concept_oracle,dynamic,40,15,0.5932661133179866
11,concept_oracle,hybrid,40,15,0.5709075011661209
11,concept_oracle,static,40,15,0.6293147305029363
11,static,dynamic,40,15,0.4681516225344394
11,static,hybrid,40,15,0.4777695302891495
11,static,static,40,15,0.5346181585490175
11,temporal,dynamic,40,15,0.4333673368369905
11,temporal,hybrid,40,15,0.4594916526446381
11,temporal,static,40,15,0.48554728609170644
23,raw_expression,dynamic,40,15,0.19202067413848983
23,raw_expression,hybrid,40,15,0.21700252583332924
23,raw_expression,static,40,15,0.29921467259992307
23,concept_only,dynamic,40,15,0.38062888416703017
23,concept_only,hybrid,40,15,0.4180381103715538
23,concept_only,static,40,15,0.4082288331554008
23,concept_oracle,dynamic,40,15,0.5932661133179866
23,concept_oracle,hybrid,40,15,0.5709075011661209
23,concept_oracle,static,40,15,0.6293147305029363
23,static,dynamic,40,15,0.4578031819822822
23,static,hybrid,40,15,0.4619292669567687
23,static,static,40,15,0.5078713526919906
23,temporal,dynamic,40,15,0.41804911922323357
23,temporal,hybrid,40,15,0.43891789962687755
23,temporal,static,40,15,0.47174082121061345
42,raw_expression,dynamic,40,15,0.19202067413848983
42,raw_expression,hybrid,40,15,0.21700252583332924
42,raw_expression,static,40,15,0.29921467259992307
42,concept_only,dynamic,40,15,0.38062888416703017
42,concept_only,hybrid,40,15,0.4180381103715538
42,concept_only,static,40,15,0.4082288331554008
42,concept_oracle,dynamic,40,15,0.5932661133179866
42,concept_oracle,hybrid,40,15,0.5709075011661209
42,concept_oracle,static,40,15,0.6293147305029363
42,static,dynamic,40,15,0.4145309793023637
42,static,hybrid,40,15,0.44366878752109873
42,static,static,40,15,0.45772051194599445
42,temporal,dynamic,40,15,0.4358799491994043
42,temporal,hybrid,40,15,0.45332518382095033
42,temporal,static,40,15,0.4656833738447805
