analysis,description_type,budget_pair,space,metric,n,mean,median,std
same_expression_frame_budget,static,8_vs_16,h_seg,cosine_similarity,425,0.9708862067539427,0.9823310546726194,0.039528311933872975
same_expression_frame_budget,static,8_vs_16,h_seg,angular_distance_radians,425,0.2179302942523598,0.1882616467926831,0.10775660830640776
same_expression_frame_budget,static,8_vs_16,h_seg,normalized_l2,425,0.21704663634083907,0.18798375103918213,0.1055678296405626
same_expression_frame_budget,static,8_vs_16,z_seg,cosine_similarity,425,0.9871631466125126,0.9936980051070311,0.02059252731335373
same_expression_frame_budget,static,8_vs_16,z_seg,angular_distance_radians,425,0.1378456319516257,0.11232653497060321,0.083007472073521
same_expression_frame_budget,static,8_vs_16,z_seg,normalized_l2,425,0.13756135617034523,0.11226749211564943,0.08225874569275533
same_expression_frame_budget,static,16_vs_32,h_seg,cosine_similarity,425,0.9823765190979606,0.9892524740149491,0.03180656069207726
same_expression_frame_budget,static,16_vs_32,h_seg,angular_distance_radians,425,0.16753940603903428,0.14674353753359856,0.08758102354318234
same_expression_frame_budget,static,16_vs_32,h_seg,normalized_l2,425,0.16706583234814093,0.14661190937335858,0.08575121737141639
same_expression_frame_budget,static,16_vs_32,z_seg,cosine_similarity,425,0.9921240534709344,0.9967863677594204,0.026846694711910018
same_expression_frame_budget,static,16_vs_32,z_seg,angular_distance_radians,425,0.09957945051261474,0.08019170725017356,0.07834853687964906
same_expression_frame_budget,static,16_vs_32,z_seg,normalized_l2,425,0.09935028775541815,0.08017022191037752,0.07678075695785543
same_expression_frame_budget,static,8_vs_32,h_seg,cosine_similarity,425,0.9571572126228836,0.9712132664559538,0.048153450808894493
same_expression_frame_budget,static,8_vs_32,h_seg,angular_distance_radians,425,0.2710093174367624,0.24052407922570548,0.11721770242142811
same_expression_frame_budget,static,8_vs_32,h_seg,normalized_l2,425,0.2695570187023956,0.2399447167330265,0.11425982142218886
same_expression_frame_budget,static,8_vs_32,z_seg,cosine_similarity,425,0.9808751938844752,0.9896462357205966,0.03408801682252303
same_expression_frame_budget,static,8_vs_32,z_seg,angular_distance_radians,425,0.1695446223717611,0.1440255568532261,0.10035203951259368
same_expression_frame_budget,static,8_vs_32,z_seg,normalized_l2,425,0.1689975451689359,0.14390110687137528,0.098550973690628
same_expression_frame_budget,dynamic,8_vs_16,h_seg,cosine_similarity,418,0.9746191073145396,0.9838354892477689,0.026911937791304855
same_expression_frame_budget,dynamic,8_vs_16,h_seg,angular_distance_radians,418,0.20796256950765907,0.18004580890365662,0.08944973629582668
same_expression_frame_budget,dynamic,8_vs_16,h_seg,normalized_l2,418,0.2073221186450592,0.1798027217895413,0.08830617161818664
same_expression_frame_budget,dynamic,8_vs_16,z_seg,cosine_similarity,418,0.9872141440213656,0.9931057924460682,0.019265728809850453
same_expression_frame_budget,dynamic,8_vs_16,z_seg,angular_distance_radians,418,0.13879147111983398,0.1174911667657623,0.08066274288169799
same_expression_frame_budget,dynamic,8_vs_16,z_seg,normalized_l2,418,0.13851838280090756,0.11742359889748788,0.07999799886434075
same_expression_frame_budget,dynamic,16_vs_32,h_seg,cosine_similarity,418,0.9840898898337505,0.9887322378536966,0.01810225127377021
same_expression_frame_budget,dynamic,16_vs_32,h_seg,angular_distance_radians,418,0.16525535825205007,0.15025967971893706,0.06870269690680118
same_expression_frame_budget,dynamic,16_vs_32,h_seg,normalized_l2,418,0.16493447780554918,0.15011836296729758,0.06802874332470425
same_expression_frame_budget,dynamic,16_vs_32,z_seg,cosine_similarity,418,0.9929555604474417,0.9965546918447452,0.011965679330134461
same_expression_frame_budget,dynamic,16_vs_32,z_seg,angular_distance_radians,418,0.1015980919584209,0.08303353195369986,0.06197700689315936
same_expression_frame_budget,dynamic,16_vs_32,z_seg,normalized_l2,418,0.1014794792404562,0.08300968056807585,0.06164320751105536
same_expression_frame_budget,dynamic,8_vs_32,h_seg,cosine_similarity,418,0.9610513195815247,0.9710122404073572,0.03391988478093089
same_expression_frame_budget,dynamic,8_vs_32,h_seg,angular_distance_radians,418,0.2629748421814667,0.24136641874450437,0.09839371406063323
same_expression_frame_budget,dynamic,8_vs_32,h_seg,normalized_l2,418,0.2618351722526939,0.24078094928498478,0.09675794943381341
same_expression_frame_budget,dynamic,8_vs_32,z_seg,cosine_similarity,418,0.9804811299519718,0.9888511542497446,0.025159430387759016
same_expression_frame_budget,dynamic,8_vs_32,z_seg,angular_distance_radians,418,0.1751509155448645,0.14945976882237336,0.09342064621117178
same_expression_frame_budget,dynamic,8_vs_32,z_seg,normalized_l2,418,0.1746731440499861,0.14932067732225443,0.09245258981639325
same_expression_frame_budget,hybrid,8_vs_16,h_seg,cosine_similarity,346,0.9723958918905489,0.9829732527337155,0.032173123246633
same_expression_frame_budget,hybrid,8_vs_16,h_seg,angular_distance_radians,346,0.21438134867293693,0.18479822822087144,0.099488363311527
same_expression_frame_budget,hybrid,8_vs_16,h_seg,normalized_l2,346,0.2136213163940562,0.18453538063407976,0.09798928797912906
same_expression_frame_budget,hybrid,8_vs_16,z_seg,cosine_similarity,346,0.9867113659135446,0.9935043170575979,0.021070589392668655
same_expression_frame_budget,hybrid,8_vs_16,z_seg,angular_distance_radians,346,0.13893349542061229,0.11404102196161689,0.08665000126603556
same_expression_frame_budget,hybrid,8_vs_16,z_seg,normalized_l2,346,0.13863225546691352,0.11397923290854531,0.08590514835519819
same_expression_frame_budget,hybrid,16_vs_32,h_seg,cosine_similarity,346,0.9836240915895038,0.9895874911201712,0.023114977864529016
same_expression_frame_budget,hybrid,16_vs_32,h_seg,angular_distance_radians,346,0.16479089100190383,0.14443420255821798,0.07674878168228552
same_expression_frame_budget,hybrid,16_vs_32,h_seg,normalized_l2,346,0.164421492261498,0.14430869008421374,0.075722928149687
same_expression_frame_budget,hybrid,16_vs_32,z_seg,cosine_similarity,346,0.9929554866996017,0.9967322594610066,0.015595998052974848
same_expression_frame_budget,hybrid,16_vs_32,z_seg,angular_distance_radians,346,0.09800727435723303,0.08086432741165807,0.06780239483130979
same_expression_frame_budget,hybrid,16_vs_32,z_seg,normalized_l2,346,0.09786634254735381,0.08084229687804279,0.06726277986712746
same_expression_frame_budget,hybrid,8_vs_32,h_seg,cosine_similarity,346,0.9581992155543796,0.9705181304799966,0.040655972989883306
same_expression_frame_budget,hybrid,8_vs_32,h_seg,angular_distance_radians,346,0.26976955738700614,0.24342475989775292,0.10972394785739405
same_expression_frame_budget,hybrid,8_vs_32,h_seg,normalized_l2,346,0.26844707830816694,0.24282418839264616,0.10756940898465396
same_expression_frame_budget,hybrid,8_vs_32,z_seg,cosine_similarity,346,0.9805685651759153,0.9896247220827523,0.028561927857002154
same_expression_frame_budget,hybrid,8_vs_32,z_seg,angular_distance_radians,346,0.17198350430863923,0.14417317558929366,0.09861480801156555
same_expression_frame_budget,hybrid,8_vs_32,z_seg,normalized_l2,346,0.17147582084231822,0.1440483311394053,0.09739779079807774
