identity,dataset,split,video_id,object_id,expression_id,description_type,expression,candidate_hit,oracle_track_id,static_selected_track_id,static_selection_correct,static_candidate_direct_J_and_F,static_target_margin,temporal_selected_track_id,temporal_selection_correct,temporal_candidate_direct_J_and_F,temporal_target_margin
long_rvos/0310d3743b/3/12,long_rvos,valid,0310d3743b,3,12,dynamic,A snowboard splits left and right before stopping in the snow.,1,1,0,0,0.7008541482021348,0.0,1,1,0.776651616768882,0.4488358497619629
long_rvos/0310d3743b/3/9,long_rvos,valid,0310d3743b,3,9,dynamic,The snowboard of the second person skiing in from a distance.,1,1,0,0,0.65625,0.0,2,0,0.685468976720394,-0.08373498916625977
long_rvos/0310d3743b/3/8,long_rvos,valid,0310d3743b,3,8,static,"A black and white snowboard, with a person wearing a blue hat on it.",1,0,0,1,0.74927571162057,0.0,1,0,0.7360935302311775,-0.14391088485717773
long_rvos/046ee6aa1a/2/3,long_rvos,valid,046ee6aa1a,2,3,dynamic,"A child is being held by someone, watching the rain outside the house.",1,0,0,1,0.8504700588192791,0.769921600818634,0,1,0.8504700588192791,-1.2297428846359253
long_rvos/046ee6aa1a/2/5,long_rvos,valid,046ee6aa1a,2,5,dynamic,"A child, held by someone, watches the rain outside.",1,0,0,1,0.8504700588192791,1.11759614944458,0,1,0.8504700588192791,-1.3033084869384766
long_rvos/046ee6aa1a/2/2,long_rvos,valid,046ee6aa1a,2,2,static,A child wearing a blue bib around the neck.,1,0,0,1,0.8504700588192791,0.826432466506958,0,1,0.8504700588192791,-0.06912875175476074
long_rvos/0d0ebe00cc/2/5,long_rvos,valid,0d0ebe00cc,2,5,dynamic,A dog lies in a person's arms and is held by the mouth.,1,0,1,0,0.07753824758342873,-1.2991561889648438,1,0,0.07753824758342873,-4.718720436096191
long_rvos/0d0ebe00cc/2/7,long_rvos,valid,0d0ebe00cc,2,7,dynamic,"The dog grabs the man's hand, then the man holds the dog's mouth, the dog occasionally sticks out its tongue, and it starts baring its teeth when another dog gets closer.",1,0,1,0,0.07753824758342873,-1.6348536014556885,1,0,0.07753824758342873,-4.5231122970581055
long_rvos/0d0ebe00cc/2/14,long_rvos,valid,0d0ebe00cc,2,14,hybrid,A white puppy lying next to another puppy sleeps.,1,0,0,1,0.6542858476562303,4.497703552246094,0,1,0.6542858476562303,2.006274938583374
long_rvos/0d0ebe00cc/2/15,long_rvos,valid,0d0ebe00cc,2,15,hybrid,"A white dog in a black collar lies near a man in red, grabs his hand, and bares its teeth as another dog approaches.",1,0,0,1,0.7320930542225195,4.182322025299072,0,1,0.7320930542225195,-2.309490203857422
long_rvos/0d0ebe00cc/2/4,long_rvos,valid,0d0ebe00cc,2,4,static,A white puppy lying next to another puppy.,1,0,0,1,0.6542858476562303,4.323598861694336,0,1,0.6542858476562303,1.9847913980484009
long_rvos/0d0ebe00cc/2/6,long_rvos,valid,0d0ebe00cc,2,6,static,"A white dog wearing a black collar, lying in front of a man wearing a red long-sleeve shirt, with a brown dog in front of it.",1,0,0,1,0.7320930542225195,4.351288318634033,0,1,0.7320930542225195,-2.0963447093963623
long_rvos/1088228079/1/1,long_rvos,valid,1088228079,1,1,dynamic,"The man in white sportswear and black pants grabs the rocks in front of him, continuously attempting to climb upwards.",1,1,6,0,0.046264507862895904,-11.268524169921875,1,1,0.9074829950286436,7.486025810241699
long_rvos/1088228079/1/8,long_rvos,valid,1088228079,1,8,hybrid,A man in white sportswear grabs rocks and climbs left of a woman in blue.,1,1,6,0,0.046264507862895904,-12.852157592773438,1,1,0.9074829950286436,7.629073143005371
long_rvos/1088228079/1/0,long_rvos,valid,1088228079,1,0,static,"A man wearing white sportswear and black pants, to the left of a woman wearing blue clothes.",1,1,6,0,0.046264507862895904,-12.644946098327637,1,1,0.9074829950286436,7.6023054122924805
long_rvos/119777f4c0/1/1,long_rvos,valid,119777f4c0,1,1,dynamic,"The man looks forward and holds the steering wheel. Then, the child sits next to him and holds the steering wheel.",1,4,3,0,0.29726455105474275,-8.630799293518066,3,0,0.29726455105474275,-10.27964973449707
long_rvos/119777f4c0/1/3,long_rvos,valid,119777f4c0,1,3,dynamic,"The man extends one hand to hold the steering wheel, with the boy sitting in front of him.",1,4,3,0,0.29726455105474275,-8.379620552062988,3,0,0.29726455105474275,-10.046893119812012
long_rvos/119777f4c0/1/12,long_rvos,valid,119777f4c0,1,12,hybrid,A bearded man in gray steers a boat with a child in front.,1,0,0,1,0.5625,-0.4451536238193512,0,1,0.5625,-6.345655918121338
long_rvos/119777f4c0/1/0,long_rvos,valid,119777f4c0,1,0,static,"A man wearing dark gray clothes, a hat, and sunglasses, standing next to a man and a child, with a steering wheel in front of him.",1,4,3,0,0.29726455105474275,-8.531561851501465,3,0,0.29726455105474275,-9.6646146774292
long_rvos/119777f4c0/1/2,long_rvos,valid,119777f4c0,1,2,static,"A man wearing a gray top and a beard, with a boy in red clothes and black sunglasses in front of him, on a boat.",1,4,3,0,0.29726455105474275,-8.17624282836914,3,0,0.29726455105474275,-10.954689025878906
long_rvos/18b160d3a7/2/5,long_rvos,valid,18b160d3a7,2,5,dynamic,"The woman is sitting at the desk, chatting and laughing with the woman in a black short-sleeve shirt with white stripes, while looking at the camera.",1,0,1,0,0.05172114725966151,-3.5869879722595215,1,0,0.05172114725966151,-0.640845775604248
long_rvos/18b160d3a7/2/13,long_rvos,valid,18b160d3a7,2,13,hybrid,"A woman in a black shirt sits at a desk, laughing at the camera.",1,0,1,0,0.05172114725966151,-1.134716510772705,0,1,0.9627679654730195,0.09156084060668945
long_rvos/18b160d3a7/2/4,long_rvos,valid,18b160d3a7,2,4,static,"A woman wearing a black long-sleeve shirt with a pearl necklace, with black hair, to the left of a woman in a black short-sleeve shirt with white stripes.",1,0,1,0,0.05172114725966151,-0.8022170066833496,0,1,0.9627679654730195,0.14875411987304688
long_rvos/1a5dead3e3/1/1,long_rvos,valid,1a5dead3e3,1,1,dynamic,"The baby is eating and playing with a string in its hand, occasionally opens his mouth to eat.",1,0,0,1,0.8584984704389285,4.2022480964660645,0,1,0.8584984704389285,5.436132431030273
long_rvos/1a5dead3e3/1/4,long_rvos,valid,1a5dead3e3,1,4,hybrid,"A baby in a blue bib sits in a stroller, eating and playing with a string.",1,0,0,1,0.8584984704389285,4.417954921722412,0,1,0.8584984704389285,5.380805969238281
long_rvos/1a5dead3e3/1/0,long_rvos,valid,1a5dead3e3,1,0,static,"A baby wearing a blue bib, sitting in a stroller, with a man in front.",1,0,0,1,0.8584984704389285,4.53297233581543,0,1,0.8584984704389285,5.328157901763916
long_rvos/20eaede0fb/2/5,long_rvos,valid,20eaede0fb,2,5,dynamic,"The vehicle drives over, then turns and drives away.",1,0,3,0,0.328125,-0.9747958183288574,3,0,0.328125,-0.6333284378051758
long_rvos/20eaede0fb/2/8,long_rvos,valid,20eaede0fb,2,8,hybrid,"A black four-wheeled vehicle near the wall, drives over, turns, and drives away.",0,,,0,0.0,,,0,0.0,
long_rvos/20eaede0fb/2/4,long_rvos,valid,20eaede0fb,2,4,static,A black four-wheeled vehicle next to the wall.,0,,,0,0.0,,,0,0.0,
long_rvos/22680d3b50/4/4,long_rvos,valid,22680d3b50,4,4,dynamic,"The bird pecks around on the car window, then flies to the car roof and looks around.",1,3,3,1,0.6444688692473239,13.798563003540039,3,1,0.6444688692473239,11.190765380859375
long_rvos/22680d3b50/4/6,long_rvos,valid,22680d3b50,4,6,dynamic,"The bird moves around the window of the car, then hops onto the roof and walks there, finally standing still.",1,3,3,1,0.6444688692473239,13.478925704956055,3,1,0.6444688692473239,10.969407081604004
long_rvos/22680d3b50/4/8,long_rvos,valid,22680d3b50,4,8,hybrid,A green bird pecks around car window then flies to roof to look around.,1,1,1,1,0.7046049206565984,12.96387004852295,1,1,0.7046049206565984,10.256078720092773
long_rvos/22680d3b50/4/9,long_rvos,valid,22680d3b50,4,9,hybrid,A dark green bird moves around car window then hops onto roof before standing still.,1,1,1,1,0.7048808342400411,12.953758239746094,1,1,0.7048808342400411,10.448583602905273
long_rvos/22680d3b50/4/3,long_rvos,valid,22680d3b50,4,3,static,A green bird on the car window.,1,1,1,1,0.7046049206565984,12.625112533569336,1,1,0.7046049206565984,10.287677764892578
long_rvos/22680d3b50/4/5,long_rvos,valid,22680d3b50,4,5,static,"A dark green bird, sitting on a white car.",1,1,1,1,0.7048808342400411,12.780485153198242,1,1,0.7048808342400411,10.852827072143555
long_rvos/2683deffcb/1/1,long_rvos,valid,2683deffcb,1,1,dynamic,A girl is playing with a ball in the yard.,1,0,0,1,0.8523339311418192,5.601229190826416,0,1,0.8523339311418192,6.597684383392334
long_rvos/2683deffcb/1/5,long_rvos,valid,2683deffcb,1,5,hybrid,A blonde girl plays with a ball in the yard.,1,2,2,1,0.5422542015378291,6.531203269958496,2,1,0.5422542015378291,5.4862871170043945
long_rvos/2683deffcb/1/0,long_rvos,valid,2683deffcb,1,0,static,A blonde girl.,1,2,2,1,0.5422542015378291,6.680724143981934,2,1,0.5422542015378291,5.576109886169434
long_rvos/28ff632792/1/1,long_rvos,valid,28ff632792,1,1,dynamic,"The woman stands nearby, watching Santa Claus hold the little boy.",1,0,1,0,0.625,-2.9526610374450684,0,1,0.9468316480324267,0.051837921142578125
long_rvos/28ff632792/1/6,long_rvos,valid,28ff632792,1,6,dynamic,A  woman in a skirt watches Santa hold the boy.,1,0,1,0,0.625,-2.861194610595703,0,1,0.9468316480324267,0.05384063720703125
long_rvos/28ff632792/1/0,long_rvos,valid,28ff632792,1,0,static,"A slightly chubby woman in a skirt, standing to the right of a person wearing a Santa Claus outfit.",1,0,0,1,0.9166695507196672,4.934596538543701,0,1,0.9166695507196672,-5.751497745513916
long_rvos/2a87bea97e/1/1,long_rvos,valid,2a87bea97e,1,1,dynamic,The woman is dancing.,1,1,16,0,0.203125,-8.797633171081543,1,1,0.6421080666254573,3.928788185119629
long_rvos/2a87bea97e/1/3,long_rvos,valid,2a87bea97e,1,3,dynamic,"The woman sits in the car, swinging her hands, shaking her body and head, then turns her head and points at another woman, before looking out the window.",1,1,16,0,0.203125,-9.49152946472168,1,1,0.6421080666254573,3.853936195373535
long_rvos/2a87bea97e/1/12,long_rvos,valid,2a87bea97e,1,12,hybrid,"A woman wearing a blue shirt, to the right of a boy, is dancing.",1,1,16,0,0.203125,-9.781418800354004,1,1,0.6421080666254573,3.6818490028381348
long_rvos/2a87bea97e/1/13,long_rvos,valid,2a87bea97e,1,13,hybrid,"A golden-haired woman in a blue shirt sits in the car's back seat, swinging her hands and shaking her head.",0,,,0,0.0,,,0,0.0,
long_rvos/2a87bea97e/1/0,long_rvos,valid,2a87bea97e,1,0,static,"A woman wearing a blue shirt, to the right of the boy.",1,1,16,0,0.203125,-10.805527687072754,1,1,0.6421080666254573,3.684744358062744
long_rvos/2a87bea97e/1/2,long_rvos,valid,2a87bea97e,1,2,static,"A woman wearing a blue long-sleeve shirt and golden hair, sitting on the far right in the back seat of the car.",1,1,16,0,0.203125,-10.72046184539795,1,1,0.6421080666254573,3.707853317260742
long_rvos/2abb12f2f7/1/1,long_rvos,valid,2abb12f2f7,1,1,dynamic,"A cat places its paw on another cat while sleeping, then moves its head next to the other cat's head.",1,0,1,0,0.21189439695401077,-6.792404651641846,0,1,0.9368232097978774,2.3759305477142334
long_rvos/2abb12f2f7/1/4,long_rvos,valid,2abb12f2f7,1,4,hybrid,A spotted cat rests on another cat sleeping on the left of the bed.,0,,,0,0.0,,,0,0.0,
long_rvos/2abb12f2f7/1/0,long_rvos,valid,2abb12f2f7,1,0,static,"A light-spotted cat on the bed, next to another cat.",1,0,1,0,0.21301492760867433,-4.827282905578613,0,1,0.9359142425501052,1.6224026679992676
long_rvos/2c4cbde1aa/1/1,long_rvos,valid,2c4cbde1aa,1,1,dynamic,"The tank follows the one in front of it, driving around the field.",1,0,4,0,0.0029455186236567186,-6.569204807281494,4,0,0.0029455186236567186,-0.17595958709716797
long_rvos/2c4cbde1aa/1/3,long_rvos,valid,2c4cbde1aa,1,3,dynamic,The tank followed the tank in front of it and drove in circles on the track.,1,0,4,0,0.0029455186236567186,-5.83427619934082,4,0,0.0029455186236567186,-0.19990968704223633
long_rvos/2c4cbde1aa/1/7,long_rvos,valid,2c4cbde1aa,1,7,hybrid,"A green tank follows another, driving around the field and circling the track.",1,0,3,0,0.0007080704443480513,-6.509012222290039,3,0,0.0007080704443480513,-0.3470726013183594
long_rvos/2c4cbde1aa/1/0,long_rvos,valid,2c4cbde1aa,1,0,static,A green tank.,1,0,3,0,0.0007080704443480513,-6.384062767028809,3,0,0.0007080704443480513,-0.3045835494995117
long_rvos/2c4cbde1aa/1/2,long_rvos,valid,2c4cbde1aa,1,2,static,A green tank on a track.,1,0,3,0,0.0007080704443480513,-6.015172004699707,3,0,0.0007080704443480513,-0.34465694427490234
long_rvos/2cfdc294c5/1/1,long_rvos,valid,2cfdc294c5,1,1,dynamic,The man is fishing,1,0,0,1,0.8705857257226124,0.0,0,1,0.8705857257226124,8.726903915405273
long_rvos/2cfdc294c5/1/3,long_rvos,valid,2cfdc294c5,1,3,dynamic,The man is holding a fishing line and fishing.,1,0,0,1,0.8705857257226124,0.0,0,1,0.8705857257226124,9.188807487487793
long_rvos/2cfdc294c5/1/8,long_rvos,valid,2cfdc294c5,1,8,dynamic,A man is fishing with a line.,1,0,0,1,0.8705857257226124,0.0,0,1,0.8705857257226124,9.222140312194824
long_rvos/2cfdc294c5/1/0,long_rvos,valid,2cfdc294c5,1,0,static,"A man wearing a hat and gloves, on a boat",1,0,0,1,0.8705857257226124,0.0,0,1,0.8705857257226124,8.593655586242676
long_rvos/2cfdc294c5/1/2,long_rvos,valid,2cfdc294c5,1,2,static,A man wearing gray clothes.,1,0,0,1,0.8705857257226124,0.0,0,1,0.8705857257226124,8.784175872802734
long_rvos/30c20fb4c1/3/11,long_rvos,valid,30c20fb4c1,3,11,dynamic,"The little girl stands beside the baby, smiling while looking at it.",0,1,0,0,0.078125,,0,0,0.078125,
long_rvos/30c20fb4c1/3/9,long_rvos,valid,30c20fb4c1,3,9,dynamic,"The child stands next to a baby chair, watching as a person feeds another child, then reaches out to touch the child, walks behind the baby chair, and later helps feed the child.",0,2,6,0,0.10499501411841447,,0,0,0.009567728568556954,
long_rvos/30c20fb4c1/3/14,long_rvos,valid,30c20fb4c1,3,14,hybrid,"A girl in red watches, touches, and helps feed a baby near a chair.",0,0,0,0,0.13438333641838895,,0,0,0.13438333641838895,
long_rvos/30c20fb4c1/3/10,long_rvos,valid,30c20fb4c1,3,10,static,"A little girl wearing a red patterned outfit, standing next to a baby.",0,1,0,0,0.078125,,0,0,0.078125,
long_rvos/30c20fb4c1/3/8,long_rvos,valid,30c20fb4c1,3,8,static,"A child wearing red clothes, with a person next to them and another child in front.",0,2,6,0,0.10499501411841447,,0,0,0.009567728568556954,
long_rvos/30f4d962f9/1/1,long_rvos,valid,30f4d962f9,1,1,dynamic,The muddy panda crawls from the floor beside the grass to the other side to eat bamboo.,1,1,1,1,0.7873483428281408,1.7880363464355469,1,1,0.7873483428281408,8.52099609375
long_rvos/30f4d962f9/1/4,long_rvos,valid,30f4d962f9,1,4,hybrid,A muddy panda crawls to eat bamboo near a white house.,1,1,1,1,0.7873483428281408,3.4178450107574463,1,1,0.7873483428281408,9.272873878479004
long_rvos/30f4d962f9/1/0,long_rvos,valid,30f4d962f9,1,0,static,"A panda covered in mud, initially on the scene, on the floor beside the grass, with a white house on the right.",1,0,0,1,0.6333502775485116,1.0303678512573242,0,1,0.6333502775485116,3.6047444343566895
long_rvos/31a352c169/1/1,long_rvos,valid,31a352c169,1,1,dynamic,"The boy is taking a bath, occasionally buries his face in the water.",1,0,0,1,0.8612604386302732,7.32025146484375,0,1,0.8612604386302732,7.278676509857178
long_rvos/31a352c169/1/3,long_rvos,valid,31a352c169,1,3,dynamic,"The boy in the bathtub is playing with water, pinching his nose and dipping his face into the water to play with splashes.",1,0,0,1,0.8612604386302732,7.349767684936523,0,1,0.8612604386302732,7.324167728424072
long_rvos/31a352c169/1/10,long_rvos,valid,31a352c169,1,10,hybrid,"A red-haired boy bathes, plays with water, pinches his nose, and splashes in a toy-filled tub.",0,0,0,0,0.0,,0,0,0.0,
long_rvos/31a352c169/1/0,long_rvos,valid,31a352c169,1,0,static,A naked boy in a bathtub,0,,,0,0.0,,,0,0.0,
long_rvos/31a352c169/1/2,long_rvos,valid,31a352c169,1,2,static,"A red-brown-haired boy in the bathtub, with toys around him.",1,1,1,1,0.47035000932034987,12.934496879577637,1,1,0.47035000932034987,14.359354019165039
long_rvos/39db436191/3/5,long_rvos,valid,39db436191,3,5,dynamic,"The Border Collie stands still, watching the sheep graze, then walks toward the camera.",1,0,0,1,0.884211492911393,14.163415908813477,0,1,0.884211492911393,6.253349304199219
long_rvos/39db436191/3/10,long_rvos,valid,39db436191,3,10,hybrid,"A Border Collie stands by a fence, watching sheep graze and walking toward the camera.",1,0,0,1,0.884211492911393,12.714935302734375,0,1,0.884211492911393,5.989492893218994
long_rvos/39db436191/3/4,long_rvos,valid,39db436191,3,4,static,A black and white Border Collie standing next to a wire fence.,1,0,0,1,0.8847979103771593,14.326892852783203,0,1,0.8847979103771593,6.236985206604004
long_rvos/41c5109249/1/1,long_rvos,valid,41c5109249,1,1,dynamic,The woman is pouring sauce on her hands and gives an orange slice to the woman next to her.,1,2,13,0,0.046875,-0.7156381607055664,0,0,0.0781199428922887,-2.2022416591644287
long_rvos/41c5109249/1/7,long_rvos,valid,41c5109249,1,7,hybrid,A woman in a black top is pouring sauce on her hands and gives an orange slice to the woman next to her.,1,2,13,0,0.046875,-0.6003947257995605,0,0,0.0781199428922887,-2.220057249069214
long_rvos/41c5109249/1/0,long_rvos,valid,41c5109249,1,0,static,A woman with short hair wearing a black spaghetti-strap top with her friends,1,2,13,0,0.046875,-0.5260472297668457,0,0,0.0781199428922887,-2.3040883541107178
long_rvos/5c0c9c0098/3/9,long_rvos,valid,5c0c9c0098,3,9,dynamic,"A man stands on the side of the stage, wearing an employee badge on his chest, watching the man standing on the stage.",1,12,0,0,0.007959611098690304,-11.099578857421875,0,0,0.007959611098690304,-13.095633506774902
long_rvos/5c0c9c0098/3/12,long_rvos,valid,5c0c9c0098,3,12,hybrid,"A bearded man wearing a black hat and an employee badge on his chest stands on the side of the stage, watching the performance.",0,,,0,0.0,,,0,0.0,
long_rvos/5c0c9c0098/3/8,long_rvos,valid,5c0c9c0098,3,8,static,"A woman in black clothes, standing offstage next to an elderly man with white hair.",1,8,0,0,0.4375,0.0,15,0,0.5716885230747332,-1.105727195739746
long_rvos/5d262b025c/1/1,long_rvos,valid,5d262b025c,1,1,dynamic,"The woman is taking pictures of the crowd, then is shot with a toy gun by the crowd, falling to the ground.",1,0,0,1,0.6742257695965339,0.0,0,1,0.6742257695965339,1.8841476440429688
long_rvos/5d262b025c/1/20,long_rvos,valid,5d262b025c,1,20,hybrid,A helmeted woman with glasses is shot by the crowd with a toy gun while photographing them and falls.,0,,,0,0.0,,,0,0.0,
long_rvos/5d262b025c/1/0,long_rvos,valid,5d262b025c,1,0,static,"A woman wearing a helmet and glasses, holding a camera, in front of a crowd.",1,0,0,1,0.6742257695965339,0.0,0,1,0.6742257695965339,1.5697526931762695
long_rvos/5d2c735adb/1/1,long_rvos,valid,5d2c735adb,1,1,dynamic,A man is holding a rope and leading a camel around.,1,3,0,0,0.2356210566848972,0.0,1,0,0.20576819533412932,-0.4328298568725586
long_rvos/5d2c735adb/1/8,long_rvos,valid,5d2c735adb,1,8,hybrid,A man in khaki leads a camel with a rope.,1,3,0,0,0.2356210566848972,0.0,1,0,0.20576819533412932,-0.448483943939209
long_rvos/5d2c735adb/1/0,long_rvos,valid,5d2c735adb,1,0,static,"A man wearing khaki-colored clothing with a white cloth around his neck, holding a rope, with a camel behind him.",1,3,0,0,0.2356210566848972,0.0,1,0,0.20576819533412932,-0.4714665412902832
long_rvos/68170c3f7a/2/5,long_rvos,valid,68170c3f7a,2,5,dynamic,A man sits on the helicopter and controls the helicopter.,1,0,1,0,0.4398390722420665,-8.325712203979492,0,1,0.8365209479502494,0.16974401473999023
long_rvos/68170c3f7a/2/7,long_rvos,valid,68170c3f7a,2,7,dynamic,"The male pilot operates the helicopter, flying it before landing.",1,0,0,1,0.8549443715970255,-4.36997652053833,0,1,0.8549443715970255,-4.5161919593811035
long_rvos/68170c3f7a/2/9,long_rvos,valid,68170c3f7a,2,9,hybrid,"A male pilot in a white shirt operates a yellow helicopter with a passenger, flying before landing.",1,0,0,1,0.8549443715970255,-3.0481956005096436,0,1,0.8549443715970255,-4.115474700927734
long_rvos/68170c3f7a/2/4,long_rvos,valid,68170c3f7a,2,4,static,A male sitting inside a yellow helicopter.,1,0,0,1,0.65625,-3.8226735591888428,0,1,0.65625,-7.068627834320068
long_rvos/68170c3f7a/2/6,long_rvos,valid,68170c3f7a,2,6,static,"A male pilot wearing a white shirt and headphones, seated inside a yellow helicopter, with a passenger to his right.",1,0,0,1,0.8549443715970255,-3.1182382106781006,0,1,0.8549443715970255,-3.585007429122925
long_rvos/6a1db02e31/2/5,long_rvos,valid,6a1db02e31,2,5,dynamic,"The boy looks at the girl, holds the girl who is leaping toward him with his hands, and gives a thumbs up.",1,6,6,1,0.8583792004920696,10.150208473205566,6,1,0.8583792004920696,0.706412136554718
long_rvos/6a1db02e31/2/7,long_rvos,valid,6a1db02e31,2,7,dynamic,The boy picks up the girl.,1,6,6,1,0.8583792004920696,11.83747673034668,6,1,0.8583792004920696,0.7405216693878174
long_rvos/6a1db02e31/2/10,long_rvos,valid,6a1db02e31,2,10,hybrid,A tall Black boy in white clothes catches a leaping girl and thumbs up on grass.,0,,,0,0.0,,,0,0.0,
long_rvos/6a1db02e31/2/11,long_rvos,valid,6a1db02e31,2,11,hybrid,A boy in a white shirt lifts a girl on a grassy field near another girl in white.,1,6,6,1,0.8583792004920696,10.459895133972168,6,1,0.8583792004920696,0.6881102919578552
long_rvos/6a1db02e31/2/4,long_rvos,valid,6a1db02e31,2,4,static,"A tall Black boy wearing a white shirt, white pants, and black shoes.",0,,,0,0.0,,,0,0.0,
long_rvos/6a1db02e31/2/6,long_rvos,valid,6a1db02e31,2,6,static,"A boy wearing a white shirt, in front of a girl wearing a white shirt, on a grassy field.",1,5,0,0,0.5508025102552723,0.0,4,0,0.5625,-0.959068775177002
long_rvos/6bf32cc0d5/2/6,long_rvos,valid,6bf32cc0d5,2,6,dynamic,The largest teddy bear is lying on the bed.,1,3,3,1,0.7266638984667562,7.390551567077637,3,1,0.7266638984667562,1.0029244422912598
long_rvos/6bf32cc0d5/2/12,long_rvos,valid,6bf32cc0d5,2,12,hybrid,A brown teddy bear is lying on the bed.,1,12,12,1,0.5696567536228174,7.556020736694336,12,1,0.5696567536228174,0.6819295883178711
long_rvos/6bf32cc0d5/2/4,long_rvos,valid,6bf32cc0d5,2,4,static,"A brown teddy bear, to the right of a child and a pink towel, in a crib.",1,12,12,1,0.5696567536228174,7.898233890533447,12,1,0.5696567536228174,1.019331932067871
long_rvos/6bf32cc0d5/2/5,long_rvos,valid,6bf32cc0d5,2,5,static,"A brown teddy bear, with a messy bed behind and a pink plush toy to its right.",1,12,12,1,0.5696567536228174,7.594887733459473,12,1,0.5696567536228174,0.9285006523132324
long_rvos/6d76f5cbc2/1/1,long_rvos,valid,6d76f5cbc2,1,1,dynamic,The man is holding a microphone and reading from a script.,1,3,10,0,0.171875,-0.48365116119384766,3,1,0.9397486539478672,6.447414875030518
long_rvos/6d76f5cbc2/1/3,long_rvos,valid,6d76f5cbc2,1,3,dynamic,"The man is looking at the screen, speaking, and changing the content on the screen.",1,3,3,1,0.9397486539478672,0.49924540519714355,3,1,0.9397486539478672,6.6974029541015625
long_rvos/6d76f5cbc2/1/8,long_rvos,valid,6d76f5cbc2,1,8,hybrid,"A man wearing a suit, holding a microphone and reading from a script.",1,3,10,0,0.171875,-0.6180734634399414,3,1,0.9397486539478672,6.2932963371276855
long_rvos/6d76f5cbc2/1/9,long_rvos,valid,6d76f5cbc2,1,9,hybrid,"A suited man holds a microphone, looks at the screen, and changes its content.",1,1,1,1,0.9110247073091695,10.658626556396484,1,1,0.9110247073091695,7.2367329597473145
long_rvos/6d76f5cbc2/1/0,long_rvos,valid,6d76f5cbc2,1,0,static,"A man wearing a suit, standing in front of the screen.",1,3,10,0,0.171875,-0.6545367240905762,3,1,0.9397486539478672,6.326635837554932
long_rvos/6d76f5cbc2/1/2,long_rvos,valid,6d76f5cbc2,1,2,static,"A man in a suit holding a microphone, with a piece of paper in his hand, with a screen behind him.",1,3,10,0,0.171875,-0.5624656677246094,3,1,0.9397486539478672,6.430059432983398
long_rvos/6db18ab93a/1/1,long_rvos,valid,6db18ab93a,1,1,dynamic,The child is watching TV and dancing around.,1,0,0,1,0.7987296943327655,8.470108032226562,0,1,0.7987296943327655,6.990201950073242
long_rvos/6db18ab93a/1/3,long_rvos,valid,6db18ab93a,1,3,dynamic,Little boy watching TV and jumping around.,1,0,0,1,0.807913036892177,8.589587211608887,0,1,0.807913036892177,7.259799003601074
long_rvos/6db18ab93a/1/8,long_rvos,valid,6db18ab93a,1,8,hybrid,A child in a blue shirt dances near a man watching TV.,1,0,0,1,0.7987296943327655,8.560108184814453,0,1,0.7987296943327655,7.213396072387695
long_rvos/6db18ab93a/1/9,long_rvos,valid,6db18ab93a,1,9,hybrid,A boy in green plays on a table near a man.,1,0,0,1,0.7968317979630026,10.430475234985352,0,1,0.7968317979630026,8.571288108825684
long_rvos/6db18ab93a/1/0,long_rvos,valid,6db18ab93a,1,0,static,"A child in a blue striped shirt, next to a man, with a TV in front of them.",1,0,0,1,0.7987296943327655,8.758742332458496,0,1,0.7987296943327655,7.2489705085754395
long_rvos/6db18ab93a/1/2,long_rvos,valid,6db18ab93a,1,2,static,"A young boy wearing a green top and white spotted pants, standing on a table, to the right of a man.",1,0,0,1,0.8887033499230709,12.403562545776367,0,1,0.8887033499230709,8.574956893920898
long_rvos/6fb7a04167/12/5,long_rvos,valid,6fb7a04167,12,5,dynamic,"The man is sitting in a chair, crossing his arms in front of him, watching the men in front of him chat and drink.",1,2,0,0,0.125,0.0,0,0,0.125,-8.644437789916992
long_rvos/6fb7a04167/12/7,long_rvos,valid,6fb7a04167,12,7,dynamic,"The man is sitting with the group, crossing his arms and looking at the people in front of him.",1,2,0,0,0.125,0.0,0,0,0.125,-8.76929759979248
long_rvos/6fb7a04167/12/25,long_rvos,valid,6fb7a04167,12,25,hybrid,"A man in a black coat sits surrounded by a group, crossing his arms and watching others chat.",1,2,0,0,0.125,0.0,0,0,0.125,-8.850639343261719
long_rvos/6fb7a04167/12/4,long_rvos,valid,6fb7a04167,12,4,static,"A man in a black coat and blue jeans, with another man in a blue coat and gray inner lining to his left.",1,2,0,0,0.125,0.0,0,0,0.125,-8.834364891052246
long_rvos/6fb7a04167/12/6,long_rvos,valid,6fb7a04167,12,6,static,"A man wearing a black coat, surrounded by a group of people, with a man in a blue coat beside him.",1,2,0,0,0.125,0.0,0,0,0.125,-8.973443984985352
long_rvos/7bdbd4f32f/1/1,long_rvos,valid,7bdbd4f32f,1,1,dynamic,The girl is sitting on the table and playing with her father.,1,1,1,1,0.7799008846634277,4.465911865234375,1,1,0.7799008846634277,7.715066432952881
long_rvos/7bdbd4f32f/1/3,long_rvos,valid,7bdbd4f32f,1,3,dynamic,The girl in white is holding a spoon and laughing continuously,1,1,1,1,0.7799008846634277,3.7544589042663574,1,1,0.7799008846634277,7.538708686828613
long_rvos/7bdbd4f32f/1/12,long_rvos,valid,7bdbd4f32f,1,12,hybrid,A girl in white clothes sitting on a table plays with her father.,1,1,1,1,0.7799008846634277,4.709892272949219,1,1,0.7799008846634277,7.5540242195129395
long_rvos/7bdbd4f32f/1/13,long_rvos,valid,7bdbd4f32f,1,13,hybrid,A girl in a white shirt holds a spoon and laughs near a boy in gray.,1,1,1,1,0.7799008846634277,4.148129463195801,1,1,0.7799008846634277,7.659574031829834
long_rvos/7bdbd4f32f/1/0,long_rvos,valid,7bdbd4f32f,1,0,static,A baby wearing white clothes.,1,0,0,1,0.9432967785649036,1.9258860349655151,0,1,0.9432967785649036,-0.25415897369384766
long_rvos/7bdbd4f32f/1/2,long_rvos,valid,7bdbd4f32f,1,2,static,"A baby wearing a white short-sleeved shirt, sitting to the right of a boy in a gray short-sleeved shirt",1,0,0,1,0.9432967785649036,2.097810745239258,0,1,0.9432967785649036,-0.842040479183197
long_rvos/7caa203c75/2/3,long_rvos,valid,7caa203c75,2,3,dynamic,A boy is lying on the floor playing with a toy.,1,4,6,0,0.058281711122387364,-9.666007995605469,4,1,0.34953729182716736,0.40073156356811523
long_rvos/7caa203c75/2/5,long_rvos,valid,7caa203c75,2,5,hybrid,A boy in a blue sweater lies on the floor playing with a toy.,1,4,6,0,0.058281711122387364,-9.818199157714844,4,1,0.34953729182716736,0.4668130874633789
long_rvos/7caa203c75/2/2,long_rvos,valid,7caa203c75,2,2,static,"A young boy wearing a blue sweater, on the floor.",1,4,9,0,0.04657338169594136,-9.79815673828125,4,1,0.3496104287730736,0.48561763763427734
long_rvos/8086f00d3d/2/5,long_rvos,valid,8086f00d3d,2,5,dynamic,The little baby is lying on the woman.,1,0,0,1,0.9493139797046144,-0.32788315415382385,0,1,0.9493139797046144,4.784559726715088
long_rvos/8086f00d3d/2/7,long_rvos,valid,8086f00d3d,2,7,dynamic,"The baby lies on the woman's body, with his eyes moving constantly",1,0,0,1,0.9743992089342776,-0.5733130574226379,0,1,0.9743992089342776,4.840139865875244
long_rvos/8086f00d3d/2/10,long_rvos,valid,8086f00d3d,2,10,hybrid,"A little boy covered with a red blanket, lying on a woman.",1,0,0,1,0.9744033012572801,0.2059531956911087,0,1,0.9744033012572801,4.678510665893555
long_rvos/8086f00d3d/2/11,long_rvos,valid,8086f00d3d,2,11,hybrid,"A baby in a red blanket lies on a woman, with his eyes constantly turning.",1,0,0,1,0.9743992089342776,-0.16367630660533905,0,1,0.9743992089342776,4.707734107971191
long_rvos/8086f00d3d/2/4,long_rvos,valid,8086f00d3d,2,4,static,A little boy covered with a red blanket.,1,0,0,1,0.9744033012572801,0.0232999324798584,0,1,0.9744033012572801,4.7101922035217285
long_rvos/8086f00d3d/2/6,long_rvos,valid,8086f00d3d,2,6,static,"A baby covered with a red blanket, above a woman.",1,0,0,1,0.9743992089342776,0.8738608360290527,0,1,0.9743992089342776,4.527096271514893
long_rvos/8093ebd9a3/3/9,long_rvos,valid,8093ebd9a3,3,9,dynamic,"The person sits at the edge of the tank, observes the surroundings and talks with a man.",1,2,2,1,0.6037635902148167,0.9484391212463379,0,0,0.32761275411709206,-0.35966062545776367
long_rvos/8093ebd9a3/3/14,long_rvos,valid,8093ebd9a3,3,14,hybrid,"A man wearing camouflage clothing sits on the tank, looking around and chatting with friends.",1,1,1,1,0.6107935461032721,0.8642833232879639,2,0,0.18210800028815582,-0.17743587493896484
long_rvos/8093ebd9a3/3/8,long_rvos,valid,8093ebd9a3,3,8,static,A person on the right top of a tank.,1,2,2,1,0.6037635902148167,1.0458260774612427,0,0,0.32761275411709206,-0.38052892684936523
long_rvos/8290c48fcb/9/17,long_rvos,valid,8290c48fcb,9,17,dynamic,"The hand picks up a mouse from the pile, inspects it, and puts it back.",1,1,1,1,0.8411295385624686,-6.543969631195068,1,1,0.8411295385624686,2.7137691974639893
long_rvos/8290c48fcb/9/25,long_rvos,valid,8290c48fcb,9,25,hybrid,"A hand reaches out from the left of the shot, picks up a mouse, examines it, and then puts it back.",1,1,1,1,0.8411295385624686,-4.970641613006592,1,1,0.8411295385624686,3.755453109741211
long_rvos/8290c48fcb/9/16,long_rvos,valid,8290c48fcb,9,16,static,"A hand, to the left of the pile of mice.",1,1,1,1,0.8411295385624686,-4.918544292449951,1,1,0.8411295385624686,4.032819747924805
long_rvos/84dc481247/3/9,long_rvos,valid,84dc481247,3,9,dynamic,"The man was walking back and forth, then turned around and talked to someone else.",1,10,0,0,0.35640739975594055,-10.675582885742188,0,0,0.35640739975594055,-4.6398773193359375
long_rvos/84dc481247/3/15,long_rvos,valid,84dc481247,3,15,hybrid,A slim man in yellow earplugs and a patterned T-shirt walks back and forth chatting.,0,,,0,0.0,,,0,0.0,
long_rvos/84dc481247/3/10,long_rvos,valid,84dc481247,3,10,static,"A man with golden hair, wearing a navy short-sleeve shirt, surrounded by other men wearing headphones.",1,10,0,0,0.35640739975594055,-8.31955337524414,0,0,0.35640739975594055,-4.9483256340026855
long_rvos/84dc481247/3/8,long_rvos,valid,84dc481247,3,8,static,"A slim man wearing yellow earplugs, a T-shirt with a pattern on the front and black stripes on the sleeves, and glasses.",0,,,0,0.0,,,0,0.0,
long_rvos/882e8c62d3/2/3,long_rvos,valid,882e8c62d3,2,3,dynamic,The man walks onto the red inflatable mat and climbs onto the rocking cow toy.,0,8,0,0,0.09052506277791161,,9,0,0.14411507641821633,
long_rvos/882e8c62d3/2/7,long_rvos,valid,882e8c62d3,2,7,hybrid,A bald man in black walks onto a red mat and climbs a rocking cow toy.,0,2,0,0,0.21954700694793072,,3,0,0.15477538793283976,
long_rvos/882e8c62d3/2/2,long_rvos,valid,882e8c62d3,2,2,static,A bald man wearing a black top.,0,2,0,0,0.21954700694793072,,3,0,0.15477538793283976,
long_rvos/8847e5550e/2/3,long_rvos,valid,8847e5550e,2,3,dynamic,"The man first washed his hands with water, then tilted his head back to drink.",1,2,14,0,0.00019118464961067854,-4.334628582000732,14,0,0.00019118464961067854,-4.829736709594727
long_rvos/8847e5550e/2/5,long_rvos,valid,8847e5550e,2,5,hybrid,"A man in black drinks water, his head tilted back, as he stands next to a woman wearing a pink scarf.",1,1,11,0,0.0,-8.022253036499023,15,0,0.0,-3.586015462875366
long_rvos/8847e5550e/2/2,long_rvos,valid,8847e5550e,2,2,static,"A man wearing black clothes, standing to the left of a woman wearing a pink scarf.",1,2,14,0,0.00019118464961067854,-5.179465293884277,14,0,0.00019118464961067854,-5.05830192565918
long_rvos/8b0e20e373/1/1,long_rvos,valid,8b0e20e373,1,1,dynamic,"A man sits on the ground, looking at a girl. He then hands the little girl something to eat and stretches his left hand toward the camera.",1,0,0,1,0.9376186316173012,-1.9195486307144165,0,1,0.9376186316173012,-6.300886154174805
long_rvos/8b0e20e373/1/5,long_rvos,valid,8b0e20e373,1,5,hybrid,"A man in black clothes with a child and a dog, watches the child play with the dog and hands snack to the girl.",1,0,0,1,0.9376186316173012,0.6008417010307312,0,1,0.9376186316173012,-6.448030471801758
long_rvos/8b0e20e373/1/6,long_rvos,valid,8b0e20e373,1,6,hybrid,"A man in black watches a child play with a dog, give the girl snack, finally stretches his left hand toward the camera.",1,0,0,1,0.9376186316173012,0.3931005001068115,0,1,0.9376186316173012,-6.39172887802124
long_rvos/8b0e20e373/1/0,long_rvos,valid,8b0e20e373,1,0,static,"A man in black clothes, with a child and a dog",1,0,0,1,0.9376186316173012,0.32344305515289307,0,1,0.9376186316173012,-6.4175801277160645
long_rvos/939b6aed6d/7/26,long_rvos,valid,939b6aed6d,7,26,dynamic,"The man is watching a band perform, occasionally turning his head.",1,0,0,1,0.8098395047762472,7.820273399353027,0,1,0.8098395047762472,7.170100688934326
long_rvos/939b6aed6d/7/33,long_rvos,valid,939b6aed6d,7,33,hybrid,"A man in a black coat watches the band perform, occasionally turning his head.",1,0,0,1,0.8098395047762472,9.566033363342285,0,1,0.8098395047762472,5.458003520965576
long_rvos/939b6aed6d/7/24,long_rvos,valid,939b6aed6d,7,24,static,A man sitting in the audience.,1,0,0,1,0.8098395047762472,7.455497741699219,0,1,0.8098395047762472,7.193853378295898
long_rvos/939b6aed6d/7/25,long_rvos,valid,939b6aed6d,7,25,static,"A short-haired man in a black coat, with a band in front of him and a few people watching the performance on the right.",0,1,0,0,0.15625,,0,0,0.15625,
long_rvos/976257d833/1/1,long_rvos,valid,976257d833,1,1,dynamic,The baby constantly buries its head in the blanket.,1,0,0,1,0.7731522939292015,10.244644165039062,0,1,0.7731522939292015,12.709175109863281
long_rvos/976257d833/1/3,long_rvos,valid,976257d833,1,3,dynamic,"The baby lies on a mat, playing head-to-head with the child.",1,0,0,1,0.7731522939292015,11.308100700378418,0,1,0.7731522939292015,12.771657943725586
long_rvos/976257d833/1/8,long_rvos,valid,976257d833,1,8,hybrid,A baby in a red shirt buries its head in a yellow blanket.,1,0,0,1,0.7731522939292015,10.187215805053711,0,1,0.7731522939292015,13.019027709960938
long_rvos/976257d833/1/9,long_rvos,valid,976257d833,1,9,hybrid,A baby in a striped shirt plays head-to-head with a child on a mat.,1,0,0,1,0.7731522939292015,10.811712265014648,0,1,0.7731522939292015,12.811315536499023
long_rvos/976257d833/1/0,long_rvos,valid,976257d833,1,0,static,"A baby wearing a red shirt, with a boy wearing a blue shirt in front of it, with a yellow blanket underneath.",1,0,0,1,0.7731522939292015,11.353710174560547,0,1,0.7731522939292015,12.847043991088867
long_rvos/976257d833/1/2,long_rvos,valid,976257d833,1,2,static,A baby wearing a red and white striped shirt.,1,0,0,1,0.7731522939292015,10.241108894348145,0,1,0.7731522939292015,12.817476272583008
long_rvos/9bc92f09e0/1/1,long_rvos,valid,9bc92f09e0,1,1,dynamic,The elderly person shakes the snow off his ski board and then continues moving forward.,1,2,2,1,0.3952306131128942,8.648008346557617,2,1,0.3952306131128942,5.909726619720459
long_rvos/9bc92f09e0/1/3,long_rvos,valid,9bc92f09e0,1,3,dynamic,"A man lifts his left foot and swings it up and down, then walks to the right.",1,1,0,0,0.0625,-10.466682434082031,0,0,0.0625,-3.5265026092529297
long_rvos/9bc92f09e0/1/8,long_rvos,valid,9bc92f09e0,1,8,hybrid,An elderly bald man in black shakes snow off his ski board and continues skiing.,1,1,0,0,0.07029850369470134,-8.655126571655273,0,0,0.07029850369470134,-4.423399448394775
long_rvos/9bc92f09e0/1/0,long_rvos,valid,9bc92f09e0,1,0,static,"An elderly person wearing purple pants, standing next to another elderly person wearing black clothes, surrounded by snow and some trees.",1,2,2,1,0.3952306131128942,9.901820182800293,2,1,0.3952306131128942,6.008594512939453
long_rvos/9bc92f09e0/1/2,long_rvos,valid,9bc92f09e0,1,2,static,"A person wearing purple pants and ski equipment, to the right of a bald man.",1,1,0,0,0.0625,-10.146912574768066,0,0,0.0625,-3.2929787635803223
long_rvos/9c1297ecd3/2/5,long_rvos,valid,9c1297ecd3,2,5,dynamic,Man draws a card from a pile of playing cards and puts it in his hand before putting it back into the deck.,1,0,0,1,0.8854046332523544,11.387428283691406,0,1,0.8854046332523544,12.86341667175293
long_rvos/9c1297ecd3/2/7,long_rvos,valid,9c1297ecd3,2,7,dynamic,"The man draws a card from the deck and put it back, then raises his hands and shake hands with another person.",1,0,0,1,0.8854046332523544,11.013114929199219,0,1,0.8854046332523544,12.885550498962402
long_rvos/9c1297ecd3/2/10,long_rvos,valid,9c1297ecd3,2,10,hybrid,"A man in a white hat watches a card trick with a bespectacled man, and talks with him.",1,0,0,1,0.8854046332523544,12.467618942260742,0,1,0.8854046332523544,13.313760757446289
long_rvos/9c1297ecd3/2/11,long_rvos,valid,9c1297ecd3,2,11,hybrid,A man wearing red clothes assists another man in performing magic.,1,0,0,1,0.8854046332523544,10.861377716064453,0,1,0.8854046332523544,13.19796085357666
long_rvos/9c1297ecd3/2/4,long_rvos,valid,9c1297ecd3,2,4,static,"A man wearing a white hat and a red shirt. In front of him stands a man wearing glasses, a black jacket, holding a deck of cards.",1,0,0,1,0.8854046332523544,11.438161849975586,0,1,0.8854046332523544,13.256050109863281
long_rvos/9c1297ecd3/2/6,long_rvos,valid,9c1297ecd3,2,6,static,A man wearing red clothes.,1,0,0,1,0.8854046332523544,9.625340461730957,0,1,0.8854046332523544,13.228662490844727
long_rvos/a3f2b5d434/2/11,long_rvos,valid,a3f2b5d434,2,11,dynamic,"The cat stands on the black square, watching the dog run in circles below.",1,2,2,1,0.9347683558706028,4.4347710609436035,2,1,0.9347683558706028,0.7660387754440308
long_rvos/a3f2b5d434/2/7,long_rvos,valid,a3f2b5d434,2,7,dynamic,The cat watches the dog spin in circles.,1,2,2,1,0.9347683558706028,4.443668365478516,2,1,0.9347683558706028,1.0194295644760132
long_rvos/a3f2b5d434/2/9,long_rvos,valid,a3f2b5d434,2,9,dynamic,"The cat stands on the black chair, watching the dog spinning beside the chair, occasionally spinning around and reaching out to touch the carpet and the dog.",1,2,2,1,0.9347683558706028,4.373879432678223,2,1,0.9347683558706028,0.7197023630142212
long_rvos/a3f2b5d434/2/15,long_rvos,valid,a3f2b5d434,2,15,hybrid,A black and white cat watches a dog spin in circles.,1,0,0,1,0.929041023513923,7.217548847198486,0,1,0.929041023513923,0.6442883014678955
long_rvos/a3f2b5d434/2/16,long_rvos,valid,a3f2b5d434,2,16,hybrid,"A spotted white cat on a black chair stands, watches a spinning dog, and touches the carpet and dog.",1,1,1,1,0.5719647654937494,11.995990753173828,1,1,0.5719647654937494,6.54606294631958
long_rvos/a3f2b5d434/2/17,long_rvos,valid,a3f2b5d434,2,17,hybrid,A black and white cat on a black square watches a dog running below.,1,0,0,1,0.929041023513923,7.03555154800415,0,1,0.929041023513923,0.7717812061309814
long_rvos/a3f2b5d434/2/10,long_rvos,valid,a3f2b5d434,2,10,static,"A black and white cat, standing on top of a black square object.",1,0,0,1,0.929041023513923,7.015451908111572,0,1,0.929041023513923,1.2962061166763306
long_rvos/a3f2b5d434/2/6,long_rvos,valid,a3f2b5d434,2,6,static,A black and white cat.,1,0,0,1,0.929041023513923,7.159916400909424,0,1,0.929041023513923,1.0970757007598877
long_rvos/a3f2b5d434/2/8,long_rvos,valid,a3f2b5d434,2,8,static,"A white cat with black spots and a black tail, sitting on a black chair.",1,1,1,1,0.9323768950575931,3.839031457901001,1,1,0.9323768950575931,0.9377329349517822
long_rvos/a500f0e77c/1/1,long_rvos,valid,a500f0e77c,1,1,dynamic,"A girl runs around the living room, then lies down on the floor before getting up and sitting on a toy car, and continues running around.",1,0,0,1,0.8551382637811438,7.986156463623047,0,1,0.8551382637811438,8.182733535766602
long_rvos/a500f0e77c/1/4,long_rvos,valid,a500f0e77c,1,4,hybrid,"A little girl wearing red clothes, spinning in circles and running around.",1,0,0,1,0.8452456682393035,8.012030601501465,0,1,0.8452456682393035,7.72626256942749
long_rvos/a500f0e77c/1/0,long_rvos,valid,a500f0e77c,1,0,static,A little girl wearing pink clothes.,1,0,0,1,0.8452456682393035,8.493315696716309,0,1,0.8452456682393035,7.601144790649414
long_rvos/a595411232/3/11,long_rvos,valid,a595411232,3,11,dynamic,"The woman sits on the sailboat, then falls into the water, climbs back onto the boat, and falls again.",1,1,0,0,0.29937235947870855,0.0,0,0,0.29937235947870855,-4.180667877197266
long_rvos/a595411232/3/9,long_rvos,valid,a595411232,3,9,dynamic,"The woman falls into the water when the sailboat capsizes, climbs back onto the sailboat, and falls back into the water when the sailboat capsizes again.",1,1,0,0,0.29937235947870855,0.0,0,0,0.29937235947870855,-3.8185553550720215
long_rvos/a595411232/3/20,long_rvos,valid,a595411232,3,20,hybrid,"A woman in a red life jacket falls into the water as the sailboat capsizes, climbs back, and falls again.",1,1,0,0,0.29937235947870855,0.0,0,0,0.29937235947870855,-3.1365973949432373
long_rvos/a595411232/3/21,long_rvos,valid,a595411232,3,21,hybrid,"A woman in an orange life jacket on a sailboat falls into the water, climbs back, and falls again.",1,1,0,0,0.29937235947870855,0.0,0,0,0.29937235947870855,-3.6916327476501465
long_rvos/a595411232/3/10,long_rvos,valid,a595411232,3,10,static,"A woman wearing an orange life jacket on a sailboat with a red, white, and blue sail, later falling into the water, next to a man wearing a red life jacket and a black hat.",1,1,0,0,0.29937235947870855,0.0,0,0,0.29937235947870855,-4.207710266113281
long_rvos/a595411232/3/8,long_rvos,valid,a595411232,3,8,static,"A woman wearing a red life jacket and a hat, on a white sailboat, next to a man wearing the same outfit.",1,1,0,0,0.29937235947870855,0.0,0,0,0.29937235947870855,-3.3615474700927734
long_rvos/a8b6fd5e4d/2/5,long_rvos,valid,a8b6fd5e4d,2,5,dynamic,"The baby and the man play together, with the man catching the baby once and then chasing after him.",1,0,0,1,0.641036054105099,0.0,0,1,0.641036054105099,8.496068000793457
long_rvos/a8b6fd5e4d/2/7,long_rvos,valid,a8b6fd5e4d,2,7,dynamic,"The child crawls on the floor, then is picked up by the man, continues crawling, sits up for a moment, and then resumes crawling.",1,0,0,1,0.5137849606256061,0.0,0,1,0.5137849606256061,4.036285400390625
long_rvos/a8b6fd5e4d/2/10,long_rvos,valid,a8b6fd5e4d,2,10,hybrid,"A baby in green crawls on the floor and plays with a man, being caught and chased.",1,0,0,1,0.641036054105099,0.0,0,1,0.641036054105099,10.0941162109375
long_rvos/a8b6fd5e4d/2/11,long_rvos,valid,a8b6fd5e4d,2,11,hybrid,"A child crawls on the floor, is picked up by a man, then continues crawling.",1,0,0,1,0.5137849606256061,0.0,0,1,0.5137849606256061,4.049149990081787
long_rvos/a8b6fd5e4d/2/4,long_rvos,valid,a8b6fd5e4d,2,4,static,"A baby in dark green clothes, next to a man, with the floor beneath.",0,0,0,0,0.13978912597608195,,0,0,0.13978912597608195,
long_rvos/a8b6fd5e4d/2/6,long_rvos,valid,a8b6fd5e4d,2,6,static,"A short-haired child, next to a man wearing long sleeves and glasses.",1,0,0,1,0.6345181404376613,5.213883876800537,0,1,0.6345181404376613,4.500248432159424
long_rvos/af3ad95fe0/5/9,long_rvos,valid,af3ad95fe0,5,9,dynamic,"The red triangular toy is played with by a child in blue clothes, then thrown onto the carpet.",1,1,4,0,0.4625446427233886,-7.482489585876465,1,1,0.5312383991465865,0.9832000732421875
long_rvos/af3ad95fe0/5/16,long_rvos,valid,af3ad95fe0,5,16,hybrid,"A child in blue plays with a red triangular toy, then throws it on the carpet.",0,2,0,0,0.09889238285990257,,1,0,0.0,
long_rvos/af3ad95fe0/5/8,long_rvos,valid,af3ad95fe0,5,8,static,"A red triangular toy, initially held by the child in blue clothes, later on the carpet.",1,1,4,0,0.4625446427233886,-7.94689416885376,1,1,0.5312383991465865,1.6398429870605469
long_rvos/af7297f0db/1/1,long_rvos,valid,af7297f0db,1,1,dynamic,"The baby is being held by the man, playing with the dog in the living room, then placed next to the dog on the floor and crawls.",0,16,0,0,0.11259034890589058,,0,0,0.11259034890589058,
long_rvos/af7297f0db/1/6,long_rvos,valid,af7297f0db,1,6,hybrid,"A baby in white and gray is held by a man, plays with a dog, and crawls on the floor.",0,16,0,0,0.11259034890589058,,0,0,0.11259034890589058,
long_rvos/af7297f0db/1/0,long_rvos,valid,af7297f0db,1,0,static,"A baby wearing a white short-sleeve shirt and gray pants, in the living room, with a man wearing a gray short-sleeve shirt and blue jeans, and a dog beside them.",0,16,0,0,0.11259034890589058,,0,0,0.11259034890589058,
long_rvos/b4a5ada352/1/1,long_rvos,valid,b4a5ada352,1,1,dynamic,"The man props up his face with his left hand, points at the computer screen with his right hand, and gestures while explaining the content to the other man. After a while, he places his left hand on his right arm and occasionally extends both hands.",1,1,5,0,0.2932006115743836,-9.402113914489746,0,0,0.16476428093709553,-1.566843032836914
long_rvos/b4a5ada352/1/3,long_rvos,valid,b4a5ada352,1,3,dynamic,"A man points at the screen while speaking and discussing, occasionally turns his head.",1,1,5,0,0.2932006115743836,-12.383586883544922,0,0,0.16476428093709553,-1.2957019805908203
long_rvos/b4a5ada352/1/9,long_rvos,valid,b4a5ada352,1,9,hybrid,A man in an orange shirt and glasses points at a computer screen while gesturing and explaining.,1,1,5,0,0.2932006115743836,-9.424973487854004,0,0,0.16476428093709553,-2.3552169799804688
long_rvos/b4a5ada352/1/0,long_rvos,valid,b4a5ada352,1,0,static,"A man wearing an orange short-sleeve shirt and glasses, standing to the right of a man in black clothes, with a computer in front of them.",1,1,5,0,0.2932006115743836,-9.566121101379395,0,0,0.16476428093709553,-2.3526406288146973
long_rvos/b4a5ada352/1/2,long_rvos,valid,b4a5ada352,1,2,static,"A man wearing glasses and an orange short-sleeve shirt, next to another man wearing glasses.",1,1,5,0,0.2932006115743836,-9.218231201171875,0,0,0.16476428093709553,-2.359379768371582
long_rvos/b5c9c04bf9/5/3,long_rvos,valid,b5c9c04bf9,5,3,dynamic,Women walking back and forth on the sidelines.,1,2,2,1,0.846920313586371,9.254095077514648,2,1,0.846920313586371,10.811973571777344
long_rvos/b5c9c04bf9/5/7,long_rvos,valid,b5c9c04bf9,5,7,hybrid,A woman with blonde hair in a white top standing off the court gives instructions.,0,12,0,0,0.0,,13,0,0.004015170657758952,
long_rvos/b5c9c04bf9/5/2,long_rvos,valid,b5c9c04bf9,5,2,static,"A woman wearing a white top and having blonde hair, standing off the court.",0,12,0,0,0.0,,13,0,0.004015170657758952,
long_rvos/bd4aefda10/2/5,long_rvos,valid,bd4aefda10,2,5,dynamic,A woman plays the accordion and moves the music stand in front of her with her right hand.,0,10,0,0,0.0011814575134746184,,0,0,0.0011814575134746184,
long_rvos/bd4aefda10/2/7,long_rvos,valid,bd4aefda10,2,7,dynamic,"The woman, to the left of another woman, plays the accordion.",0,10,0,0,0.0011814575134746184,,0,0,0.0011814575134746184,
long_rvos/bd4aefda10/2/9,long_rvos,valid,bd4aefda10,2,9,hybrid,A blonde woman in black plays the accordion while reading music beside another woman.,0,,,0,0.0,,,0,0.0,
long_rvos/bd4aefda10/2/4,long_rvos,valid,bd4aefda10,2,4,static,"A blonde woman, next to another woman.",0,,,0,0.0,,,0,0.0,
long_rvos/bd4aefda10/2/6,long_rvos,valid,bd4aefda10,2,6,static,"A woman sits on the right of another woman, with a rack in front of them.",0,10,0,0,0.0011814575134746184,,0,0,0.0011814575134746184,
long_rvos/bda2f20019/3/11,long_rvos,valid,bda2f20019,3,11,dynamic,"The dog walks beside the woman, briefly sits down, then stands up, then sits again on the woman's command, and tilts its head to look around.",1,0,0,1,0.9567580203430439,0.3679116666316986,0,1,0.9567580203430439,2.535947561264038
long_rvos/bda2f20019/3/9,long_rvos,valid,bda2f20019,3,9,dynamic,The dog is standing on the ground with its tongue out,1,0,0,1,0.9567580203430439,0.6911501884460449,0,1,0.9567580203430439,2.5625317096710205
long_rvos/bda2f20019/3/20,long_rvos,valid,bda2f20019,3,20,hybrid,A light brown dog on a leash stands by a woman with its tongue out.,1,0,0,1,0.9564270937226849,0.808061420917511,0,1,0.9564270937226849,2.60971736907959
long_rvos/bda2f20019/3/21,long_rvos,valid,bda2f20019,3,21,hybrid,"A light brown dog walks, sits, stands, and tilts its head on command.",0,,,0,0.0,,,0,0.0,
long_rvos/bda2f20019/3/10,long_rvos,valid,bda2f20019,3,10,static,"A light yellow dog, with a blonde woman wearing a black camisole and dark gray skirt beside it.",0,,,0,0.0,,,0,0.0,
long_rvos/bda2f20019/3/8,long_rvos,valid,bda2f20019,3,8,static,"A small light brown dog, positioned at the lower right side of a woman, held by a leash",1,0,0,1,0.9565035959393864,5.574092864990234,0,1,0.9565035959393864,9.173955917358398
long_rvos/c4638cc87e/1/1,long_rvos,valid,c4638cc87e,1,1,dynamic,"The woman is performing ballet, lying on top of a man. She then rises, grabs the foot of another woman, spins around, and lies back on the bench.",1,1,1,1,0.8081017946789004,3.484895944595337,1,1,0.8081017946789004,2.156242847442627
long_rvos/c4638cc87e/1/3,long_rvos,valid,c4638cc87e,1,3,dynamic,This woman was the second to do the side-lying move.,1,1,1,1,0.8081017946789004,2.8463268280029297,1,1,0.8081017946789004,2.172492027282715
long_rvos/c4638cc87e/1/12,long_rvos,valid,c4638cc87e,1,12,hybrid,"A woman with long hair in a black shirt performs ballet, spins, and rests on a bench.",1,1,1,1,0.8081017946789004,3.405515670776367,1,1,0.8081017946789004,1.9595876932144165
long_rvos/c4638cc87e/1/13,long_rvos,valid,c4638cc87e,1,13,hybrid,A woman with long hair wearing black clothes lying on her side remains in that position.,1,1,1,1,0.8081017946789004,3.265531063079834,1,1,0.8081017946789004,2.136880874633789
long_rvos/c4638cc87e/1/0,long_rvos,valid,c4638cc87e,1,0,static,"A woman with a ponytail wearing a black short-sleeve shirt and black pants with colorful letters on the chest, with a woman in a black vest and black pants and a man in a white vest and black pants beside her.",1,1,1,1,0.8081017946789004,2.8195371627807617,1,1,0.8081017946789004,2.1878998279571533
long_rvos/c4638cc87e/1/2,long_rvos,valid,c4638cc87e,1,2,static,"A woman with a ponytail wearing black clothes, lying down on her side.",1,1,1,1,0.8081017946789004,3.377772331237793,1,1,0.8081017946789004,2.2719802856445312
long_rvos/c5c9b749d4/2/5,long_rvos,valid,c5c9b749d4,2,5,dynamic,A man is playing a motion game with his friends with a serious expression.,1,0,0,1,0.764367838849876,0.0,1,0,0.4828194151184187,-0.20990324020385742
long_rvos/c5c9b749d4/2/7,long_rvos,valid,c5c9b749d4,2,7,dynamic,"The man in black is holding a controller and swinging his fists, playing a fighting game.",1,0,0,1,0.764367838849876,0.0,1,0,0.4828194151184187,-0.2106914520263672
long_rvos/c5c9b749d4/2/10,long_rvos,valid,c5c9b749d4,2,10,hybrid,A man wearing black clothes plays motion-sensing games with friends.,1,0,0,1,0.764367838849876,0.0,1,0,0.4828194151184187,-0.21335506439208984
long_rvos/c5c9b749d4/2/11,long_rvos,valid,c5c9b749d4,2,11,hybrid,A man in a black shirt swings his fists while playing a fighting game.,1,0,0,1,0.764367838849876,0.0,1,0,0.4828194151184187,-0.21317100524902344
long_rvos/c5c9b749d4/2/4,long_rvos,valid,c5c9b749d4,2,4,static,A man wearing black clothes.,1,0,0,1,0.764367838849876,0.0,1,0,0.4828194151184187,-0.21342992782592773
long_rvos/c5c9b749d4/2/6,long_rvos,valid,c5c9b749d4,2,6,static,"A man wearing a black long-sleeve shirt, to the left of a man wearing a plaid shirt, with a TV in front of them.",1,0,0,1,0.764367838849876,0.0,1,0,0.4828194151184187,-0.2178974151611328
long_rvos/c6bb21356b/1/1,long_rvos,valid,c6bb21356b,1,1,dynamic,"One person sits on the left of another, both on the boat, moving forward with it.",1,0,1,0,0.05443264095431409,-1.4264624118804932,1,0,0.05443264095431409,-0.874351978302002
long_rvos/c6bb21356b/1/6,long_rvos,valid,c6bb21356b,1,6,hybrid,"A person in blue sits left of another in a white boat, moving forward.",1,0,1,0,0.05310484671729548,-1.2771823406219482,1,0,0.05310484671729548,-0.9674673080444336
long_rvos/c6bb21356b/1/0,long_rvos,valid,c6bb21356b,1,0,static,"A person wearing blue clothes, sitting in a white boat. He is sitting next to a person wearing black clothes.",0,,,0,0.0,,,0,0.0,
long_rvos/c733601fcd/1/1,long_rvos,valid,c733601fcd,1,1,dynamic,A pair of hands holds the drone remote control and presses buttons to control the drone's flight.,0,,,0,0.0,,,0,0.0,
long_rvos/c733601fcd/1/4,long_rvos,valid,c733601fcd,1,4,hybrid,Hands hold a white drone remote and press buttons to control its flight.,1,0,0,1,0.8741039482453774,-3.9472362995147705,0,1,0.8741039482453774,-5.894820690155029
long_rvos/c733601fcd/1/0,long_rvos,valid,c733601fcd,1,0,static,A pair of hands holding a white drone remote control,0,,,0,0.0,,,0,0.0,
long_rvos/c73c2a03a0/1/1,long_rvos,valid,c73c2a03a0,1,1,dynamic,The first diver to appear pulled up the diver next to him while diving.,1,0,0,1,0.8668683535041273,0.7050151824951172,0,1,0.8668683535041273,5.893516540527344
long_rvos/c73c2a03a0/1/4,long_rvos,valid,c73c2a03a0,1,4,hybrid,The diver wearing yellow glasses and holding a camera pulls up the diver next to him while diving.,1,0,0,1,0.8508656177224326,0.32031479477882385,0,1,0.8508656177224326,6.256709575653076
long_rvos/c73c2a03a0/1/0,long_rvos,valid,c73c2a03a0,1,0,static,"A diver wearing a diving suit and shorts with diving gear, in front of the camera.",1,0,0,1,0.8508656177224326,0.48300307989120483,0,1,0.8508656177224326,7.233356952667236
long_rvos/d33c8343bc/3/5,long_rvos,valid,d33c8343bc,3,5,dynamic,The pie filled with yellow jelly and bordered with cream is rotating on the freezer shelf with the other three pies.,1,5,0,0,0.421875,0.0,4,0,0.20552800154211845,-0.7488682270050049
long_rvos/d33c8343bc/3/10,long_rvos,valid,d33c8343bc,3,10,hybrid,"A cream-bordered pie with yellow jelly sits beside a blueberry pie, rotating on a shelf.",1,2,0,0,0.203125,0.0,0,0,0.203125,-1.4629120826721191
long_rvos/d33c8343bc/3/4,long_rvos,valid,d33c8343bc,3,4,static,"A pie filled with yellow jelly, bordered with cream, surrounded by three other pies on a shelf. The pie is next to the blueberry pie and the square pie with red small fruits on top.",1,5,0,0,0.421875,0.0,4,0,0.20552800154211845,-0.8103146553039551
long_rvos/dca31590b8/2/5,long_rvos,valid,dca31590b8,2,5,dynamic,The woman picks up white powder and pours it into a funnel.,1,0,0,1,0.9157131611264608,0.0,1,0,0.4686263682953684,-0.04630565643310547
long_rvos/dca31590b8/2/10,long_rvos,valid,dca31590b8,2,10,hybrid,A woman in white picks up powder and pours it into a funnel.,1,0,0,1,0.9157131611264608,0.0,1,0,0.4686263682953684,-0.09937715530395508
long_rvos/dca31590b8/2/11,long_rvos,valid,dca31590b8,2,11,hybrid,A woman in a blue shirt and white jacket talks and helps from the side.,1,0,0,1,0.9157131611264608,0.0,1,0,0.4686263682953684,-0.09456586837768555
long_rvos/dca31590b8/2/4,long_rvos,valid,dca31590b8,2,4,static,"A woman wearing a white outer coat, an indigo inner shirt, and white pants, standing to the left of a girl in a gray short-sleeved shirt, with a gray road and green trees in the background.",1,0,0,1,0.9157131611264608,0.0,1,0,0.4686263682953684,-0.14864253997802734
long_rvos/dca31590b8/2/6,long_rvos,valid,dca31590b8,2,6,static,A woman wearing a blue shirt and white jacket.,1,0,0,1,0.9157131611264608,0.0,1,0,0.4686263682953684,-0.0979766845703125
long_rvos/ddc213ba3f/2/3,long_rvos,valid,ddc213ba3f,2,3,dynamic,"The baby is crawling on the carpet, playing with toys, then is picked up by the man and seated, before lying down again on the carpet.",1,0,0,1,0.9100848406006368,11.700998306274414,0,1,0.9100848406006368,14.544866561889648
long_rvos/ddc213ba3f/2/19,long_rvos,valid,ddc213ba3f,2,19,hybrid,"A baby in green pajamas crawls, plays with toys, is seated by a man, and lies down again.",1,0,0,1,0.9100848406006368,11.775606155395508,0,1,0.9100848406006368,14.542577743530273
long_rvos/ddc213ba3f/2/2,long_rvos,valid,ddc213ba3f,2,2,static,"A baby in green pajamas on a carpet, with a man in a blue short-sleeve shirt and shorts and many toys in front.",1,0,0,1,0.9100848406006368,12.210060119628906,0,1,0.9100848406006368,14.44417953491211
long_rvos/e6f1a061ea/1/1,long_rvos,valid,e6f1a061ea,1,1,dynamic,"The girl initially holds onto the railing with one hand while tapping it with the other, then leans back against the woman beside her, sits on her lap, and finally has her head held by a hand.",1,1,0,0,0.2747650279434856,0.0,1,1,0.7775664680091685,2.84606671333313
long_rvos/e6f1a061ea/1/3,long_rvos,valid,e6f1a061ea,1,3,dynamic,"The little girl is holding the railing and playing with a person beside her, putting her foot on their leg.",1,1,0,0,0.27480059307289045,0.0,1,1,0.7926517565597961,2.145033597946167
long_rvos/e6f1a061ea/1/20,long_rvos,valid,e6f1a061ea,1,20,hybrid,"A girl in a black butterfly outfit sits by a girl in pink, holds the railing, and leans on a woman.",1,1,0,0,0.2747650279434856,0.0,1,1,0.7775664680091685,3.0156500339508057
long_rvos/e6f1a061ea/1/21,long_rvos,valid,e6f1a061ea,1,21,hybrid,"A black-haired girl in black holds the railing, plays with someone, and puts her foot on their leg.",0,,,0,0.0,,,0,0.0,
long_rvos/e6f1a061ea/1/0,long_rvos,valid,e6f1a061ea,1,0,static,"A little girl wearing a black outfit with a white butterfly print, along with a black skirt, sitting next to a girl in pink.",1,1,0,0,0.27480059307289045,0.0,1,1,0.7926517565597961,2.337062120437622
long_rvos/e6f1a061ea/1/2,long_rvos,valid,e6f1a061ea,1,2,static,A little girl with black hair wearing black clothes.,1,1,0,0,0.27480059307289045,0.0,1,1,0.7926517565597961,2.2686476707458496
long_rvos/e9b78ad8e7/1/1,long_rvos,valid,e9b78ad8e7,1,1,dynamic,The man is carrying items into the house from the doorway,1,0,0,1,0.5459849231667053,0.0,4,0,0.421875,-0.0004405975341796875
long_rvos/e9b78ad8e7/1/6,long_rvos,valid,e9b78ad8e7,1,6,hybrid,A man wearing a blue outfit is carrying items into the house from the doorway.,1,0,0,1,0.5459849231667053,0.0,4,0,0.421875,-0.013278961181640625
long_rvos/e9b78ad8e7/1/0,long_rvos,valid,e9b78ad8e7,1,0,static,"A man wearing a blue outfit, inside a house",1,0,0,1,0.5459849231667053,0.0,4,0,0.421875,-0.019300460815429688
long_rvos/f3864705c4/3/8,long_rvos,valid,f3864705c4,3,8,dynamic,"The toy car is stationary on the ground, near a toy table.",0,0,0,0,0.06216701646754924,,0,0,0.06216701646754924,
long_rvos/f3864705c4/3/13,long_rvos,valid,f3864705c4,3,13,hybrid,A red toy car remains stationary on the ground.,1,0,0,1,0.9213370848414237,-5.629207134246826,0,1,0.9213370848414237,-6.201116561889648
long_rvos/f3864705c4/3/7,long_rvos,valid,f3864705c4,3,7,static,A red toy car.,1,0,0,1,0.9213370848414237,-5.5390706062316895,0,1,0.9213370848414237,-6.369987964630127
long_rvos/f3864705c4/3/9,long_rvos,valid,f3864705c4,3,9,static,A toy car which is under a toy table.,0,,,0,0.0,,,0,0.0,
long_rvos/f771c97b16/6/21,long_rvos,valid,f771c97b16,6,21,dynamic,"The dog is being walked by the man with a leash, running along the edge of the grass.",1,0,0,1,0.9055781977440092,-4.518681049346924,0,1,0.9055781977440092,-6.461414813995361
long_rvos/f771c97b16/6/23,long_rvos,valid,f771c97b16,6,23,dynamic,The dog is being led on a leash.,1,0,0,1,0.9055781977440092,-4.964772701263428,0,1,0.9055781977440092,-6.791841983795166
long_rvos/f771c97b16/6/33,long_rvos,valid,f771c97b16,6,33,hybrid,"A leashed brownish-yellow dog runs along the grassy edge, led by a man with a hat.",1,0,0,1,0.8909876504557948,-2.5713260173797607,0,1,0.8909876504557948,-6.378271579742432
long_rvos/f771c97b16/6/20,long_rvos,valid,f771c97b16,6,20,static,"A dog with a leash, with grass on the left and a man with a hat on the right.",1,0,0,1,0.9055781977440092,-4.052595138549805,0,1,0.9055781977440092,-6.2207770347595215
long_rvos/f771c97b16/6/22,long_rvos,valid,f771c97b16,6,22,static,"A brownish-yellow dog, with its owner and a leash beside it.",1,0,0,1,0.8786240095614455,-4.152738094329834,0,1,0.8786240095614455,-6.2215256690979
