identity,video_id,object_id,expression_id,description_type,expression,frame_budget,oracle_correct_track_id,correct_candidate_rank,correct_candidate_score,top1_candidate_track_id,top1_is_correct,target_vs_best_distractor_margin,segmentation_J_and_F,candidate_count
long_rvos/0310d3743b/3/12,0310d3743b,3,12,dynamic,A snowboard splits left and right before stopping in the snow.,8,1,2,0.08109059657205016,0,0,-0.019381018293798305,0.12013507284736641,2
long_rvos/0310d3743b/3/12,0310d3743b,3,12,dynamic,A snowboard splits left and right before stopping in the snow.,16,1,2,0.07824563911924506,0,0,-0.013579849387327203,0.1134517780356323,2
long_rvos/0310d3743b/3/12,0310d3743b,3,12,dynamic,A snowboard splits left and right before stopping in the snow.,32,1,2,0.07039101198745276,0,0,-0.003504874455812379,0.11863513895080129,2
long_rvos/0310d3743b/3/9,0310d3743b,3,9,dynamic,The snowboard of the second person skiing in from a distance.,8,1,2,0.015922619047619047,0,0,-0.0070585756426464405,0.09652072120028193,3
long_rvos/0310d3743b/3/9,0310d3743b,3,9,dynamic,The snowboard of the second person skiing in from a distance.,16,1,2,0.04718877328288708,0,0,-0.00682226237076318,0.11953906860033102,3
long_rvos/0310d3743b/3/9,0310d3743b,3,9,dynamic,The snowboard of the second person skiing in from a distance.,32,1,2,0.015928571428571427,0,0,-0.0061216622162883864,0.08809680558495156,3
long_rvos/046ee6aa1a/2/3,046ee6aa1a,2,3,dynamic,"A child is being held by someone, watching the rain outside the house.",8,0,1,0.28124091109477356,0,1,0.28124091109477356,0.26448981222457635,1
long_rvos/046ee6aa1a/2/3,046ee6aa1a,2,3,dynamic,"A child is being held by someone, watching the rain outside the house.",16,0,1,0.281362997266738,0,1,0.281362997266738,0.2659607958509303,1
long_rvos/046ee6aa1a/2/3,046ee6aa1a,2,3,dynamic,"A child is being held by someone, watching the rain outside the house.",32,0,1,0.28162385355345254,0,1,0.28162385355345254,0.26466853141003377,1
long_rvos/046ee6aa1a/2/5,046ee6aa1a,2,5,dynamic,"A child, held by someone, watches the rain outside.",8,0,1,0.27662181015674525,0,1,0.27662181015674525,0.26635530756829573,1
long_rvos/046ee6aa1a/2/5,046ee6aa1a,2,5,dynamic,"A child, held by someone, watches the rain outside.",16,0,1,0.28118490168685384,0,1,0.28118490168685384,0.26277819709599204,1
long_rvos/046ee6aa1a/2/5,046ee6aa1a,2,5,dynamic,"A child, held by someone, watches the rain outside.",32,0,1,0.2805278320077134,0,1,0.2805278320077134,0.2645025615007667,1
long_rvos/0d0ebe00cc/2/5,0d0ebe00cc,2,5,dynamic,A dog lies in a person's arms and is held by the mouth.,8,0,1,0.5941438271326505,0,1,0.39241289940161345,0.4353495366706064,3
long_rvos/0d0ebe00cc/2/5,0d0ebe00cc,2,5,dynamic,A dog lies in a person's arms and is held by the mouth.,16,0,1,0.6015365191390504,0,1,0.40551152007424873,0.44345833494407516,3
long_rvos/0d0ebe00cc/2/5,0d0ebe00cc,2,5,dynamic,A dog lies in a person's arms and is held by the mouth.,32,0,1,0.5854714052906078,0,1,0.3952419625288793,0.4325593171284745,3
long_rvos/0d0ebe00cc/2/7,0d0ebe00cc,2,7,dynamic,"The dog grabs the man's hand, then the man holds the dog's mouth, the dog occasionally sticks out its tongue, and it starts baring its teeth when another dog gets closer.",8,0,1,0.4874442585032679,0,1,0.1781935283350285,0.3642904407816047,3
long_rvos/0d0ebe00cc/2/7,0d0ebe00cc,2,7,dynamic,"The dog grabs the man's hand, then the man holds the dog's mouth, the dog occasionally sticks out its tongue, and it starts baring its teeth when another dog gets closer.",16,0,1,0.4141155560473322,0,1,0.008577459113697672,0.32164574901615006,3
long_rvos/0d0ebe00cc/2/7,0d0ebe00cc,2,7,dynamic,"The dog grabs the man's hand, then the man holds the dog's mouth, the dog occasionally sticks out its tongue, and it starts baring its teeth when another dog gets closer.",32,0,1,0.4208478041236893,0,1,0.011584281963252785,0.3289594619486997,3
long_rvos/1088228079/1/1,1088228079,1,1,dynamic,"The man in white sportswear and black pants grabs the rocks in front of him, continuously attempting to climb upwards.",8,1,1,0.8500416998675231,1,1,0.8079038536274031,0.9422996886039567,7
long_rvos/1088228079/1/1,1088228079,1,1,dynamic,"The man in white sportswear and black pants grabs the rocks in front of him, continuously attempting to climb upwards.",16,1,1,0.8476480283097559,1,1,0.8060628853989663,0.9399065809596635,7
long_rvos/1088228079/1/1,1088228079,1,1,dynamic,"The man in white sportswear and black pants grabs the rocks in front of him, continuously attempting to climb upwards.",32,1,1,0.8416887455821277,1,1,0.800270927567211,0.9333782767472856,7
long_rvos/119777f4c0/1/1,119777f4c0,1,1,dynamic,"The man looks forward and holds the steering wheel. Then, the child sits next to him and holds the steering wheel.",8,4,3,0.10730253210795529,0,0,-0.2535159578469458,0.15691239423567666,6
long_rvos/119777f4c0/1/1,119777f4c0,1,1,dynamic,"The man looks forward and holds the steering wheel. Then, the child sits next to him and holds the steering wheel.",16,4,3,0.11500269227165355,0,0,-0.2597234542129591,0.16341386587418635,6
long_rvos/119777f4c0/1/1,119777f4c0,1,1,dynamic,"The man looks forward and holds the steering wheel. Then, the child sits next to him and holds the steering wheel.",32,4,3,0.1175043237351229,0,0,-0.2711756018844138,0.15957328609770005,6
long_rvos/119777f4c0/1/3,119777f4c0,1,3,dynamic,"The man extends one hand to hold the steering wheel, with the boy sitting in front of him.",8,4,2,0.1299663110284269,0,0,-0.23066446575298175,0.168890461886133,6
long_rvos/119777f4c0/1/3,119777f4c0,1,3,dynamic,"The man extends one hand to hold the steering wheel, with the boy sitting in front of him.",16,4,2,0.13589525334648217,0,0,-0.22170868567500118,0.17887673610442179,6
long_rvos/119777f4c0/1/3,119777f4c0,1,3,dynamic,"The man extends one hand to hold the steering wheel, with the boy sitting in front of him.",32,4,2,0.132480135074855,0,0,-0.23832882310183512,0.2382449217234369,6
long_rvos/18b160d3a7/2/5,18b160d3a7,2,5,dynamic,"The woman is sitting at the desk, chatting and laughing with the woman in a black short-sleeve shirt with white stripes, while looking at the camera.",8,0,2,0.29067450952665314,1,0,-0.1286437355126845,0.2662620073688446,4
long_rvos/18b160d3a7/2/5,18b160d3a7,2,5,dynamic,"The woman is sitting at the desk, chatting and laughing with the woman in a black short-sleeve shirt with white stripes, while looking at the camera.",16,0,2,0.2624650904476072,1,0,-0.2782419314314634,0.24511246581244567,4
long_rvos/18b160d3a7/2/5,18b160d3a7,2,5,dynamic,"The woman is sitting at the desk, chatting and laughing with the woman in a black short-sleeve shirt with white stripes, while looking at the camera.",32,0,2,0.2693276514882754,1,0,-0.3241671074090797,0.26427618152459753,4
long_rvos/1a5dead3e3/1/1,1a5dead3e3,1,1,dynamic,"The baby is eating and playing with a string in its hand, occasionally opens his mouth to eat.",8,0,1,0.7388880881461388,0,1,0.7388880881461388,0.6900855629639588,1
long_rvos/1a5dead3e3/1/1,1a5dead3e3,1,1,dynamic,"The baby is eating and playing with a string in its hand, occasionally opens his mouth to eat.",16,0,1,0.7378029350603353,0,1,0.7378029350603353,0.6898985260302453,1
long_rvos/1a5dead3e3/1/1,1a5dead3e3,1,1,dynamic,"The baby is eating and playing with a string in its hand, occasionally opens his mouth to eat.",32,0,1,0.7374797699764919,0,1,0.7374797699764919,0.6904577434193049,1
long_rvos/20eaede0fb/2/5,20eaede0fb,2,5,dynamic,"The vehicle drives over, then turns and drives away.",8,0,4,0.01732984350410911,3,0,-0.08897964052967137,0.015625,4
long_rvos/20eaede0fb/2/5,20eaede0fb,2,5,dynamic,"The vehicle drives over, then turns and drives away.",16,0,4,0.017253344116104213,3,0,-0.12584963929377804,0.015625,4
long_rvos/20eaede0fb/2/5,20eaede0fb,2,5,dynamic,"The vehicle drives over, then turns and drives away.",32,0,4,0.01691182899108236,3,0,-0.11127878107448534,0.015625,4
long_rvos/22680d3b50/4/4,22680d3b50,4,4,dynamic,"The bird pecks around on the car window, then flies to the car roof and looks around.",8,3,1,0.37279012372157505,3,1,0.29051261077102625,0.4710199483448166,4
long_rvos/22680d3b50/4/4,22680d3b50,4,4,dynamic,"The bird pecks around on the car window, then flies to the car roof and looks around.",16,3,1,0.34291558473275296,3,1,0.26127037840137507,0.4474160229876314,4
long_rvos/22680d3b50/4/4,22680d3b50,4,4,dynamic,"The bird pecks around on the car window, then flies to the car roof and looks around.",32,3,1,0.37688837819015764,3,1,0.278650058012365,0.4707652349879262,4
long_rvos/22680d3b50/4/6,22680d3b50,4,6,dynamic,"The bird moves around the window of the car, then hops onto the roof and walks there, finally standing still.",8,3,1,0.44776092231756587,3,1,0.3473147072101184,0.5493802706413481,4
long_rvos/22680d3b50/4/6,22680d3b50,4,6,dynamic,"The bird moves around the window of the car, then hops onto the roof and walks there, finally standing still.",16,3,1,0.4667527561261835,3,1,0.3654431944881271,0.5578287282204788,4
long_rvos/22680d3b50/4/6,22680d3b50,4,6,dynamic,"The bird moves around the window of the car, then hops onto the roof and walks there, finally standing still.",32,3,1,0.7241639568082352,3,1,0.6313101664336367,0.7830860823576269,4
long_rvos/2683deffcb/1/1,2683deffcb,1,1,dynamic,A girl is playing with a ball in the yard.,8,0,1,0.9145730921488959,0,1,0.9138798336249303,0.8307751446657684,2
long_rvos/2683deffcb/1/1,2683deffcb,1,1,dynamic,A girl is playing with a ball in the yard.,16,0,1,0.9045730073597603,0,1,0.9003385215725372,0.818194214662739,2
long_rvos/2683deffcb/1/1,2683deffcb,1,1,dynamic,A girl is playing with a ball in the yard.,32,0,1,0.8821247357014778,0,1,0.860157752298822,0.7972148904278855,2
long_rvos/28ff632792/1/1,28ff632792,1,1,dynamic,"The woman stands nearby, watching Santa Claus hold the little boy.",8,0,1,0.37005123746084323,0,1,0.3343811858682857,0.3296456050197242,9
long_rvos/28ff632792/1/1,28ff632792,1,1,dynamic,"The woman stands nearby, watching Santa Claus hold the little boy.",16,0,1,0.36739924410412395,0,1,0.3326625888616993,0.33293735103440114,9
long_rvos/28ff632792/1/1,28ff632792,1,1,dynamic,"The woman stands nearby, watching Santa Claus hold the little boy.",32,0,1,0.3706920549354906,0,1,0.33997330546129767,0.3290126889250502,9
long_rvos/28ff632792/1/6,28ff632792,1,6,dynamic,A  woman in a skirt watches Santa hold the boy.,8,0,1,0.3695618775701439,0,1,0.33330387001818407,0.3293228477874425,9
long_rvos/28ff632792/1/6,28ff632792,1,6,dynamic,A  woman in a skirt watches Santa hold the boy.,16,0,1,0.3694885231969633,0,1,0.33324359392968367,0.3293234178146331,9
long_rvos/28ff632792/1/6,28ff632792,1,6,dynamic,A  woman in a skirt watches Santa hold the boy.,32,0,1,0.36622981146637845,0,1,0.3293843018685062,0.3318635427536771,9
long_rvos/2a87bea97e/1/1,2a87bea97e,1,1,dynamic,The woman is dancing.,8,1,1,0.44766700765715006,1,1,0.3116081943268483,0.48611356667196626,13
long_rvos/2a87bea97e/1/1,2a87bea97e,1,1,dynamic,The woman is dancing.,16,1,1,0.4459817475274833,1,1,0.31377596924599566,0.48686516827986365,13
long_rvos/2a87bea97e/1/1,2a87bea97e,1,1,dynamic,The woman is dancing.,32,1,1,0.4401862375976172,1,1,0.3084727583201826,0.4748963402864746,13
long_rvos/2a87bea97e/1/3,2a87bea97e,1,3,dynamic,"The woman sits in the car, swinging her hands, shaking her body and head, then turns her head and points at another woman, before looking out the window.",8,1,1,0.44025625466413004,1,1,0.30791207068904175,0.4800412684113431,13
long_rvos/2a87bea97e/1/3,2a87bea97e,1,3,dynamic,"The woman sits in the car, swinging her hands, shaking her body and head, then turns her head and points at another woman, before looking out the window.",16,1,1,0.46309339147412737,1,1,0.32735767664682697,0.5012896901103858,13
long_rvos/2a87bea97e/1/3,2a87bea97e,1,3,dynamic,"The woman sits in the car, swinging her hands, shaking her body and head, then turns her head and points at another woman, before looking out the window.",32,1,1,0.4462345526494985,1,1,0.31237061269885447,0.4835799841641097,13
long_rvos/2abb12f2f7/1/1,2abb12f2f7,1,1,dynamic,"A cat places its paw on another cat while sleeping, then moves its head next to the other cat's head.",8,0,2,0.0914368643352526,1,0,-0.7485921922911134,0.2554569095165452,2
long_rvos/2abb12f2f7/1/1,2abb12f2f7,1,1,dynamic,"A cat places its paw on another cat while sleeping, then moves its head next to the other cat's head.",16,0,2,0.058520034324299905,1,0,-0.8117219606857665,0.23257518131936902,2
long_rvos/2abb12f2f7/1/1,2abb12f2f7,1,1,dynamic,"A cat places its paw on another cat while sleeping, then moves its head next to the other cat's head.",32,0,2,0.07347153006619117,1,0,-0.7789725768006606,0.23651200372163902,2
long_rvos/2c4cbde1aa/1/1,2c4cbde1aa,1,1,dynamic,"The tank follows the one in front of it, driving around the field.",8,0,15,0.013508842121104078,5,0,-0.11074206639373814,0.08091363962449014,16
long_rvos/2c4cbde1aa/1/1,2c4cbde1aa,1,1,dynamic,"The tank follows the one in front of it, driving around the field.",16,0,15,0.011251864628006713,5,0,-0.14120426765511473,0.07187634978341009,16
long_rvos/2c4cbde1aa/1/1,2c4cbde1aa,1,1,dynamic,"The tank follows the one in front of it, driving around the field.",32,0,14,0.0127916676233025,5,0,-0.0939527271405095,0.07469073204412616,16
long_rvos/2c4cbde1aa/1/3,2c4cbde1aa,1,3,dynamic,The tank followed the tank in front of it and drove in circles on the track.,8,0,15,2.7890579677808024e-06,5,0,-0.13563258696713407,0.0628492064574612,16
long_rvos/2c4cbde1aa/1/3,2c4cbde1aa,1,3,dynamic,The tank followed the tank in front of it and drove in circles on the track.,16,0,15,6.972644919452006e-07,5,0,-0.13443631751249044,0.0607404884742478,16
long_rvos/2c4cbde1aa/1/3,2c4cbde1aa,1,3,dynamic,The tank followed the tank in front of it and drove in circles on the track.,32,0,16,0.0,5,0,-0.14308712622273081,0.055355785106582074,16
long_rvos/2cfdc294c5/1/1,2cfdc294c5,1,1,dynamic,The man is fishing,8,0,1,0.7784236831137266,0,1,0.7643432233436116,0.8161860110624175,5
long_rvos/2cfdc294c5/1/1,2cfdc294c5,1,1,dynamic,The man is fishing,16,0,1,0.791259663922367,0,1,0.7615093047269648,0.8266548383005722,5
long_rvos/2cfdc294c5/1/1,2cfdc294c5,1,1,dynamic,The man is fishing,32,0,1,0.79238932992488,0,1,0.7626748902697076,0.8311513692374347,5
long_rvos/2cfdc294c5/1/3,2cfdc294c5,1,3,dynamic,The man is holding a fishing line and fishing.,8,0,1,0.7778650638351723,0,1,0.7638016663624555,0.8150981533070056,5
long_rvos/2cfdc294c5/1/3,2cfdc294c5,1,3,dynamic,The man is holding a fishing line and fishing.,16,0,1,0.8074684070293321,0,1,0.7621289673741597,0.8485006899469115,5
long_rvos/2cfdc294c5/1/3,2cfdc294c5,1,3,dynamic,The man is holding a fishing line and fishing.,32,0,1,0.7927014536552281,0,1,0.7630049737701707,0.835445025888522,5
long_rvos/2cfdc294c5/1/8,2cfdc294c5,1,8,dynamic,A man is fishing with a line.,8,0,1,0.8093345556927489,0,1,0.7640759350030938,0.8464826028369772,5
long_rvos/2cfdc294c5/1/8,2cfdc294c5,1,8,dynamic,A man is fishing with a line.,16,0,1,0.8083280715867819,0,1,0.7630595477499065,0.8485347036273023,5
long_rvos/2cfdc294c5/1/8,2cfdc294c5,1,8,dynamic,A man is fishing with a line.,32,0,1,0.792947041053252,0,1,0.7632765930348717,0.8348664881065111,5
long_rvos/30c20fb4c1/3/11,30c20fb4c1,3,11,dynamic,"The little girl stands beside the baby, smiling while looking at it.",8,1,1,0.03039713360940499,1,1,0.03039713360940499,0.7366408641959998,2
long_rvos/30c20fb4c1/3/11,30c20fb4c1,3,11,dynamic,"The little girl stands beside the baby, smiling while looking at it.",16,1,1,0.15047883938658974,1,1,0.11922883938658974,0.4638523430926743,2
long_rvos/30c20fb4c1/3/11,30c20fb4c1,3,11,dynamic,"The little girl stands beside the baby, smiling while looking at it.",32,1,1,0.1213333580294659,1,1,0.1057083580294659,0.5294613392668659,2
long_rvos/30c20fb4c1/3/9,30c20fb4c1,3,9,dynamic,"The child stands next to a baby chair, watching as a person feeds another child, then reaches out to touch the child, walks behind the baby chair, and later helps feed the child.",8,2,2,0.03730489597000096,6,0,-0.01493090326995885,0.7301195525883014,7
long_rvos/30c20fb4c1/3/9,30c20fb4c1,3,9,dynamic,"The child stands next to a baby chair, watching as a person feeds another child, then reaches out to touch the child, walks behind the baby chair, and later helps feed the child.",16,2,1,0.19400312107438114,2,1,0.1279737293966009,0.535316254526918,7
long_rvos/30c20fb4c1/3/9,30c20fb4c1,3,9,dynamic,"The child stands next to a baby chair, watching as a person feeds another child, then reaches out to touch the child, walks behind the baby chair, and later helps feed the child.",32,2,1,0.22945291878231797,2,1,0.14773157160591976,0.48521901568069375,7
long_rvos/30f4d962f9/1/1,30f4d962f9,1,1,dynamic,The muddy panda crawls from the floor beside the grass to the other side to eat bamboo.,8,1,1,0.7808414098876546,1,1,0.7569688820257651,0.7467711035879819,5
long_rvos/30f4d962f9/1/1,30f4d962f9,1,1,dynamic,The muddy panda crawls from the floor beside the grass to the other side to eat bamboo.,16,1,1,0.7771018077318941,1,1,0.7501023675835983,0.7507699367401608,5
long_rvos/30f4d962f9/1/1,30f4d962f9,1,1,dynamic,The muddy panda crawls from the floor beside the grass to the other side to eat bamboo.,32,1,1,0.7774138828542061,1,1,0.748066003085543,0.7525573499984066,5
long_rvos/31a352c169/1/1,31a352c169,1,1,dynamic,"The boy is taking a bath, occasionally buries his face in the water.",8,0,1,0.9270263397871978,0,1,0.9270263397871978,0.8853026048388073,1
long_rvos/31a352c169/1/1,31a352c169,1,1,dynamic,"The boy is taking a bath, occasionally buries his face in the water.",16,0,1,0.9271157956170298,0,1,0.9271157956170298,0.8849623508093384,1
long_rvos/31a352c169/1/1,31a352c169,1,1,dynamic,"The boy is taking a bath, occasionally buries his face in the water.",32,0,1,0.9271512809591176,0,1,0.9271512809591176,0.8851335584874971,1
long_rvos/31a352c169/1/3,31a352c169,1,3,dynamic,"The boy in the bathtub is playing with water, pinching his nose and dipping his face into the water to play with splashes.",8,0,1,0.927155403144092,0,1,0.927155403144092,0.8856394312499397,1
long_rvos/31a352c169/1/3,31a352c169,1,3,dynamic,"The boy in the bathtub is playing with water, pinching his nose and dipping his face into the water to play with splashes.",16,0,1,0.9274089827480689,0,1,0.9274089827480689,0.8854660232671812,1
long_rvos/31a352c169/1/3,31a352c169,1,3,dynamic,"The boy in the bathtub is playing with water, pinching his nose and dipping his face into the water to play with splashes.",32,0,1,0.927273398195301,0,1,0.927273398195301,0.8845340258365467,1
long_rvos/39db436191/3/5,39db436191,3,5,dynamic,"The Border Collie stands still, watching the sheep graze, then walks toward the camera.",8,0,1,0.3720458160106036,0,1,0.2951235065356975,0.35486666847482495,3
long_rvos/39db436191/3/5,39db436191,3,5,dynamic,"The Border Collie stands still, watching the sheep graze, then walks toward the camera.",16,0,1,0.3663636303549457,0,1,0.2899669729014249,0.35802657386029646,3
long_rvos/39db436191/3/5,39db436191,3,5,dynamic,"The Border Collie stands still, watching the sheep graze, then walks toward the camera.",32,0,1,0.38720577618712815,0,1,0.3095179511542876,0.3772528744908611,3
long_rvos/41c5109249/1/1,41c5109249,1,1,dynamic,The woman is pouring sauce on her hands and gives an orange slice to the woman next to her.,8,2,1,0.884263989577945,2,1,0.8586298769452396,0.8103849627420169,15
long_rvos/41c5109249/1/1,41c5109249,1,1,dynamic,The woman is pouring sauce on her hands and gives an orange slice to the woman next to her.,16,2,1,0.8752257442036713,2,1,0.8494731659134143,0.8055506901147724,15
long_rvos/41c5109249/1/1,41c5109249,1,1,dynamic,The woman is pouring sauce on her hands and gives an orange slice to the woman next to her.,32,2,1,0.8689028445279694,2,1,0.8429805807304139,0.8005290551904529,15
long_rvos/5c0c9c0098/3/9,5c0c9c0098,3,9,dynamic,"A man stands on the side of the stage, wearing an employee badge on his chest, watching the man standing on the stage.",8,12,3,0.06259169502804393,0,0,-0.04613710101554881,0.06676947953600934,12
long_rvos/5c0c9c0098/3/9,5c0c9c0098,3,9,dynamic,"A man stands on the side of the stage, wearing an employee badge on his chest, watching the man standing on the stage.",16,12,3,0.06255030322314978,0,0,-0.04388918686006642,0.06608007416768906,12
long_rvos/5c0c9c0098/3/9,5c0c9c0098,3,9,dynamic,"A man stands on the side of the stage, wearing an employee badge on his chest, watching the man standing on the stage.",32,12,10,0.0,0,0,-0.23636994622739124,0.0008873552126353986,12
long_rvos/5d262b025c/1/1,5d262b025c,1,1,dynamic,"The woman is taking pictures of the crowd, then is shot with a toy gun by the crowd, falling to the ground.",8,0,1,0.6000598297634654,0,1,0.512083615218103,0.8630983238498974,10
long_rvos/5d262b025c/1/1,5d262b025c,1,1,dynamic,"The woman is taking pictures of the crowd, then is shot with a toy gun by the crowd, falling to the ground.",16,0,1,0.6032794561367095,0,1,0.5146859268177704,0.8707417760010803,10
long_rvos/5d262b025c/1/1,5d262b025c,1,1,dynamic,"The woman is taking pictures of the crowd, then is shot with a toy gun by the crowd, falling to the ground.",32,0,1,0.603553362178822,0,1,0.514839343923666,0.8715901653656744,10
long_rvos/5d2c735adb/1/1,5d2c735adb,1,1,dynamic,A man is holding a rope and leading a camel around.,8,3,2,0.057168968118138055,8,0,-0.060971266946101624,0.11897306532410776,15
long_rvos/5d2c735adb/1/1,5d2c735adb,1,1,dynamic,A man is holding a rope and leading a camel around.,16,3,2,0.06410237401670356,8,0,-0.05127462262765568,0.1255829771783734,15
long_rvos/5d2c735adb/1/1,5d2c735adb,1,1,dynamic,A man is holding a rope and leading a camel around.,32,3,2,0.06509417073586689,8,0,-0.04683587481038916,0.13521844425887986,15
long_rvos/68170c3f7a/2/5,68170c3f7a,2,5,dynamic,A man sits on the helicopter and controls the helicopter.,8,0,1,0.08090132216173784,0,1,0.017029200847868672,0.08809225644841029,2
long_rvos/68170c3f7a/2/5,68170c3f7a,2,5,dynamic,A man sits on the helicopter and controls the helicopter.,16,0,1,0.08401990806413068,0,1,0.019046218816650237,0.09095467675041609,2
long_rvos/68170c3f7a/2/5,68170c3f7a,2,5,dynamic,A man sits on the helicopter and controls the helicopter.,32,0,1,0.08102814165562469,0,1,0.016109988677344672,0.08854878873129042,2
long_rvos/68170c3f7a/2/7,68170c3f7a,2,7,dynamic,"The male pilot operates the helicopter, flying it before landing.",8,0,1,0.08187100587864161,0,1,0.08187100587864161,0.08921795635858541,1
long_rvos/68170c3f7a/2/7,68170c3f7a,2,7,dynamic,"The male pilot operates the helicopter, flying it before landing.",16,0,1,0.0818302271598713,0,1,0.0818302271598713,0.09034097350385738,1
long_rvos/68170c3f7a/2/7,68170c3f7a,2,7,dynamic,"The male pilot operates the helicopter, flying it before landing.",32,0,1,0.08437712626884004,0,1,0.08437712626884004,0.09178172939176961,1
long_rvos/6a1db02e31/2/5,6a1db02e31,2,5,dynamic,"The boy looks at the girl, holds the girl who is leaping toward him with his hands, and gives a thumbs up.",8,6,2,0.13161888778110353,2,0,-0.29308059494637834,0.1261346286457508,6
long_rvos/6a1db02e31/2/5,6a1db02e31,2,5,dynamic,"The boy looks at the girl, holds the girl who is leaping toward him with his hands, and gives a thumbs up.",16,6,2,0.14294243924804473,2,0,-0.3019220005786045,0.14650131738877584,6
long_rvos/6a1db02e31/2/5,6a1db02e31,2,5,dynamic,"The boy looks at the girl, holds the girl who is leaping toward him with his hands, and gives a thumbs up.",32,6,2,0.13508048302134537,2,0,-0.3194612296485858,0.14280646331368146,6
long_rvos/6a1db02e31/2/7,6a1db02e31,2,7,dynamic,The boy picks up the girl.,8,6,2,0.1308248483793062,2,0,-0.2931658043346857,0.12494035958506708,6
long_rvos/6a1db02e31/2/7,6a1db02e31,2,7,dynamic,The boy picks up the girl.,16,6,2,0.12390153095154,2,0,-0.33869950112591773,0.12455152544898888,6
long_rvos/6a1db02e31/2/7,6a1db02e31,2,7,dynamic,The boy picks up the girl.,32,6,2,0.11919376339120465,2,0,-0.3455554683027072,0.1218401549495887,6
long_rvos/6bf32cc0d5/2/6,6bf32cc0d5,2,6,dynamic,The largest teddy bear is lying on the bed.,8,3,1,0.002040755430978127,3,1,0.0020356644991831245,0.034450587918395364,4
long_rvos/6bf32cc0d5/2/6,6bf32cc0d5,2,6,dynamic,The largest teddy bear is lying on the bed.,16,3,1,0.039492832661292485,3,1,0.03948831727308247,0.06482892611290719,4
long_rvos/6bf32cc0d5/2/6,6bf32cc0d5,2,6,dynamic,The largest teddy bear is lying on the bed.,32,3,1,0.026789517948556982,3,1,0.02678612876731237,0.05442192966849048,4
long_rvos/6d76f5cbc2/1/1,6d76f5cbc2,1,1,dynamic,The man is holding a microphone and reading from a script.,8,3,1,0.7747212097985569,3,1,0.7019884366825025,0.7689341981717506,10
long_rvos/6d76f5cbc2/1/1,6d76f5cbc2,1,1,dynamic,The man is holding a microphone and reading from a script.,16,3,1,0.7725091115056164,3,1,0.700698263332991,0.7660094181995828,10
long_rvos/6d76f5cbc2/1/1,6d76f5cbc2,1,1,dynamic,The man is holding a microphone and reading from a script.,32,3,1,0.7737993502425895,3,1,0.7021297364445576,0.7660961647351077,10
long_rvos/6d76f5cbc2/1/3,6d76f5cbc2,1,3,dynamic,"The man is looking at the screen, speaking, and changing the content on the screen.",8,3,1,0.7810474793972864,3,1,0.7519976993489583,0.773084170764176,10
long_rvos/6d76f5cbc2/1/3,6d76f5cbc2,1,3,dynamic,"The man is looking at the screen, speaking, and changing the content on the screen.",16,3,1,0.7810462549815964,3,1,0.762015769815847,0.7650977410929596,10
long_rvos/6d76f5cbc2/1/3,6d76f5cbc2,1,3,dynamic,"The man is looking at the screen, speaking, and changing the content on the screen.",32,3,1,0.7799836216741027,3,1,0.7602009455784003,0.7639920891234371,10
long_rvos/6db18ab93a/1/1,6db18ab93a,1,1,dynamic,The child is watching TV and dancing around.,8,0,1,0.496878883484789,0,1,0.40944267532110484,0.5123193266294976,2
long_rvos/6db18ab93a/1/1,6db18ab93a,1,1,dynamic,The child is watching TV and dancing around.,16,0,1,0.48954330253567774,0,1,0.4004097814382189,0.5087013817955388,2
long_rvos/6db18ab93a/1/1,6db18ab93a,1,1,dynamic,The child is watching TV and dancing around.,32,0,1,0.490514747088996,0,1,0.4003150496394337,0.507716956731743,2
long_rvos/6db18ab93a/1/3,6db18ab93a,1,3,dynamic,Little boy watching TV and jumping around.,8,0,1,0.5143868335178066,0,1,0.43127598065356165,0.5208396149507655,2
long_rvos/6db18ab93a/1/3,6db18ab93a,1,3,dynamic,Little boy watching TV and jumping around.,16,0,1,0.5138302958974021,0,1,0.43279422277684937,0.517946342054384,2
long_rvos/6db18ab93a/1/3,6db18ab93a,1,3,dynamic,Little boy watching TV and jumping around.,32,0,1,0.5217598126640028,0,1,0.442473100850325,0.5198940876052686,2
long_rvos/6fb7a04167/12/5,6fb7a04167,12,5,dynamic,"The man is sitting in a chair, crossing his arms in front of him, watching the men in front of him chat and drink.",8,2,1,0.23060996845256593,2,1,0.05832310679290284,0.227469437080626,10
long_rvos/6fb7a04167/12/5,6fb7a04167,12,5,dynamic,"The man is sitting in a chair, crossing his arms in front of him, watching the men in front of him chat and drink.",16,2,1,0.3278818603010404,2,1,0.10268896272186595,0.3020285092628572,10
long_rvos/6fb7a04167/12/5,6fb7a04167,12,5,dynamic,"The man is sitting in a chair, crossing his arms in front of him, watching the men in front of him chat and drink.",32,2,1,0.31148009735917537,2,1,0.08962725909616537,0.2965822066080892,10
long_rvos/6fb7a04167/12/7,6fb7a04167,12,7,dynamic,"The man is sitting with the group, crossing his arms and looking at the people in front of him.",8,2,1,0.3052144231647154,2,1,0.15344772251446098,0.2804363161617198,10
long_rvos/6fb7a04167/12/7,6fb7a04167,12,7,dynamic,"The man is sitting with the group, crossing his arms and looking at the people in front of him.",16,2,1,0.3485022088739763,2,1,0.11388482678167511,0.32279701020636853,10
long_rvos/6fb7a04167/12/7,6fb7a04167,12,7,dynamic,"The man is sitting with the group, crossing his arms and looking at the people in front of him.",32,2,1,0.32922722186144127,2,1,0.11202684498326454,0.3144985188340724,10
long_rvos/7bdbd4f32f/1/1,7bdbd4f32f,1,1,dynamic,The girl is sitting on the table and playing with her father.,8,1,1,0.7469990202729195,1,1,0.7176036277131124,0.890245426083677,5
long_rvos/7bdbd4f32f/1/1,7bdbd4f32f,1,1,dynamic,The girl is sitting on the table and playing with her father.,16,1,1,0.7622363917893992,1,1,0.7327965000369426,0.917403443180145,5
long_rvos/7bdbd4f32f/1/1,7bdbd4f32f,1,1,dynamic,The girl is sitting on the table and playing with her father.,32,1,1,0.7639457226194521,1,1,0.7344847043779469,0.9218314653424449,5
long_rvos/7bdbd4f32f/1/3,7bdbd4f32f,1,3,dynamic,The girl in white is holding a spoon and laughing continuously,8,1,1,0.7620275614970269,1,1,0.7325962332513163,0.9082204245738127,5
long_rvos/7bdbd4f32f/1/3,7bdbd4f32f,1,3,dynamic,The girl in white is holding a spoon and laughing continuously,16,1,1,0.7622043236109061,1,1,0.7327363811407716,0.9168498718615904,5
long_rvos/7bdbd4f32f/1/3,7bdbd4f32f,1,3,dynamic,The girl in white is holding a spoon and laughing continuously,32,1,1,0.747569500251295,1,1,0.7181617439124068,0.8935806427501232,5
long_rvos/7caa203c75/2/3,7caa203c75,2,3,dynamic,A boy is lying on the floor playing with a toy.,8,4,1,0.2952470226181118,4,1,0.0369742671662211,0.7043984756949443,7
long_rvos/7caa203c75/2/3,7caa203c75,2,3,dynamic,A boy is lying on the floor playing with a toy.,16,4,1,0.29801199733910244,4,1,0.03896895107455911,0.7093590034423021,7
long_rvos/7caa203c75/2/3,7caa203c75,2,3,dynamic,A boy is lying on the floor playing with a toy.,32,4,1,0.305697574141913,4,1,0.046523339410411146,0.7035229458807981,7
long_rvos/8086f00d3d/2/5,8086f00d3d,2,5,dynamic,The little baby is lying on the woman.,8,0,1,0.9343560560174721,0,1,0.9343560560174721,0.8754384331491288,1
long_rvos/8086f00d3d/2/5,8086f00d3d,2,5,dynamic,The little baby is lying on the woman.,16,0,1,0.9266296050777063,0,1,0.9266296050777063,0.8547917777867734,1
long_rvos/8086f00d3d/2/5,8086f00d3d,2,5,dynamic,The little baby is lying on the woman.,32,0,1,0.9238433991874444,0,1,0.9238433991874444,0.8592424364569311,1
long_rvos/8086f00d3d/2/7,8086f00d3d,2,7,dynamic,"The baby lies on the woman's body, with his eyes moving constantly",8,0,1,0.957091667640446,0,1,0.957091667640446,0.865278284904262,1
long_rvos/8086f00d3d/2/7,8086f00d3d,2,7,dynamic,"The baby lies on the woman's body, with his eyes moving constantly",16,0,1,0.9460902751188289,0,1,0.9460902751188289,0.886042882665908,1
long_rvos/8086f00d3d/2/7,8086f00d3d,2,7,dynamic,"The baby lies on the woman's body, with his eyes moving constantly",32,0,1,0.9424731684751945,0,1,0.9424731684751945,0.8856878728523393,1
long_rvos/8093ebd9a3/3/9,8093ebd9a3,3,9,dynamic,"The person sits at the edge of the tank, observes the surroundings and talks with a man.",8,2,2,0.11751363673120743,0,0,-0.10138553174920031,0.28292448512079943,3
long_rvos/8093ebd9a3/3/9,8093ebd9a3,3,9,dynamic,"The person sits at the edge of the tank, observes the surroundings and talks with a man.",16,2,2,0.13845673509506007,0,0,-0.07036683223658904,0.2744284590783588,3
long_rvos/8093ebd9a3/3/9,8093ebd9a3,3,9,dynamic,"The person sits at the edge of the tank, observes the surroundings and talks with a man.",32,2,2,0.12172875753801206,0,0,-0.06684913696734589,0.24790483788525333,3
long_rvos/8290c48fcb/9/17,8290c48fcb,9,17,dynamic,"The hand picks up a mouse from the pile, inspects it, and puts it back.",8,1,1,0.8189501211956622,1,1,0.8189501211956622,0.6938017774113379,1
long_rvos/8290c48fcb/9/17,8290c48fcb,9,17,dynamic,"The hand picks up a mouse from the pile, inspects it, and puts it back.",16,1,1,0.8189268130947049,1,1,0.8189268130947049,0.6934805785507414,1
long_rvos/8290c48fcb/9/17,8290c48fcb,9,17,dynamic,"The hand picks up a mouse from the pile, inspects it, and puts it back.",32,1,1,0.8186837498018991,1,1,0.8186837498018991,0.6937947424917774,1
long_rvos/84dc481247/3/9,84dc481247,3,9,dynamic,"The man was walking back and forth, then turned around and talked to someone else.",8,10,4,0.11922338460364361,2,0,-0.06303557229762931,0.2030507012754117,14
long_rvos/84dc481247/3/9,84dc481247,3,9,dynamic,"The man was walking back and forth, then turned around and talked to someone else.",16,10,3,0.14668811225194692,2,0,-0.040870623911321874,0.22870006421022976,14
long_rvos/84dc481247/3/9,84dc481247,3,9,dynamic,"The man was walking back and forth, then turned around and talked to someone else.",32,10,4,0.12122121435256888,0,0,-0.03614750996112914,0.19196046231055108,14
long_rvos/882e8c62d3/2/3,882e8c62d3,2,3,dynamic,The man walks onto the red inflatable mat and climbs onto the rocking cow toy.,8,8,4,0.058752441095504405,9,0,-0.04137552268605573,0.20685168889531386,11
long_rvos/882e8c62d3/2/3,882e8c62d3,2,3,dynamic,The man walks onto the red inflatable mat and climbs onto the rocking cow toy.,16,8,5,0.028059535238494304,16,0,-0.02786395280276229,0.1754653401960222,11
long_rvos/882e8c62d3/2/3,882e8c62d3,2,3,dynamic,The man walks onto the red inflatable mat and climbs onto the rocking cow toy.,32,8,5,0.031191848324082443,16,0,-0.03740414260077713,0.1885902052850802,11
long_rvos/8847e5550e/2/3,8847e5550e,2,3,dynamic,"The man first washed his hands with water, then tilted his head back to drink.",8,2,13,0.019524325387460396,10,0,-0.03331974886615305,0.025462580334694437,14
long_rvos/8847e5550e/2/3,8847e5550e,2,3,dynamic,"The man first washed his hands with water, then tilted his head back to drink.",16,2,1,0.3411397297447087,2,1,0.20501436096357056,0.3567247175170444,14
long_rvos/8847e5550e/2/3,8847e5550e,2,3,dynamic,"The man first washed his hands with water, then tilted his head back to drink.",32,2,1,0.26378460266128534,2,1,0.12277966359253553,0.27724137128218046,14
long_rvos/8b0e20e373/1/1,8b0e20e373,1,1,dynamic,"A man sits on the ground, looking at a girl. He then hands the little girl something to eat and stretches his left hand toward the camera.",8,0,1,0.3960536552076626,0,1,0.3960536552076626,0.3872202039036579,1
long_rvos/8b0e20e373/1/1,8b0e20e373,1,1,dynamic,"A man sits on the ground, looking at a girl. He then hands the little girl something to eat and stretches his left hand toward the camera.",16,0,1,0.39642195173625916,0,1,0.39642195173625916,0.38920882183017624,1
long_rvos/8b0e20e373/1/1,8b0e20e373,1,1,dynamic,"A man sits on the ground, looking at a girl. He then hands the little girl something to eat and stretches his left hand toward the camera.",32,0,1,0.3989972852261747,0,1,0.3989972852261747,0.39651326929041253,1
long_rvos/939b6aed6d/7/26,939b6aed6d,7,26,dynamic,"The man is watching a band perform, occasionally turning his head.",8,0,1,0.6970285395985132,0,1,0.6500604575662907,0.5704449174566486,15
long_rvos/939b6aed6d/7/26,939b6aed6d,7,26,dynamic,"The man is watching a band perform, occasionally turning his head.",16,0,1,0.6878706300394364,0,1,0.6278512395870064,0.5636473311520052,15
long_rvos/939b6aed6d/7/26,939b6aed6d,7,26,dynamic,"The man is watching a band perform, occasionally turning his head.",32,0,1,0.6840759637890907,0,1,0.6248367091873379,0.5595660380331662,15
long_rvos/976257d833/1/1,976257d833,1,1,dynamic,The baby constantly buries its head in the blanket.,8,0,1,0.7433078910159254,0,1,0.6676146950030409,0.7444616894630965,11
long_rvos/976257d833/1/1,976257d833,1,1,dynamic,The baby constantly buries its head in the blanket.,16,0,1,0.7426645620733301,0,1,0.6680027511883082,0.7413382782497172,11
long_rvos/976257d833/1/1,976257d833,1,1,dynamic,The baby constantly buries its head in the blanket.,32,0,1,0.7497746409133909,0,1,0.6752532932939097,0.7333346476112301,11
long_rvos/976257d833/1/3,976257d833,1,3,dynamic,"The baby lies on a mat, playing head-to-head with the child.",8,0,1,0.750651977719384,0,1,0.6762122389063298,0.736776617873746,11
long_rvos/976257d833/1/3,976257d833,1,3,dynamic,"The baby lies on a mat, playing head-to-head with the child.",16,0,1,0.7501774779010775,0,1,0.6758016664036411,0.7353648708466511,11
long_rvos/976257d833/1/3,976257d833,1,3,dynamic,"The baby lies on a mat, playing head-to-head with the child.",32,0,1,0.7500903865206034,0,1,0.6757059537642186,0.7352383018611464,11
long_rvos/9bc92f09e0/1/1,9bc92f09e0,1,1,dynamic,The elderly person shakes the snow off his ski board and then continues moving forward.,8,2,1,0.42280654129677325,2,1,0.3778379933631213,0.5557909528527847,3
long_rvos/9bc92f09e0/1/1,9bc92f09e0,1,1,dynamic,The elderly person shakes the snow off his ski board and then continues moving forward.,16,2,1,0.4285197635084561,2,1,0.3835637775929632,0.5598478836575096,3
long_rvos/9bc92f09e0/1/1,9bc92f09e0,1,1,dynamic,The elderly person shakes the snow off his ski board and then continues moving forward.,32,2,1,0.41597470314215457,2,1,0.37096504724327817,0.5558057537673384,3
long_rvos/9bc92f09e0/1/3,9bc92f09e0,1,3,dynamic,"A man lifts his left foot and swings it up and down, then walks to the right.",8,1,1,0.5639000658863758,1,1,0.3911517757406375,0.5540355465677592,5
long_rvos/9bc92f09e0/1/3,9bc92f09e0,1,3,dynamic,"A man lifts his left foot and swings it up and down, then walks to the right.",16,1,1,0.556682334260356,1,1,0.3692602526270572,0.554663018597251,5
long_rvos/9bc92f09e0/1/3,9bc92f09e0,1,3,dynamic,"A man lifts his left foot and swings it up and down, then walks to the right.",32,1,1,0.563212494029406,1,1,0.3746478696571791,0.553520354752189,5
long_rvos/9c1297ecd3/2/5,9c1297ecd3,2,5,dynamic,Man draws a card from a pile of playing cards and puts it in his hand before putting it back into the deck.,8,0,1,0.590246624211274,0,1,0.4981345556685007,0.5090868544472174,8
long_rvos/9c1297ecd3/2/5,9c1297ecd3,2,5,dynamic,Man draws a card from a pile of playing cards and puts it in his hand before putting it back into the deck.,16,0,1,0.608893204208901,0,1,0.4798219354417447,0.5319113397872111,8
long_rvos/9c1297ecd3/2/5,9c1297ecd3,2,5,dynamic,Man draws a card from a pile of playing cards and puts it in his hand before putting it back into the deck.,32,0,1,0.6266247688013827,0,1,0.5128220914979935,0.5426960090090223,8
long_rvos/9c1297ecd3/2/7,9c1297ecd3,2,7,dynamic,"The man draws a card from the deck and put it back, then raises his hands and shake hands with another person.",8,0,1,0.5972428728179784,0,1,0.4980765719375181,0.5172767080921257,8
long_rvos/9c1297ecd3/2/7,9c1297ecd3,2,7,dynamic,"The man draws a card from the deck and put it back, then raises his hands and shake hands with another person.",16,0,1,0.5975206294682835,0,1,0.5439373090227558,0.5203894960425891,8
long_rvos/9c1297ecd3/2/7,9c1297ecd3,2,7,dynamic,"The man draws a card from the deck and put it back, then raises his hands and shake hands with another person.",32,0,1,0.5911345738187327,0,1,0.5373276021287139,0.5162684590412645,8
long_rvos/a3f2b5d434/2/11,a3f2b5d434,2,11,dynamic,"The cat stands on the black square, watching the dog run in circles below.",8,2,1,0.9058101130449604,2,1,0.9009178956767488,0.9115066827090776,4
long_rvos/a3f2b5d434/2/11,a3f2b5d434,2,11,dynamic,"The cat stands on the black square, watching the dog run in circles below.",16,2,1,0.9008589091368269,2,1,0.8945437242281561,0.90489170791028,4
long_rvos/a3f2b5d434/2/11,a3f2b5d434,2,11,dynamic,"The cat stands on the black square, watching the dog run in circles below.",32,2,1,0.8948757535744004,2,1,0.88973090047497,0.9038952309975292,4
long_rvos/a3f2b5d434/2/7,a3f2b5d434,2,7,dynamic,The cat watches the dog spin in circles.,8,2,1,0.9016425233037775,2,1,0.8969701685124675,0.9128601787936718,4
long_rvos/a3f2b5d434/2/7,a3f2b5d434,2,7,dynamic,The cat watches the dog spin in circles.,16,2,1,0.8996360957231917,2,1,0.8927363765308878,0.9048495084724217,4
long_rvos/a3f2b5d434/2/7,a3f2b5d434,2,7,dynamic,The cat watches the dog spin in circles.,32,2,1,0.8915877026879251,2,1,0.885288186443548,0.9082486299920554,4
long_rvos/a3f2b5d434/2/9,a3f2b5d434,2,9,dynamic,"The cat stands on the black chair, watching the dog spinning beside the chair, occasionally spinning around and reaching out to touch the carpet and the dog.",8,2,1,0.9050513209106346,2,1,0.9004556260320908,0.9127859081502677,4
long_rvos/a3f2b5d434/2/9,a3f2b5d434,2,9,dynamic,"The cat stands on the black chair, watching the dog spinning beside the chair, occasionally spinning around and reaching out to touch the carpet and the dog.",16,2,1,0.8980640495358256,2,1,0.8930951302350151,0.9065639344634209,4
long_rvos/a3f2b5d434/2/9,a3f2b5d434,2,9,dynamic,"The cat stands on the black chair, watching the dog spinning beside the chair, occasionally spinning around and reaching out to touch the carpet and the dog.",32,2,1,0.896611491914191,2,1,0.8917686014526184,0.910381428675096,4
long_rvos/a500f0e77c/1/1,a500f0e77c,1,1,dynamic,"A girl runs around the living room, then lies down on the floor before getting up and sitting on a toy car, and continues running around.",8,0,1,0.795519186597581,0,1,0.7684426370645326,0.7404652265721539,3
long_rvos/a500f0e77c/1/1,a500f0e77c,1,1,dynamic,"A girl runs around the living room, then lies down on the floor before getting up and sitting on a toy car, and continues running around.",16,0,1,0.8105616282518185,0,1,0.8006418626374184,0.7539901006976611,3
long_rvos/a500f0e77c/1/1,a500f0e77c,1,1,dynamic,"A girl runs around the living room, then lies down on the floor before getting up and sitting on a toy car, and continues running around.",32,0,1,0.7619415318039268,0,1,0.7511394988791382,0.7078674957007237,3
long_rvos/a595411232/3/11,a595411232,3,11,dynamic,"The woman sits on the sailboat, then falls into the water, climbs back onto the boat, and falls again.",8,1,2,0.21296935435872977,0,0,-0.0745213927368703,0.30739305511295095,2
long_rvos/a595411232/3/11,a595411232,3,11,dynamic,"The woman sits on the sailboat, then falls into the water, climbs back onto the boat, and falls again.",16,1,2,0.17967131850821105,0,0,-0.14693623939308753,0.28064586082452936,2
long_rvos/a595411232/3/11,a595411232,3,11,dynamic,"The woman sits on the sailboat, then falls into the water, climbs back onto the boat, and falls again.",32,1,2,0.20302947384604556,0,0,-0.022122105036675804,0.28269362299175005,2
long_rvos/a595411232/3/9,a595411232,3,9,dynamic,"The woman falls into the water when the sailboat capsizes, climbs back onto the sailboat, and falls back into the water when the sailboat capsizes again.",8,1,1,0.286165465642924,1,1,0.058817118566572985,0.38887087556391325,2
long_rvos/a595411232/3/9,a595411232,3,9,dynamic,"The woman falls into the water when the sailboat capsizes, climbs back onto the sailboat, and falls back into the water when the sailboat capsizes again.",16,1,1,0.2785396425653446,1,1,0.03903678799290769,0.3763521786500347,2
long_rvos/a595411232/3/9,a595411232,3,9,dynamic,"The woman falls into the water when the sailboat capsizes, climbs back onto the sailboat, and falls back into the water when the sailboat capsizes again.",32,1,2,0.19496638691335116,0,0,-0.12511629465430202,0.29655202748652265,2
long_rvos/a8b6fd5e4d/2/5,a8b6fd5e4d,2,5,dynamic,"The baby and the man play together, with the man catching the baby once and then chasing after him.",8,0,1,0.7510410524257471,0,1,0.7510410524257471,0.4860382647477902,2
long_rvos/a8b6fd5e4d/2/5,a8b6fd5e4d,2,5,dynamic,"The baby and the man play together, with the man catching the baby once and then chasing after him.",16,0,1,0.7410813323949954,0,1,0.7410813323949954,0.4733083654764277,2
long_rvos/a8b6fd5e4d/2/5,a8b6fd5e4d,2,5,dynamic,"The baby and the man play together, with the man catching the baby once and then chasing after him.",32,0,1,0.7297218541804127,0,1,0.7297218541804127,0.46261901154689494,2
long_rvos/a8b6fd5e4d/2/7,a8b6fd5e4d,2,7,dynamic,"The child crawls on the floor, then is picked up by the man, continues crawling, sits up for a moment, and then resumes crawling.",8,0,1,0.5557545333316759,0,1,0.5287721353445949,0.6028062593058042,9
long_rvos/a8b6fd5e4d/2/7,a8b6fd5e4d,2,7,dynamic,"The child crawls on the floor, then is picked up by the man, continues crawling, sits up for a moment, and then resumes crawling.",16,0,1,0.5356431915466386,0,1,0.5074847371433456,0.5822206352309908,9
long_rvos/a8b6fd5e4d/2/7,a8b6fd5e4d,2,7,dynamic,"The child crawls on the floor, then is picked up by the man, continues crawling, sits up for a moment, and then resumes crawling.",32,0,1,0.5188152284865701,0,1,0.4882660337286603,0.5723635121034579,9
long_rvos/af3ad95fe0/5/9,af3ad95fe0,5,9,dynamic,"The red triangular toy is played with by a child in blue clothes, then thrown onto the carpet.",8,1,1,0.06112225388161974,1,1,0.04852939974521077,0.07939175025448082,5
long_rvos/af3ad95fe0/5/9,af3ad95fe0,5,9,dynamic,"The red triangular toy is played with by a child in blue clothes, then thrown onto the carpet.",16,1,1,0.042518181715602316,1,1,0.02907091091539034,0.0694350933067415,5
long_rvos/af3ad95fe0/5/9,af3ad95fe0,5,9,dynamic,"The red triangular toy is played with by a child in blue clothes, then thrown onto the carpet.",32,1,1,0.026142841960289535,1,1,0.014937160839695414,0.04171991617342683,5
long_rvos/af7297f0db/1/1,af7297f0db,1,1,dynamic,"The baby is being held by the man, playing with the dog in the living room, then placed next to the dog on the floor and crawls.",8,16,1,0.09787073862366244,16,1,0.010848275049790038,0.5392228214535169,8
long_rvos/af7297f0db/1/1,af7297f0db,1,1,dynamic,"The baby is being held by the man, playing with the dog in the living room, then placed next to the dog on the floor and crawls.",16,16,1,0.10769729349675561,16,1,0.018070271409401997,0.5716820966451996,8
long_rvos/af7297f0db/1/1,af7297f0db,1,1,dynamic,"The baby is being held by the man, playing with the dog in the living room, then placed next to the dog on the floor and crawls.",32,16,1,0.10785503430960008,16,1,0.018620726834880197,0.569426466083146,8
long_rvos/b4a5ada352/1/1,b4a5ada352,1,1,dynamic,"The man props up his face with his left hand, points at the computer screen with his right hand, and gestures while explaining the content to the other man. After a while, he places his left hand on his right arm and occasionally extends both hands.",8,1,1,0.2519693024504611,1,1,0.16802752144055744,0.40103927296828046,6
long_rvos/b4a5ada352/1/1,b4a5ada352,1,1,dynamic,"The man props up his face with his left hand, points at the computer screen with his right hand, and gestures while explaining the content to the other man. After a while, he places his left hand on his right arm and occasionally extends both hands.",16,1,1,0.24013837096049992,1,1,0.1467831368832504,0.398401313589691,6
long_rvos/b4a5ada352/1/1,b4a5ada352,1,1,dynamic,"The man props up his face with his left hand, points at the computer screen with his right hand, and gestures while explaining the content to the other man. After a while, he places his left hand on his right arm and occasionally extends both hands.",32,1,1,0.21837137153878208,1,1,0.1160658559634599,0.38215339071235344,6
long_rvos/b4a5ada352/1/3,b4a5ada352,1,3,dynamic,"A man points at the screen while speaking and discussing, occasionally turns his head.",8,1,1,0.22923327950307656,1,1,0.1246386003832203,0.39130500620301156,6
long_rvos/b4a5ada352/1/3,b4a5ada352,1,3,dynamic,"A man points at the screen while speaking and discussing, occasionally turns his head.",16,1,1,0.1797319067533923,1,1,0.08716485474768826,0.34729814321340635,6
long_rvos/b4a5ada352/1/3,b4a5ada352,1,3,dynamic,"A man points at the screen while speaking and discussing, occasionally turns his head.",32,1,1,0.20415491253673068,1,1,0.08187868131019244,0.37506103779544187,6
long_rvos/b5c9c04bf9/5/3,b5c9c04bf9,5,3,dynamic,Women walking back and forth on the sidelines.,8,2,1,0.358071877760763,2,1,0.279946877760763,0.29475485223976494,9
long_rvos/b5c9c04bf9/5/3,b5c9c04bf9,5,3,dynamic,Women walking back and forth on the sidelines.,16,2,1,0.28473720583880185,2,1,0.25348720583880185,0.277569890649079,9
long_rvos/b5c9c04bf9/5/3,b5c9c04bf9,5,3,dynamic,Women walking back and forth on the sidelines.,32,2,1,0.2671825606757048,2,1,0.23593256067570478,0.25929579010885717,9
long_rvos/bd4aefda10/2/5,bd4aefda10,2,5,dynamic,A woman plays the accordion and moves the music stand in front of her with her right hand.,8,10,3,0.013496459565115353,0,0,-0.7682417830519791,0.19790102690376604,11
long_rvos/bd4aefda10/2/5,bd4aefda10,2,5,dynamic,A woman plays the accordion and moves the music stand in front of her with her right hand.,16,10,3,0.01090023301701113,0,0,-0.7861066011284208,0.17779255636868446,11
long_rvos/bd4aefda10/2/5,bd4aefda10,2,5,dynamic,A woman plays the accordion and moves the music stand in front of her with her right hand.,32,10,3,0.006489584562414367,0,0,-0.8141013797745195,0.13813056703576793,11
long_rvos/bd4aefda10/2/7,bd4aefda10,2,7,dynamic,"The woman, to the left of another woman, plays the accordion.",8,10,1,0.25519489340997503,10,1,0.17554043207006687,0.8251462573114143,11
long_rvos/bd4aefda10/2/7,bd4aefda10,2,7,dynamic,"The woman, to the left of another woman, plays the accordion.",16,10,1,0.2546901288367091,10,1,0.17522253671741428,0.8227781826322782,11
long_rvos/bd4aefda10/2/7,bd4aefda10,2,7,dynamic,"The woman, to the left of another woman, plays the accordion.",32,10,1,0.25627506502283914,10,1,0.17624707867078,0.8285312392332784,11
long_rvos/bda2f20019/3/11,bda2f20019,3,11,dynamic,"The dog walks beside the woman, briefly sits down, then stands up, then sits again on the woman's command, and tilts its head to look around.",8,0,1,0.6436105706082407,0,1,0.6436105706082407,0.6357067254092137,1
long_rvos/bda2f20019/3/11,bda2f20019,3,11,dynamic,"The dog walks beside the woman, briefly sits down, then stands up, then sits again on the woman's command, and tilts its head to look around.",16,0,1,0.6435331345523216,0,1,0.6435331345523216,0.6357706243523557,1
long_rvos/bda2f20019/3/11,bda2f20019,3,11,dynamic,"The dog walks beside the woman, briefly sits down, then stands up, then sits again on the woman's command, and tilts its head to look around.",32,0,1,0.6433631762277747,0,1,0.6433631762277747,0.6357065355509517,1
long_rvos/bda2f20019/3/9,bda2f20019,3,9,dynamic,The dog is standing on the ground with its tongue out,8,0,1,0.6430956909803187,0,1,0.6430956909803187,0.6354332644134741,1
long_rvos/bda2f20019/3/9,bda2f20019,3,9,dynamic,The dog is standing on the ground with its tongue out,16,0,1,0.6431025867958062,0,1,0.6431025867958062,0.6355519084601743,1
long_rvos/bda2f20019/3/9,bda2f20019,3,9,dynamic,The dog is standing on the ground with its tongue out,32,0,1,0.6426908162550705,0,1,0.6426908162550705,0.6354356969900092,1
long_rvos/c4638cc87e/1/1,c4638cc87e,1,1,dynamic,"The woman is performing ballet, lying on top of a man. She then rises, grabs the foot of another woman, spins around, and lies back on the bench.",8,1,2,0.14272510715692657,0,0,-0.47402642115642246,0.2546737017209062,3
long_rvos/c4638cc87e/1/1,c4638cc87e,1,1,dynamic,"The woman is performing ballet, lying on top of a man. She then rises, grabs the foot of another woman, spins around, and lies back on the bench.",16,1,2,0.15601186736255926,0,0,-0.4486478874623636,0.26207454474360564,3
long_rvos/c4638cc87e/1/1,c4638cc87e,1,1,dynamic,"The woman is performing ballet, lying on top of a man. She then rises, grabs the foot of another woman, spins around, and lies back on the bench.",32,1,2,0.12773788038803185,0,0,-0.5065185422164082,0.2341847639622649,3
long_rvos/c4638cc87e/1/3,c4638cc87e,1,3,dynamic,This woman was the second to do the side-lying move.,8,1,2,0.13812208355401603,0,0,-0.3969861586068699,0.23139882850859467,3
long_rvos/c4638cc87e/1/3,c4638cc87e,1,3,dynamic,This woman was the second to do the side-lying move.,16,1,2,0.13957740954237705,0,0,-0.3974005698749058,0.24226129972278812,3
long_rvos/c4638cc87e/1/3,c4638cc87e,1,3,dynamic,This woman was the second to do the side-lying move.,32,1,2,0.14422652985089862,0,0,-0.38806409537439773,0.2467147746439657,3
long_rvos/c5c9b749d4/2/5,c5c9b749d4,2,5,dynamic,A man is playing a motion game with his friends with a serious expression.,8,0,1,0.2525587777016034,0,1,0.18580286497837442,0.2398664372238216,11
long_rvos/c5c9b749d4/2/5,c5c9b749d4,2,5,dynamic,A man is playing a motion game with his friends with a serious expression.,16,0,1,0.2572764966100889,0,1,0.19023198244736422,0.24343894128645208,11
long_rvos/c5c9b749d4/2/5,c5c9b749d4,2,5,dynamic,A man is playing a motion game with his friends with a serious expression.,32,0,1,0.2539341439495826,0,1,0.18175232782028639,0.23780820022430443,11
long_rvos/c5c9b749d4/2/7,c5c9b749d4,2,7,dynamic,"The man in black is holding a controller and swinging his fists, playing a fighting game.",8,0,1,0.32963048695554165,0,1,0.27200227109516045,0.3146884500684122,11
long_rvos/c5c9b749d4/2/7,c5c9b749d4,2,7,dynamic,"The man in black is holding a controller and swinging his fists, playing a fighting game.",16,0,1,0.3223352092093169,0,1,0.2648517376197398,0.3125018062351932,11
long_rvos/c5c9b749d4/2/7,c5c9b749d4,2,7,dynamic,"The man in black is holding a controller and swinging his fists, playing a fighting game.",32,0,1,0.3275537937633076,0,1,0.27011288858726135,0.3133100780466672,11
long_rvos/c6bb21356b/1/1,c6bb21356b,1,1,dynamic,"One person sits on the left of another, both on the boat, moving forward with it.",8,0,1,0.04395858029825468,0,1,0.018445382608906054,0.07379048894118466,7
long_rvos/c6bb21356b/1/1,c6bb21356b,1,1,dynamic,"One person sits on the left of another, both on the boat, moving forward with it.",16,0,1,0.04253362613004063,0,1,0.017188173067466728,0.07250721265493953,7
long_rvos/c6bb21356b/1/1,c6bb21356b,1,1,dynamic,"One person sits on the left of another, both on the boat, moving forward with it.",32,0,1,0.04214027336568463,0,1,0.016909715035302166,0.07120824750014387,7
long_rvos/c733601fcd/1/1,c733601fcd,1,1,dynamic,A pair of hands holds the drone remote control and presses buttons to control the drone's flight.,8,,,0.0,,0,0.0,0.6718303026987915,0
long_rvos/c733601fcd/1/1,c733601fcd,1,1,dynamic,A pair of hands holds the drone remote control and presses buttons to control the drone's flight.,16,,,0.0,,0,0.0,0.6879139476571767,0
long_rvos/c733601fcd/1/1,c733601fcd,1,1,dynamic,A pair of hands holds the drone remote control and presses buttons to control the drone's flight.,32,,,0.0,,0,0.0,0.7190632355255279,0
long_rvos/c73c2a03a0/1/1,c73c2a03a0,1,1,dynamic,The first diver to appear pulled up the diver next to him while diving.,8,0,1,0.35606508317725094,0,1,0.26190334300027607,0.3600655684804078,2
long_rvos/c73c2a03a0/1/1,c73c2a03a0,1,1,dynamic,The first diver to appear pulled up the diver next to him while diving.,16,0,1,0.5345067449134282,0,1,0.4369307415955132,0.5098053640120628,2
long_rvos/c73c2a03a0/1/1,c73c2a03a0,1,1,dynamic,The first diver to appear pulled up the diver next to him while diving.,32,0,1,0.5301794906577857,0,1,0.4608419952051568,0.50494171570727,2
long_rvos/d33c8343bc/3/5,d33c8343bc,3,5,dynamic,The pie filled with yellow jelly and bordered with cream is rotating on the freezer shelf with the other three pies.,8,5,1,0.10893255470377093,5,1,0.009788565696680573,0.04930317009110019,10
long_rvos/d33c8343bc/3/5,d33c8343bc,3,5,dynamic,The pie filled with yellow jelly and bordered with cream is rotating on the freezer shelf with the other three pies.,16,5,1,0.12298418578582328,5,1,0.05884661591305558,0.08392888955054884,10
long_rvos/d33c8343bc/3/5,d33c8343bc,3,5,dynamic,The pie filled with yellow jelly and bordered with cream is rotating on the freezer shelf with the other three pies.,32,5,1,0.13069837311809446,5,1,0.05159906479817947,0.09810997243449394,10
long_rvos/dca31590b8/2/5,dca31590b8,2,5,dynamic,The woman picks up white powder and pours it into a funnel.,8,0,1,0.25302547378156004,0,1,0.146586363374686,0.21113012819901,4
long_rvos/dca31590b8/2/5,dca31590b8,2,5,dynamic,The woman picks up white powder and pours it into a funnel.,16,0,1,0.2959141447819929,0,1,0.1993045341964677,0.24109342527871647,4
long_rvos/dca31590b8/2/5,dca31590b8,2,5,dynamic,The woman picks up white powder and pours it into a funnel.,32,0,1,0.2893830114377981,0,1,0.18530072041896514,0.23308324155048815,4
long_rvos/ddc213ba3f/2/3,ddc213ba3f,2,3,dynamic,"The baby is crawling on the carpet, playing with toys, then is picked up by the man and seated, before lying down again on the carpet.",8,0,1,0.9685856070857689,0,1,0.9685856070857689,0.9061618258862929,3
long_rvos/ddc213ba3f/2/3,ddc213ba3f,2,3,dynamic,"The baby is crawling on the carpet, playing with toys, then is picked up by the man and seated, before lying down again on the carpet.",16,0,1,0.9696682076065162,0,1,0.9696682076065162,0.9072631920090606,3
long_rvos/ddc213ba3f/2/3,ddc213ba3f,2,3,dynamic,"The baby is crawling on the carpet, playing with toys, then is picked up by the man and seated, before lying down again on the carpet.",32,0,1,0.9708561385654699,0,1,0.9708561385654699,0.908774601544017,3
long_rvos/e6f1a061ea/1/1,e6f1a061ea,1,1,dynamic,"The girl initially holds onto the railing with one hand while tapping it with the other, then leans back against the woman beside her, sits on her lap, and finally has her head held by a hand.",8,1,1,0.6727062787227143,1,1,0.669583879941572,0.5090199968347502,7
long_rvos/e6f1a061ea/1/1,e6f1a061ea,1,1,dynamic,"The girl initially holds onto the railing with one hand while tapping it with the other, then leans back against the woman beside her, sits on her lap, and finally has her head held by a hand.",16,1,1,0.6728353458000691,1,1,0.6698079607691172,0.509382225290764,7
long_rvos/e6f1a061ea/1/1,e6f1a061ea,1,1,dynamic,"The girl initially holds onto the railing with one hand while tapping it with the other, then leans back against the woman beside her, sits on her lap, and finally has her head held by a hand.",32,1,1,0.675885409555492,1,1,0.6729547954105946,0.5115597629042842,7
long_rvos/e6f1a061ea/1/3,e6f1a061ea,1,3,dynamic,"The little girl is holding the railing and playing with a person beside her, putting her foot on their leg.",8,1,1,0.6593489607157486,1,1,0.6535900856266035,0.5031887270095532,3
long_rvos/e6f1a061ea/1/3,e6f1a061ea,1,3,dynamic,"The little girl is holding the railing and playing with a person beside her, putting her foot on their leg.",16,1,1,0.6610048436878843,1,1,0.6559685313009684,0.5067694227452794,3
long_rvos/e6f1a061ea/1/3,e6f1a061ea,1,3,dynamic,"The little girl is holding the railing and playing with a person beside her, putting her foot on their leg.",32,1,1,0.6601763341877185,1,1,0.6550230241591457,0.5083340568052469,3
long_rvos/e9b78ad8e7/1/1,e9b78ad8e7,1,1,dynamic,The man is carrying items into the house from the doorway,8,0,1,0.3907864495509883,0,1,0.22642188689400117,0.3964879544427575,6
long_rvos/e9b78ad8e7/1/1,e9b78ad8e7,1,1,dynamic,The man is carrying items into the house from the doorway,16,0,1,0.4441050295607356,0,1,0.24600707432827182,0.42455353810774843,6
long_rvos/e9b78ad8e7/1/1,e9b78ad8e7,1,1,dynamic,The man is carrying items into the house from the doorway,32,0,1,0.38875832654569764,0,1,0.2027978127790874,0.39989371545133,6
long_rvos/f3864705c4/3/8,f3864705c4,3,8,dynamic,"The toy car is stationary on the ground, near a toy table.",8,0,1,0.006942849487061706,0,1,0.006942849487061706,0.489226173837629,2
long_rvos/f3864705c4/3/8,f3864705c4,3,8,dynamic,"The toy car is stationary on the ground, near a toy table.",16,0,1,0.006832706766917294,0,1,0.006832706766917294,0.41528238541252405,2
long_rvos/f3864705c4/3/8,f3864705c4,3,8,dynamic,"The toy car is stationary on the ground, near a toy table.",32,0,1,0.006892474547941042,0,1,0.006892474547941042,0.4472303813525651,2
long_rvos/f771c97b16/6/21,f771c97b16,6,21,dynamic,"The dog is being walked by the man with a leash, running along the edge of the grass.",8,0,1,0.0007073847645115519,0,1,0.0007073847645115519,0.002194146791544067,1
long_rvos/f771c97b16/6/21,f771c97b16,6,21,dynamic,"The dog is being walked by the man with a leash, running along the edge of the grass.",16,0,1,0.0,0,1,0.0,0.0005950619140532538,1
long_rvos/f771c97b16/6/21,f771c97b16,6,21,dynamic,"The dog is being walked by the man with a leash, running along the edge of the grass.",32,0,1,0.015625,0,1,0.015625,0.01620891993090623,1
long_rvos/f771c97b16/6/23,f771c97b16,6,23,dynamic,The dog is being led on a leash.,8,0,1,0.03561148359846998,0,1,0.03561148359846998,0.03830497996933267,1
long_rvos/f771c97b16/6/23,f771c97b16,6,23,dynamic,The dog is being led on a leash.,16,0,1,0.033274373695847,0,1,0.033274373695847,0.03607224834818919,1
long_rvos/f771c97b16/6/23,f771c97b16,6,23,dynamic,The dog is being led on a leash.,32,0,1,0.14032313465263813,0,1,0.14032313465263813,0.13004966050294264,1
