description_type,method,expressions,objects,candidate_hits,selection_accuracy,J,F,J_and_F
static,bigru_ftsg,425,274,383,0.5152068126520681,0.4785427021620207,0.488700241862989,0.4836214720125048
static,mean_pool,425,274,383,0.5389294403892944,0.4813661369247318,0.49197901664154187,0.4866725767831368
static,opg_full,425,274,383,0.5389294403892944,0.4813661369247318,0.49197901664154187,0.4866725767831368
static,opg_no_monotonic,425,274,383,0.5389294403892944,0.4813661369247318,0.49197901664154187,0.4866725767831368
static,opg_no_order_loss,425,274,383,0.5389294403892944,0.4813661369247318,0.49197901664154187,0.4866725767831368
static,static_identity,425,274,383,0.4330900243309002,0.44925099278447456,0.4581283542953291,0.45368967353990186
dynamic,bigru_ftsg,418,274,386,0.4914841849148418,0.4613831221690334,0.4721734613110723,0.4667782917400528
dynamic,mean_pool,417,273,385,0.5177045177045176,0.46518438608337886,0.47625491512133195,0.4707196506023554
dynamic,opg_full,417,273,385,0.5177045177045176,0.4651846846115732,0.47625785873913007,0.47072127167535166
dynamic,opg_no_monotonic,417,273,385,0.5177045177045176,0.46518438608337886,0.47625491512133195,0.4707196506023554
dynamic,opg_no_order_loss,417,273,385,0.5177045177045176,0.46518438608337886,0.47625491512133195,0.4707196506023554
dynamic,static_identity,418,274,386,0.39416058394160586,0.4326293360149321,0.439917636812248,0.43627348641359004
hybrid,bigru_ftsg,346,263,296,0.4987325728770595,0.4486619194977808,0.45636863543789585,0.4525152774678383
hybrid,mean_pool,346,263,296,0.523447401774398,0.4520661970395469,0.4605952555583682,0.4563307262989575
hybrid,opg_full,346,263,296,0.523447401774398,0.4520661970395469,0.4605952555583682,0.4563307262989575
hybrid,opg_no_monotonic,346,263,296,0.523447401774398,0.4520661970395469,0.4605952555583682,0.4563307262989575
hybrid,opg_no_order_loss,346,263,296,0.523447401774398,0.4520661970395469,0.4605952555583682,0.4563307262989575
hybrid,static_identity,346,263,296,0.4188846641318124,0.42033284801672904,0.42609331458893607,0.4232130813028325
sequential,mean_pool,480,480,55,0.08333333333333333,0.05986438597797003,0.06290628535742325,0.06138533566769664
sequential,opg_full,480,480,55,0.08333333333333333,0.05986438597797003,0.06290628535742325,0.06138533566769664
sequential,opg_no_monotonic,480,480,55,0.08333333333333333,0.05986438597797003,0.06290628535742325,0.06138533566769664
sequential,opg_no_order_loss,480,480,55,0.08333333333333333,0.05986438597797003,0.06290628535742325,0.06138533566769664
