question,expression_id,frames,argmax_N,expected_N,state_duration,posterior_entropy,expected_state_monotonic,largest_state_fraction,order_margin,object_margin
"mevis_cpg_long_a shirted man chats with a couple in front of a 'the club' wall, then leaves.",15,"[[[7, 32, 63, 71, 95, 139, 141, 183]]]",5,3.5184876918792725,"[1.6658637640066445, 1.7120761033147573, 1.716636762022972, 1.4605221450328827, 1.197660505771637, 0.241029373370111]",1.0102999210357666,True,0.2145795952528715,0.35912179946899414,
mevis_cpg_groundmore_who jumps on the pogo stick before landing on the roof?,1,"[[[2, 12, 18, 26, 32, 34, 43, 48]]]",5,3.525477409362793,"[1.613890254870057, 1.8801429010927677, 1.7571110352873802, 1.5747871845960617, 0.9542590714991093, 0.2172179939225316]",0.9954503774642944,True,0.23501786263659596,0.4996461868286133,9.973489761352539
"mevis_cpg_long_a large black and brown dog wags its tail, approaches the child, then walks away and returns.",5,"[[[34, 47, 101, 167, 180, 222, 278, 344]]]",5,3.521969795227051,"[1.521701221819967, 1.695201431401074, 1.8196046948432922, 1.6708045452833176, 1.0315064378082752, 0.24954561423510313]",0.9528440833091736,True,0.22745058685541153,0.4382495880126953,
mevis_cpg_groundmore_what does the girl open before she takes out a mario mushroom plushie?,3,"[[[8, 20, 27, 36, 48, 63, 69, 81]]]",5,3.519949436187744,"[1.6945084517356008, 1.7813706118613482, 1.702699139714241, 1.4704601466655731, 1.0842128247022629, 0.26674517523497343]",1.027174949645996,True,0.22267132648266852,0.3341672420501709,10.157417297363281
"mevis_cpg_long_a large dog wags its tail, approaches the child, walks away, and then approaches the child again.",3,"[[[36, 50, 129, 162, 185, 220, 271, 309]]]",5,3.518669366836548,"[1.5716014841455035, 1.7319756913930178, 1.833837278187275, 1.6319860219955444, 0.98438710719347, 0.2342423964291811]",0.9759054183959961,True,0.22922965977340937,0.44008827209472656,
mevis_cpg_groundmore_who pours water into the cup before the bird dances around it?,12,"[[[2, 6, 12, 16, 21, 23, 27, 32]]]",5,3.5193610191345215,"[1.7479178635403514, 1.81502440944314, 1.5931243300437927, 1.4555780291557312, 1.1363181695342064, 0.2496555163525045]",1.0420302152633667,True,0.2268780511803925,0.2238767147064209,10.257111549377441
"mevis_cpg_long_the man receives a blue gift from the man next to him, unties the ribbon on the gift box, hands the ribbon to the woman beside him, and then receives a book from the same man.",3,"[[[15, 86, 123, 149, 201, 267, 311, 337]]]",5,3.509701728820801,"[1.9248639727011323, 1.8231891058385372, 1.6867035627365112, 1.3607456237077713, 0.9601491838693619, 0.23448357917368412]",1.0717259645462036,True,0.24060799658764154,0.2804069519042969,
mevis_cpg_groundmore_who dribbles the basketball inbetween his legs before going past the man in the white?,19,"[[[10, 18, 24, 38, 47, 57, 67, 80]]]",5,3.518386125564575,"[1.7263239580206573, 1.882345024496317, 1.8251736611127853, 1.4206032529473305, 0.9213472008705139, 0.22139256540685892]",1.034921407699585,True,0.2352931280620396,0.11942911148071289,5.295560836791992
"mevis_cpg_long_the woman first fans herself with an object in her hand, then looks at the people speaking beside her, and finally takes a blue ribbon handed to her by the man next to her.",5,"[[[24, 46, 93, 179, 216, 264, 307, 339]]]",5,3.516448974609375,"[1.9977661548182368, 1.810505699366331, 1.6611149609088898, 1.3647895008325577, 0.9259295165538788, 0.23351202299818397]",1.0796220302581787,True,0.2497207693522796,0.21063876152038574,
mevis_cpg_groundmore_what does the man open next to him before taking the stuff out?,2,"[[[2, 8, 12, 14, 19, 24, 29, 32]]]",5,3.522569417953491,"[1.6322713741101325, 1.7935465890914202, 1.7662982419133186, 1.465669110417366, 1.0804984755814075, 0.25576807325705886]",1.017479419708252,True,0.22419332363642752,0.208465576171875,10.626978874206543
"mevis_cpg_long_a man in a white shirt and shorts stands before green trees, swinging a golden bell with his right hand.",9,"[[[9, 71, 118, 139, 175, 231, 266, 343]]]",5,3.5184383392333984,"[1.6320434088120237, 1.9110510870814323, 1.8071091324090958, 1.4250002801418304, 0.9563403986394405, 0.264578839763999]",1.0277864933013916,True,0.23888138588517904,0.18929004669189453,
mevis_cpg_groundmore_what does the man in the yellow shorts retrieve before shooting?,8,"[[[1, 10, 21, 28, 31, 40, 51, 52]]]",5,3.5151381492614746,"[1.8278354639187455, 1.8469629101455212, 1.7437861114740372, 1.4619150012731552, 0.8825076147913933, 0.23012233059853315]",1.0512254238128662,True,0.23087036376819015,0.1593003273010254,4.901035308837891
"mevis_cpg_long_the black-haired woman, wearing a red skirt and red high-heeled shoes, is holding a bottle of wine and a short sword. she walks forward a few steps, uses the short sword to cut off the cap of the wine bottle, raises her hands, and then turns around and walks back.",5,"[[[11, 66, 114, 135, 211, 242, 284, 304]]]",5,3.5090713500976562,"[1.5781915001571178, 1.903473287820816, 1.863363653421402, 1.471939042210579, 0.9257448092103004, 0.25249703973531723]",1.004669427871704,True,0.237934160977602,0.3087458610534668,
mevis_cpg_groundmore_who catches the ball before throwing it to the boy at first base?,1,"[[[3, 11, 16, 25, 36, 40, 51, 58]]]",5,3.5213468074798584,"[1.4159705756756011, 1.5988834584131837, 1.874711625277996, 1.6804519146680832, 1.1533935070037842, 0.2728661447763443]",0.9325029253959656,True,0.2343389531597495,0.5314898490905762,1.434499979019165
"mevis_cpg_long_the guard performs a rifle drill with another guard in front of him, then walks to the right and turns around to continue the drill.",9,"[[[31, 88, 167, 221, 276, 391, 428, 502]]]",5,3.5130677223205566,"[1.6734246327541769, 1.862807709723711, 1.8890434205532074, 1.50291408598423, 0.8560129329562187, 0.2165099079720676]",1.0178390741348267,True,0.23613042756915092,0.41838598251342773,
mevis_cpg_groundmore_who chases the woman after the woman stands too close?,1,"[[[2, 5, 11, 14, 21, 25, 30, 35]]]",5,3.515861988067627,"[1.4355187087785453, 1.6402886919677258, 1.9570302292704582, 1.6357817947864532, 1.039155773818493, 0.2868774961680174]",0.9463090896606445,True,0.24462877865880728,0.42746877670288086,3.3846731185913086
"mevis_cpg_long_the boy starts with a running stance, runs off into the distance, then comes back and sits on the bench.",1,"[[[6, 49, 112, 121, 157, 214, 239, 293]]]",5,3.5377516746520996,"[1.521864840760827, 1.6510264910757542, 1.789101593196392, 1.6404599994421005, 1.1429139487445354, 0.24937100475654006]",0.9535576105117798,True,0.223637699149549,0.4391951560974121,
mevis_cpg_groundmore_from where does the bird push the glass and bottle?,12,"[[[1, 18, 30, 44, 50, 60, 68, 87]]]",5,3.5178704261779785,"[1.962066541891545, 2.1817950010299683, 1.6611662358045578, 1.2475141882896423, 0.758555494248867, 0.1881871116347611]",1.080512523651123,True,0.27272437512874603,,10.0206298828125
"mevis_cpg_long_a woman with black hair tied in a ponytail, dressed in a formal gown, received a candle lamp from the woman in the white robe. she then knelt and bowed to the woman in the white robe, and stood up with a smile.",0,"[[[5, 40, 67, 87, 110, 145, 154, 179]]]",5,3.5160908699035645,"[1.748931307112798, 1.7591810412704945, 1.653616800904274, 1.4506205022335052, 1.1367872580885887, 0.24622459430247545]",1.0308932065963745,True,0.2198976301588118,0.37391042709350586,
mevis_cpg_groundmore_what did the cat jump into after the man put the clothes in the washing machine?,4,"[[[2, 4, 11, 15, 19, 24, 29, 31]]]",5,3.519955635070801,"[1.5247178997960873, 1.7115351147949696, 1.706500694155693, 1.580346941947937, 1.2163137048482895, 0.258402768522501]",0.9704024791717529,True,0.2139418893493712,0.2418966293334961,
"mevis_cpg_long_the man receives the volleyball, throws it upwards, and then instructs the woman on how to hit the ball.",10,"[[[28, 41, 77, 93, 130, 172, 179, 220]]]",5,3.5190653800964355,"[1.8538448852486908, 1.7936186417937279, 1.730766236782074, 1.430738054215908, 0.9651910997927189, 0.22877451963722706]",1.0535963773727417,True,0.23173061065608636,0.2631223201751709,
mevis_cpg_groundmore_who keeps the toy doll on the hospital bed after the woman gives the doll?,1,"[[[1, 6, 9, 14, 21, 22, 28, 35]]]",5,3.5190491676330566,"[2.034322881139815, 1.9450760558247566, 1.637641817331314, 1.2953716963529587, 0.8732444792985916, 0.21468390710651875]",1.09490966796875,True,0.25429036014247686,0.360595703125,6.63502311706543
"mevis_cpg_long_the volleyball is hit by the woman, then thrown by the man, and finally returns to the woman's hands.",2,"[[[12, 29, 77, 103, 137, 154, 192, 231]]]",5,3.513613224029541,"[1.6676514106802642, 1.6220641192048788, 1.7355494499206543, 1.6720686256885529, 1.0201535671949387, 0.27899400889873505]",0.9972601532936096,True,0.2169436812400818,0.372161865234375,
mevis_cpg_groundmore_who cleans the floor after receiving the broom?,1,"[[[0, 20, 28, 35, 54, 62, 75, 78]]]",5,3.518444538116455,"[1.6624577071052045, 1.78625912591815, 1.7373180389404297, 1.4549952745437622, 1.1105948984622955, 0.2432028129696846]",1.014886736869812,True,0.22328239073976874,0.30692315101623535,4.852715015411377
"mevis_cpg_long_a woman in black moves on the sofa near a lying child, then rises suddenly to amuse them.",5,"[[[21, 46, 121, 149, 197, 237, 297, 330]]]",5,3.51853609085083,"[1.8159208721481264, 1.9293925799429417, 1.6472607105970383, 1.382127821445465, 0.998705018311739, 0.22203006828203797]",1.0441861152648926,True,0.2411740724928677,0.4603266716003418,
mevis_cpg_groundmore_what does the man toss in the air before hitting it with the tennis racket to serve?,2,"[[[0, 10, 18, 29, 31, 39, 48, 55]]]",5,3.512381076812744,"[1.7083756822394207, 1.73946488276124, 1.8093811944127083, 1.615416243672371, 0.8853531330823898, 0.2381452675908804]",1.0093566179275513,True,0.22617264930158854,0.36156225204467773,
"mevis_cpg_long_the woman moves around on the sofa, then suddenly gets up to make the child laugh.",3,"[[[7, 84, 105, 137, 209, 225, 265, 336]]]",5,3.5191893577575684,"[1.7631313535384834, 1.8585950918495655, 1.6523022577166557, 1.4278806895017624, 1.0569690391421318, 0.2426939713768661]",1.0411016941070557,True,0.2323243864811957,0.5050363540649414,
mevis_cpg_groundmore_who slaps the dog before the dog reacts to being slapped?,1,"[[[1, 7, 13, 17, 22, 29, 35, 41]]]",5,3.514937162399292,"[1.7429333510808647, 1.7927870862185955, 1.6961145251989365, 1.4465149492025375, 1.0631414465606213, 0.25428856164216995]",1.0394704341888428,True,0.22409838577732444,0.3739933967590332,10.41641902923584
"mevis_cpg_long_the woman sits on the gym equipment, repeatedly pushing the barbell, then stands up.",9,"[[[14, 37, 87, 91, 122, 164, 178, 213]]]",5,3.5157830715179443,"[1.8407009821385145, 1.8776709847152233, 1.741835042834282, 1.4204763248562813, 0.9078347533941269, 0.21941285114735365]",1.0525479316711426,True,0.23470887308940291,0.18833845853805542,
mevis_cpg_groundmore_who barks at the cat after being hit by the cat?,5,"[[[0, 9, 12, 20, 24, 27, 31, 39]]]",5,3.5210390090942383,"[1.7272170903161168, 1.6587009392678738, 1.647150345146656, 1.5647863149642944, 1.1678287163376808, 0.22979085566475987]",1.0130157470703125,True,0.2159021362895146,0.410930871963501,10.244674682617188
"mevis_cpg_long_the woman looks at a blue foldable object in the man's hands, takes it from him, looks at the object, then closes it, and finally looks at the man.",7,"[[[0, 40, 57, 94, 100, 132, 152, 182]]]",5,3.519881010055542,"[1.83037922764197, 1.8373653404414654, 1.6240159943699837, 1.3963679671287537, 1.0682354606688023, 0.23893863102421165]",1.0576287508010864,True,0.22967066755518317,0.2823495864868164,
mevis_cpg_groundmore_what does the little girl ride over before she bends down to give the horse a hug?,9,"[[[0, 8, 9, 17, 19, 22, 27, 31]]]",5,3.5156264305114746,"[1.3879800864087883, 1.6129103326238692, 1.7971603944897652, 1.7235077470541, 1.178319364786148, 0.2999041983857751]",0.9288152456283569,True,0.22464504931122065,0.22106599807739258,3.2545013427734375
"mevis_cpg_long_the man talks to the woman, then hands something to her.",1,"[[[23, 44, 63, 88, 111, 139, 167, 185]]]",5,3.5154900550842285,"[1.749584932345897, 1.7467039674520493, 1.6319724172353745, 1.4833428263664246, 1.1360300295054913, 0.2446210766211152]",1.0321005582809448,True,0.21869811654323712,0.31226634979248047,
mevis_cpg_groundmore_who guards the man in black shorts and white shoes before shooting the ball?,11,"[[[0, 21, 29, 33, 51, 58, 72, 81]]]",5,3.5216410160064697,"[1.5727302689338103, 1.7067371141165495, 1.8477324545383453, 1.6003308594226837, 0.9968719184398651, 0.2758227400481701]",0.9980649948120117,True,0.23096655681729317,0.048621177673339844,-1.056559681892395
"mevis_cpg_long_the man in the passenger seat first looks to his left, then turns to talk to the driver, looks left again, and finally turns back to continue speaking.",5,"[[[14, 39, 47, 89, 115, 124, 151, 170]]]",5,3.513866901397705,"[1.637460813159123, 1.6782209780067205, 1.7315476909279823, 1.5222363471984863, 1.1803805716335773, 0.24160587415099144]",0.9996505975723267,True,0.2164434613659978,0.2671186923980713,
mevis_cpg_groundmore_what does the white cat hit before running away?,4,"[[[1, 5, 9, 12, 15, 20, 23, 29]]]",5,3.5197649002075195,"[1.3950992706231773, 1.6884317165240645, 1.8021273836493492, 1.602553516626358, 1.1958246529102325, 0.308155776001513]",0.9501835107803345,True,0.22526592295616865,0.4323558807373047,14.980587005615234
"mevis_cpg_long_the girl holds the guitar, plucks the strings with her right hand, moving her body from side to side, then puts the guitar down, walks forward for a few steps, picks up the guitar again, and plucks the strings. she then turns around and runs forward while holding the guitar.",1,"[[[5, 57, 93, 158, 170, 234, 260, 302]]]",5,3.5213823318481445,"[1.6725114434957504, 1.7461087722331285, 1.7508852109313011, 1.4873316586017609, 1.0940277799963951, 0.24370499327778816]",1.0112810134887695,True,0.21886065136641264,0.4639575481414795,
mevis_cpg_groundmore_who serves the ball before the man in the hat hits it?,10,"[[[0, 6, 10, 11, 17, 19, 24, 27]]]",5,3.520876169204712,"[1.347715289608459, 1.7142224721610546, 2.1502522453665733, 1.5852354168891907, 0.9399677105247974, 0.2523157140240073]",0.9231615662574768,True,0.26878153067082167,0.10326290130615234,11.870782852172852
"mevis_cpg_long_a girl in pink plays a guitar, sways, then walks near a woman and cello.",7,"[[[38, 75, 115, 140, 195, 240, 284, 292]]]",5,3.5240530967712402,"[1.717437766958028, 1.8081212434917688, 1.7226244881749153, 1.43686543405056, 1.0679933317005634, 0.24050634214654565]",1.0241485834121704,True,0.2260151554364711,0.3744633197784424,
mevis_cpg_groundmore_what did the woman kick out?,5,"[[[4, 12, 21, 24, 33, 38, 48, 58]]]",5,3.514497756958008,"[1.4469762750668451, 1.7065134178847075, 1.7971164286136627, 1.6648123860359192, 1.0787700861692429, 0.30518875271081924]",0.9645143747329712,True,0.22463955357670784,,18.565231323242188
"mevis_cpg_long_a woman stands aside, grilling chicken legs, then picks up a cloth to wipe the knife, and later trades with a man carrying a bag.",3,"[[[1, 44, 61, 79, 100, 125, 168, 178]]]",5,3.514087677001953,"[1.822947891894728, 1.8439438976347446, 1.6275494024157524, 1.4282918125391006, 1.025964006781578, 0.24822879675775766]",1.0571844577789307,True,0.23049298720434308,0.2891969680786133,
mevis_cpg_groundmore_from what does the man unclip the water bottle before putting it down?,3,"[[[0, 11, 16, 22, 25, 30, 38, 45]]]",5,3.5103213787078857,"[1.775048560462892, 2.0194708295166492, 1.7435696423053741, 1.2495694011449814, 0.9801576137542725, 0.23478542594239116]",1.0569175481796265,True,0.25243385368958116,0.25115251541137695,10.7771635055542
"mevis_cpg_long_the mother gorilla holds the young gorilla, reaches out to make the large gorilla release its grip, then falls onto the ground before sitting back up.",7,"[[[7, 45, 77, 103, 121, 157, 183, 228]]]",5,3.5147767066955566,"[1.6821946609998122, 1.8969741147011518, 1.799924150109291, 1.434753231704235, 0.9301717765629292, 0.255817960947752]",1.0297999382019043,True,0.23712176433764398,0.2522306442260742,
mevis_cpg_groundmore_who pretends to add a bottle of seasoning before the dog eats from the plate?,4,"[[[6, 17, 26, 39, 49, 64, 72, 87]]]",5,3.5255210399627686,"[1.7674462739378214, 1.8557925894856453, 1.7220593392848969, 1.414240911602974, 0.9894734434783459, 0.2480606222525239]",1.0488885641098022,True,0.23197407368570566,0.30177974700927734,6.624788284301758
"mevis_cpg_long_a yellow dog walks out of the room, then walks back and stays beside a child.",1,"[[[29, 106, 120, 186, 218, 270, 354, 406]]]",5,3.5085089206695557,"[1.7320355484262109, 1.9071704968810081, 1.7269504964351654, 1.4629246965050697, 0.9319102093577385, 0.239089862909168]",1.0375936031341553,True,0.23839631211012602,0.24138009548187256,
mevis_cpg_groundmore_who kicked the ball away to make the dog pick it back?,1,"[[[1, 7, 14, 21, 27, 39, 44, 50]]]",5,3.518850326538086,"[1.6626428954768926, 1.9270609822124243, 1.8386593163013458, 1.4350096583366394, 0.9177679345011711, 0.2165596978738904]",1.0160865783691406,True,0.24088262277655303,,7.962447166442871
"mevis_cpg_long_the little boy holds the phone with his left hand, raises it to his ear, and then lowers his hand.",1,"[[[6, 52, 85, 137, 178, 222, 263, 291]]]",5,3.517129898071289,"[1.733850684715435, 1.8098674733191729, 1.6315710991621017, 1.552607238292694, 1.034501776099205, 0.23372297873720527]",1.0272581577301025,True,0.2262334341648966,0.22027111053466797,
mevis_cpg_groundmore_who took the hoodie after opening the gift box?,3,"[[[5, 10, 25, 32, 48, 54, 72, 79]]]",5,3.5267796516418457,"[1.871475261170417, 1.8156095407903194, 1.655738852918148, 1.3798257112503052, 1.0570330768823624, 0.22919127624481916]",1.0587139129638672,True,0.23393440764630213,0.2605586647987366,12.474974632263184
"mevis_cpg_long_a silver and black phone is held near a boy's face, then pulled away.",15,"[[[29, 48, 107, 147, 173, 207, 261, 282]]]",5,3.515692710876465,"[1.7806547889485955, 1.8465663231909275, 1.6187433749437332, 1.5054831355810165, 1.007162056863308, 0.24001548439264297]",1.0407333374023438,True,0.23082079039886594,0.3171653747558594,
mevis_cpg_groundmore_who picks up the bag before unclipping the straps on the motorcycle?,1,"[[[2, 8, 15, 22, 32, 38, 43, 50]]]",5,3.522404193878174,"[1.580043172230944, 1.937606206163764, 1.8825094103813171, 1.4114574044942856, 0.9270781464874744, 0.2514889668673277]",1.0163720846176147,True,0.2422007757704705,0.1015934944152832,3.304638385772705
"mevis_cpg_long_the child looks at the person in front of them, waving their hands, then walks back and forth.",1,"[[[41, 79, 127, 135, 221, 257, 296, 357]]]",5,3.5176308155059814,"[1.8435280909761786, 1.8650297597050667, 1.6638721451163292, 1.4049606770277023, 0.9784490279853344, 0.2397790909744799]",1.0624828338623047,True,0.23312871996313334,0.2214665412902832,
mevis_cpg_groundmore_what does the baby pick up after throwing a different rock?,2,"[[[7, 19, 30, 42, 50, 58, 72, 83]]]",5,3.518860340118408,"[1.4424768943863455, 1.6875051213428378, 1.9326376989483833, 1.6248543858528137, 1.003648541867733, 0.2990913465619087]",0.9523996710777283,True,0.24157971236854792,0.5298843383789062,13.871077537536621
"mevis_cpg_long_the man sprays a metal plate with a sprayer, then picks up a plastic board and sticks it on.",7,"[[[6, 70, 121, 191, 236, 299, 340, 388]]]",5,3.521003484725952,"[1.8137314086779952, 1.843701146543026, 1.6846422404050827, 1.492248147726059, 0.9347521886229515, 0.2231547748669982]",1.044783115386963,True,0.23046264331787825,0.3312721252441406,
mevis_cpg_groundmore_who carries the headliner before setting it down on the roof of the car?,1,"[[[0, 12, 27, 36, 42, 54, 70, 83]]]",5,3.5159077644348145,"[1.7624814992304891, 1.8062614984810352, 1.6646236032247543, 1.424351453781128, 1.083177499473095, 0.2570379404351115]",1.049243688583374,True,0.2257826873101294,0.15856337547302246,13.063339233398438
"mevis_cpg_long_the woman sits on the sofa, looking at a little boy, raising her hands to place the boy in front of her, then claps her hands repeatedly, followed by extending her left hand to touch the boy before clapping again.",7,"[[[9, 39, 78, 106, 144, 146, 195, 222]]]",5,3.5178604125976562,"[1.7238343353383243, 1.8407152332365513, 1.7049503028392792, 1.4058610498905182, 1.0645977556705475, 0.2571254773065448]",1.041636347770691,True,0.2300894041545689,0.13783669471740723,
mevis_cpg_groundmore_what does the woman zip closed after showing the toys inside?,2,"[[[4, 8, 18, 25, 35, 39, 51, 53]]]",5,3.5211260318756104,"[1.792197515256703, 1.757646530866623, 1.6455021649599075, 1.5069245547056198, 1.0574764907360077, 0.23764896485954523]",1.0415163040161133,True,0.22402468940708786,0.27028703689575195,7.354561805725098
"mevis_cpg_long_the child is playing with a machine, unplugging the data cable, holding the machine to the ear, then picking up a black object, connecting the two, shaking the body, pressing buttons on the machine, and then grabbing two small pots, walking towards the toy pile under the bookshelf.",3,"[[[21, 88, 163, 261, 318, 365, 468, 507]]]",5,3.5212326049804688,"[1.7477384638041258, 1.7837245054543018, 1.6390506997704506, 1.4520628303289413, 1.1227326542139053, 0.2513858387246728]",1.041356086730957,True,0.22296556318178773,0.11393451690673828,
mevis_cpg_groundmore_who does not score before the man with no shirt takes the ball?,3,"[[[5, 10, 21, 23, 34, 41, 50, 59]]]",5,3.520801305770874,"[1.6922437532339245, 1.8222620226442814, 1.809153527021408, 1.44561468064785, 0.9725109413266182, 0.2557379547506571]",1.029190182685852,True,0.22778275283053517,0.2886466979980469,0.2530326843261719
"mevis_cpg_long_a woman in black-and-white attire holds a red umbrella, walks forward then back.",3,"[[[10, 55, 76, 91, 144, 151, 197, 234]]]",5,3.5276951789855957,"[1.672807746566832, 2.008790399879217, 1.833267092704773, 1.425946168601513, 0.8232572749257088, 0.2364510027691722]",1.0291485786437988,True,0.25109879998490214,0.436515212059021,
mevis_cpg_groundmore_what does the man in the orange shorts dribble while moving after it is passed by the man in orange shoes?,6,"[[[0, 12, 21, 25, 34, 44, 48, 55]]]",5,3.521559238433838,"[1.6071232485119253, 1.7922197841107845, 1.7991541773080826, 1.5411824584007263, 0.9986134134232998, 0.26005170680582523]",1.0175385475158691,True,0.22489427216351032,0.0056362152099609375,2.1866416931152344
"mevis_cpg_long_the man swings the child around, then puts the child down, picks them up horizontally, and twirls them around in the air.",5,"[[[23, 57, 138, 206, 257, 327, 331, 437]]]",5,3.509645462036133,"[1.6078679707134143, 1.8474276717752218, 1.856022596359253, 1.541225105524063, 0.9090488627552986, 0.23832534067332745]",0.9937577843666077,True,0.23200282454490662,0.36397528648376465,
mevis_cpg_groundmore_who picks up the log before putting it in the fireplace?,5,"[[[1, 13, 16, 26, 31, 40, 49, 52]]]",5,3.5160775184631348,"[1.8217267554719, 1.9016605839133263, 1.7199388891458511, 1.4001234322786331, 0.9367338642477989, 0.2164378114975989]",1.048938274383545,True,0.23770757298916578,0.23540353775024414,5.1105475425720215
"mevis_cpg_long_the woman fills the bucket with water, places it on her head, and then walks away.",7,"[[[10, 27, 53, 73, 101, 146, 166, 184]]]",5,3.5312232971191406,"[1.62817459955113, 1.934141794219613, 1.8741291165351868, 1.453296072781086, 0.8731858432292938, 0.23563954327255487]",1.0060038566589355,True,0.24176772427745163,0.41760730743408203,
mevis_cpg_groundmore_what does the man carry out of the car after opening the car door?,2,"[[[3, 10, 13, 21, 27, 32, 36, 47]]]",5,3.536470890045166,"[1.8440365688875318, 2.070948652923107, 1.7047230005264282, 1.2915031164884567, 0.8640370219945908, 0.22420595539733768]",1.066622018814087,True,0.2588685816153884,0.14671015739440918,2.7699434757232666
