subset,hit_only,method,expressions,objects,selection_accuracy,J,F,J_and_F
static,0,mean_pool,425,274,0.5389294403892944,0.4813661369247318,0.49197901664154187,0.4866725767831368
static,0,opg_v1,425,274,0.5389294403892944,0.4813661369247318,0.49197901664154187,0.4866725767831368
static,0,opg_v2_delta_only,425,274,0.3546228710462287,0.4028967470661798,0.4125795501325034,0.4077381485993416
static,0,opg_v2_full,425,274,0.5279805352798053,0.47693061515025886,0.487366047177112,0.4821483311636854
static,0,opg_v2_order_only,425,274,0.5261557177615571,0.47475662848418626,0.48480258136205373,0.47977960492312005
static,0,v2_no_candidate,425,274,0.5152068126520681,0.47331000650039695,0.4838230089768336,0.4785665077386153
static,0,v2_no_delta_fusion,425,274,0.5206812652068126,0.47821711585059196,0.48846675719835086,0.48334193652447144
static,0,v2_no_monotonic,425,274,0.546228710462287,0.48423874647203635,0.4935346145215017,0.48888668049676903
static,0,v2_no_relative,425,274,0.5188564476885644,0.4709257261102247,0.48147871461518843,0.47620222036270654
dynamic,0,mean_pool,417,273,0.5177045177045176,0.46518438608337886,0.47625491512133195,0.4707196506023554
dynamic,0,opg_v1,417,273,0.5177045177045176,0.4651846846115732,0.47625785873913007,0.47072127167535166
dynamic,0,opg_v2_delta_only,417,273,0.36996336996337,0.4014339496775589,0.4142584613274673,0.4078462055025131
dynamic,0,opg_v2_full,417,273,0.5128205128205128,0.4638999780287759,0.4747206022758734,0.46931029015232467
dynamic,0,opg_v2_order_only,417,273,0.5164835164835165,0.46354964999236187,0.4739201211305834,0.4687348855614727
dynamic,0,v2_no_candidate,417,273,0.4908424908424908,0.458168418922249,0.46894991819077975,0.46355916855651436
dynamic,0,v2_no_delta_fusion,417,273,0.5183150183150184,0.47103151925165937,0.48286212934369904,0.47694682429767915
dynamic,0,v2_no_monotonic,417,273,0.5311355311355311,0.46944511745863066,0.48082223458887247,0.47513367602375167
dynamic,0,v2_no_relative,417,273,0.5079365079365079,0.4615067496729739,0.47295311123295924,0.4672299304529665
hybrid,0,mean_pool,346,263,0.523447401774398,0.4520661970395469,0.4605952555583682,0.4563307262989575
hybrid,0,opg_v1,346,263,0.523447401774398,0.4520661970395469,0.4605952555583682,0.4563307262989575
hybrid,0,opg_v2_delta_only,346,263,0.35297845373891,0.3917512289127414,0.397903263668479,0.39482724629061017
hybrid,0,opg_v2_full,346,263,0.5025348542458808,0.4487742098146294,0.4574015308127502,0.45308787031368986
hybrid,0,opg_v2_order_only,346,263,0.4968314321926489,0.44425876065868597,0.4525150526526947,0.4483869066556903
hybrid,0,v2_no_candidate,346,263,0.48732572877059566,0.44474241003795867,0.45355469677905313,0.4491485534085059
hybrid,0,v2_no_delta_fusion,346,263,0.5139416983523447,0.45743996065070663,0.4655273303294197,0.46148364549006315
hybrid,0,v2_no_monotonic,346,263,0.5291508238276299,0.45449212364895847,0.4622766166069275,0.45838437012794303
hybrid,0,v2_no_relative,346,263,0.5044359949302915,0.44653206174904675,0.454620488110592,0.45057627492981944
explicit_order,0,mean_pool,226,185,0.5054054054054054,0.4499758257362819,0.4586099840500614,0.45429290489317165
explicit_order,0,opg_v1,226,185,0.5054054054054054,0.4499758257362819,0.4586099840500614,0.45429290489317165
explicit_order,0,opg_v2_delta_only,226,185,0.42252252252252254,0.42186498104459125,0.43593976402863793,0.42890237253661456
explicit_order,0,opg_v2_full,226,185,0.5324324324324324,0.470671793691845,0.47924921965880474,0.47496050667532486
explicit_order,0,opg_v2_order_only,226,185,0.518918918918919,0.45893836113180414,0.46872644805122554,0.46383240459151487
explicit_order,0,v2_no_candidate,226,185,0.4702702702702703,0.4476428515248576,0.457524542410263,0.45258369696756034
explicit_order,0,v2_no_delta_fusion,226,185,0.5171171171171172,0.4579085974310357,0.4670247286720443,0.46246666305153994
explicit_order,0,v2_no_monotonic,226,185,0.5081081081081081,0.4489826954152467,0.4589204922214498,0.45395159381834826
explicit_order,0,v2_no_relative,226,185,0.5117117117117117,0.4581851228292563,0.4676635577659552,0.4629243402976058
