identity,dataset,video_id,object_id,expression_id,description_type,permutation,self_order_margin,candidate_margin,relative_order_margin,target_rank_original,target_rank_permuted,rank_degradation
long_rvos/0310d3743b/1/1,long_rvos,0310d3743b,1,1,dynamic,reverse,-0.10744708776473999,-0.38472771644592285,-0.1328335404396057,3,3,0
long_rvos/0310d3743b/1/1,long_rvos,0310d3743b,1,1,dynamic,block_swap,-0.12748342752456665,-0.38472771644592285,-0.2228052020072937,3,3,0
long_rvos/0310d3743b/1/10,long_rvos,0310d3743b,1,10,hybrid,reverse,-0.14391422271728516,0.09763717651367188,-0.1140817403793335,1,1,0
long_rvos/0310d3743b/1/10,long_rvos,0310d3743b,1,10,hybrid,block_swap,-0.15743935108184814,0.09763717651367188,-0.13504749536514282,1,1,0
long_rvos/0310d3743b/1/3,long_rvos,0310d3743b,1,3,dynamic,reverse,-0.10519009828567505,0.10502082109451294,-0.08715605735778809,1,1,0
long_rvos/0310d3743b/1/3,long_rvos,0310d3743b,1,3,dynamic,block_swap,-0.129774272441864,0.10502082109451294,-0.1237230896949768,1,1,0
long_rvos/0310d3743b/2/7,long_rvos,0310d3743b,2,7,dynamic,reverse,-0.013324141502380371,-0.10546159744262695,0.07958662509918213,2,2,0
long_rvos/0310d3743b/2/7,long_rvos,0310d3743b,2,7,dynamic,block_swap,-0.0011516213417053223,-0.10546159744262695,0.11728072166442871,2,2,0
long_rvos/0310d3743b/3/12,long_rvos,0310d3743b,3,12,dynamic,reverse,-0.06540215015411377,0.09293563663959503,-0.06540215015411377,1,1,0
long_rvos/0310d3743b/3/12,long_rvos,0310d3743b,3,12,dynamic,block_swap,-0.0608789324760437,0.09293563663959503,-0.0608789324760437,1,1,0
long_rvos/0d0ebe00cc/1/3,long_rvos,0d0ebe00cc,1,3,dynamic,reverse,-0.10030841827392578,0.10279309749603271,-0.10030841827392578,1,1,0
long_rvos/0d0ebe00cc/1/3,long_rvos,0d0ebe00cc,1,3,dynamic,block_swap,-0.026479125022888184,0.10279309749603271,-0.026479125022888184,1,1,0
long_rvos/0d0ebe00cc/2/7,long_rvos,0d0ebe00cc,2,7,dynamic,reverse,-0.026736140251159668,-0.10349059104919434,-0.026736140251159668,2,2,0
long_rvos/0d0ebe00cc/2/7,long_rvos,0d0ebe00cc,2,7,dynamic,block_swap,-0.11352956295013428,-0.10349059104919434,-0.11352956295013428,2,2,0
long_rvos/0d0ebe00cc/3/11,long_rvos,0d0ebe00cc,3,11,dynamic,reverse,0.12384021282196045,0.938090443611145,0.21930336952209473,1,1,0
long_rvos/0d0ebe00cc/3/11,long_rvos,0d0ebe00cc,3,11,dynamic,block_swap,0.033333539962768555,0.938090443611145,0.154344379901886,1,1,0
long_rvos/1088228079/2/3,long_rvos,1088228079,2,3,dynamic,reverse,-0.025120019912719727,-1.0052735209465027,-0.036482810974121094,2,2,0
long_rvos/1088228079/2/3,long_rvos,1088228079,2,3,dynamic,block_swap,-0.017516732215881348,-1.0052735209465027,-0.06811219453811646,2,2,0
long_rvos/1088228079/2/9,long_rvos,1088228079,2,9,hybrid,reverse,-0.02906012535095215,-1.0845258831977844,-0.029173746705055237,2,2,0
long_rvos/1088228079/2/9,long_rvos,1088228079,2,9,hybrid,block_swap,-0.024635791778564453,-1.0845258831977844,-0.02895599603652954,2,2,0
long_rvos/1088228079/4/7,long_rvos,1088228079,4,7,dynamic,reverse,0.008513122797012329,-1.3211230039596558,-0.003661036491394043,3,3,0
long_rvos/1088228079/4/7,long_rvos,1088228079,4,7,dynamic,block_swap,0.051367878913879395,-1.3211230039596558,0.018995016813278198,3,3,0
long_rvos/119777f4c0/1/1,long_rvos,119777f4c0,1,1,dynamic,reverse,0.001198410987854004,-0.758587658405304,-0.1396181583404541,3,3,0
long_rvos/119777f4c0/1/1,long_rvos,119777f4c0,1,1,dynamic,block_swap,0.04596865177154541,-0.758587658405304,-0.0989220142364502,3,3,0
long_rvos/119777f4c0/3/9,long_rvos,119777f4c0,3,9,dynamic,reverse,0.1454935073852539,0.19600260257720947,0.14171990752220154,1,2,1
long_rvos/119777f4c0/3/9,long_rvos,119777f4c0,3,9,dynamic,block_swap,0.1489654779434204,0.19600260257720947,0.11354750394821167,1,2,1
long_rvos/1a5dead3e3/2/3,long_rvos,1a5dead3e3,2,3,dynamic,reverse,0.13848084211349487,0.6516738682985306,0.13848084211349487,1,1,0
long_rvos/1a5dead3e3/2/3,long_rvos,1a5dead3e3,2,3,dynamic,block_swap,-0.007043600082397461,0.6516738682985306,-0.007043600082397461,1,1,0
long_rvos/1a5dead3e3/2/5,long_rvos,1a5dead3e3,2,5,hybrid,reverse,0.1365642547607422,0.6530200988054276,0.1365642547607422,1,1,0
long_rvos/1a5dead3e3/2/5,long_rvos,1a5dead3e3,2,5,hybrid,block_swap,-0.009512722492218018,0.6530200988054276,-0.009512722492218018,1,1,0
long_rvos/20eaede0fb/2/5,long_rvos,20eaede0fb,2,5,dynamic,reverse,0.0,-0.3027694672346115,-0.002896338701248169,4,4,0
long_rvos/20eaede0fb/2/5,long_rvos,20eaede0fb,2,5,dynamic,block_swap,0.0,-0.3027694672346115,-0.00415995717048645,4,4,0
long_rvos/22680d3b50/4/4,long_rvos,22680d3b50,4,4,dynamic,reverse,-0.10760354995727539,1.2539423704147339,-0.14042255282402039,1,1,0
long_rvos/22680d3b50/4/4,long_rvos,22680d3b50,4,4,dynamic,block_swap,-0.055312395095825195,1.2539423704147339,-0.06497055292129517,1,1,0
long_rvos/22680d3b50/4/6,long_rvos,22680d3b50,4,6,dynamic,reverse,-0.10667276382446289,1.2251751720905304,-0.1403864026069641,1,1,0
long_rvos/22680d3b50/4/6,long_rvos,22680d3b50,4,6,dynamic,block_swap,-0.05757784843444824,1.2251751720905304,-0.06854501366615295,1,1,0
long_rvos/22680d3b50/4/8,long_rvos,22680d3b50,4,8,hybrid,reverse,-0.1063685417175293,1.4122737795114517,-0.1063685417175293,1,1,0
long_rvos/22680d3b50/4/8,long_rvos,22680d3b50,4,8,hybrid,block_swap,-0.05224931240081787,1.4122737795114517,-0.05224931240081787,1,1,0
long_rvos/22680d3b50/4/9,long_rvos,22680d3b50,4,9,hybrid,reverse,-0.015629291534423828,1.3794345557689667,-0.015629291534423828,1,1,0
long_rvos/22680d3b50/4/9,long_rvos,22680d3b50,4,9,hybrid,block_swap,-0.016099929809570312,1.3794345557689667,-0.016099929809570312,1,1,0
long_rvos/235ff86d37/1/1,long_rvos,235ff86d37,1,1,dynamic,reverse,0.0028095245361328125,0.27265989780426025,-0.02919292449951172,1,1,0
long_rvos/235ff86d37/1/1,long_rvos,235ff86d37,1,1,dynamic,block_swap,0.0067179203033447266,0.27265989780426025,-0.042566895484924316,1,1,0
long_rvos/235ff86d37/2/3,long_rvos,235ff86d37,2,3,dynamic,reverse,0.08773481845855713,-0.4952391982078552,0.0241926908493042,3,3,0
long_rvos/235ff86d37/2/3,long_rvos,235ff86d37,2,3,dynamic,block_swap,0.15742892026901245,-0.4952391982078552,0.05096083879470825,3,4,1
long_rvos/235ff86d37/3/5,long_rvos,235ff86d37,3,5,dynamic,reverse,-0.07301509380340576,-0.7283987402915955,-0.15774589776992798,4,4,0
long_rvos/235ff86d37/3/5,long_rvos,235ff86d37,3,5,dynamic,block_swap,-0.0737038254737854,-0.7283987402915955,-0.23619908094406128,4,3,-1
long_rvos/235ff86d37/4/11,long_rvos,235ff86d37,4,11,hybrid,reverse,-0.027196407318115234,-0.777954638004303,-0.11072373390197754,6,5,-1
long_rvos/235ff86d37/4/11,long_rvos,235ff86d37,4,11,hybrid,block_swap,-0.04545438289642334,-0.777954638004303,-0.2055780291557312,6,5,-1
long_rvos/235ff86d37/4/6,long_rvos,235ff86d37,4,6,static,reverse,-0.028471648693084717,-0.7858847975730896,-0.11353868246078491,6,5,-1
long_rvos/235ff86d37/4/6,long_rvos,235ff86d37,4,6,static,block_swap,-0.04868406057357788,-0.7858847975730896,-0.21259325742721558,6,5,-1
long_rvos/235ff86d37/4/7,long_rvos,235ff86d37,4,7,dynamic,reverse,-0.027834415435791016,-0.7671886682510376,-0.11982154846191406,6,5,-1
long_rvos/235ff86d37/4/7,long_rvos,235ff86d37,4,7,dynamic,block_swap,-0.048454105854034424,-0.7671886682510376,-0.2163204550743103,6,5,-1
long_rvos/24b7b95ca4/1/2,long_rvos,24b7b95ca4,1,2,static,reverse,0.002092212438583374,-0.22437340021133423,-0.015467315912246704,4,3,-1
long_rvos/24b7b95ca4/1/2,long_rvos,24b7b95ca4,1,2,static,block_swap,0.03976479172706604,-0.22437340021133423,0.03564995527267456,4,4,0
long_rvos/24b7b95ca4/1/3,long_rvos,24b7b95ca4,1,3,dynamic,reverse,0.09444022178649902,0.53864586353302,0.08347219228744507,1,1,0
long_rvos/24b7b95ca4/1/3,long_rvos,24b7b95ca4,1,3,dynamic,block_swap,0.09701204299926758,0.53864586353302,0.07447826862335205,1,1,0
long_rvos/24b7b95ca4/2/5,long_rvos,24b7b95ca4,2,5,dynamic,reverse,0.016652941703796387,-0.17077535390853882,-0.02363675832748413,2,2,0
long_rvos/24b7b95ca4/2/5,long_rvos,24b7b95ca4,2,5,dynamic,block_swap,0.01489567756652832,-0.17077535390853882,-0.0885736346244812,2,2,0
long_rvos/24b7b95ca4/3/10,long_rvos,24b7b95ca4,3,10,static,reverse,0.042777955532073975,0.1847991943359375,0.026560962200164795,1,1,0
long_rvos/24b7b95ca4/3/10,long_rvos,24b7b95ca4,3,10,static,block_swap,0.10917150974273682,0.1847991943359375,0.09570759534835815,1,1,0
long_rvos/24b7b95ca4/3/9,long_rvos,24b7b95ca4,3,9,dynamic,reverse,0.0403597354888916,0.15786105394363403,0.021395444869995117,1,1,0
long_rvos/24b7b95ca4/3/9,long_rvos,24b7b95ca4,3,9,dynamic,block_swap,0.10240066051483154,0.15786105394363403,0.0841483473777771,1,1,0
long_rvos/24b7b95ca4/4/13,long_rvos,24b7b95ca4,4,13,dynamic,reverse,0.0100536048412323,-1.2640166282653809,-0.07817342877388,5,6,1
long_rvos/24b7b95ca4/4/13,long_rvos,24b7b95ca4,4,13,dynamic,block_swap,0.02154269814491272,-1.2640166282653809,-0.07066211104393005,5,8,3
long_rvos/24b7b95ca4/5/15,long_rvos,24b7b95ca4,5,15,dynamic,reverse,-0.014279961585998535,-0.5201834440231323,-0.10164821147918701,2,2,0
long_rvos/24b7b95ca4/5/15,long_rvos,24b7b95ca4,5,15,dynamic,block_swap,-0.0054988861083984375,-0.5201834440231323,-0.09544038772583008,2,2,0
long_rvos/24b7b95ca4/5/17,long_rvos,24b7b95ca4,5,17,dynamic,reverse,-0.00921928882598877,-0.5182589292526245,-0.0889660120010376,2,2,0
long_rvos/24b7b95ca4/5/17,long_rvos,24b7b95ca4,5,17,dynamic,block_swap,3.933906555175781e-05,-0.5182589292526245,-0.08347547054290771,2,2,0
long_rvos/2980a00b04/1/1,long_rvos,2980a00b04,1,1,dynamic,reverse,0.03983175754547119,1.1471216082572937,-0.008916497230529785,1,1,0
long_rvos/2980a00b04/1/1,long_rvos,2980a00b04,1,1,dynamic,block_swap,0.028162360191345215,1.1471216082572937,-0.043297410011291504,1,1,0
long_rvos/2980a00b04/1/3,long_rvos,2980a00b04,1,3,dynamic,reverse,0.03982377052307129,1.142166256904602,-0.009790122509002686,1,1,0
long_rvos/2980a00b04/1/3,long_rvos,2980a00b04,1,3,dynamic,block_swap,0.0284423828125,1.142166256904602,-0.04385918378829956,1,1,0
long_rvos/2980a00b04/3/10,long_rvos,2980a00b04,3,10,dynamic,reverse,0.0005454719066619873,-0.17868515849113464,-0.02067035436630249,7,5,-2
long_rvos/2980a00b04/3/10,long_rvos,2980a00b04,3,10,dynamic,block_swap,0.017740190029144287,-0.17868515849113464,-0.019653290510177612,7,6,-1
long_rvos/2980a00b04/3/14,long_rvos,2980a00b04,3,14,hybrid,reverse,0.0005784928798675537,-0.19884169101715088,-0.01648426055908203,7,6,-1
long_rvos/2980a00b04/3/14,long_rvos,2980a00b04,3,14,hybrid,block_swap,0.01754063367843628,-0.19884169101715088,-0.018359005451202393,7,6,-1
long_rvos/2980a00b04/3/8,long_rvos,2980a00b04,3,8,dynamic,reverse,0.0006401538848876953,-0.19397184252738953,-0.018026649951934814,7,6,-1
long_rvos/2980a00b04/3/8,long_rvos,2980a00b04,3,8,dynamic,block_swap,0.019174903631210327,-0.19397184252738953,-0.019670873880386353,7,6,-1
long_rvos/2a87bea97e/1/3,long_rvos,2a87bea97e,1,3,dynamic,reverse,0.11452317237854004,0.5468925833702087,0.04200875759124756,1,1,0
long_rvos/2a87bea97e/1/3,long_rvos,2a87bea97e,1,3,dynamic,block_swap,0.052663445472717285,0.5468925833702087,-0.08645743131637573,1,1,0
long_rvos/2a87bea97e/3/11,long_rvos,2a87bea97e,3,11,dynamic,reverse,0.07736325263977051,0.3032207787036896,0.07736325263977051,1,1,0
long_rvos/2a87bea97e/3/11,long_rvos,2a87bea97e,3,11,dynamic,block_swap,0.07045012712478638,0.3032207787036896,0.07045012712478638,1,1,0
long_rvos/2abb12f2f7/1/1,long_rvos,2abb12f2f7,1,1,dynamic,reverse,0.00450897216796875,0.6631308794021606,0.12532925605773926,1,1,0
long_rvos/2abb12f2f7/1/1,long_rvos,2abb12f2f7,1,1,dynamic,block_swap,0.015016674995422363,0.6631308794021606,0.12278401851654053,1,1,0
long_rvos/2abb12f2f7/2/3,long_rvos,2abb12f2f7,2,3,dynamic,reverse,-0.10787689685821533,-0.6273490190505981,-0.10533404350280762,2,2,0
long_rvos/2abb12f2f7/2/3,long_rvos,2abb12f2f7,2,3,dynamic,block_swap,-0.09871721267700195,-0.6273490190505981,-0.10871231555938721,2,2,0
long_rvos/2c4cbde1aa/2/5,long_rvos,2c4cbde1aa,2,5,dynamic,reverse,0.001873612403869629,-0.18023747205734253,-0.0992690920829773,3,2,-1
long_rvos/2c4cbde1aa/2/5,long_rvos,2c4cbde1aa,2,5,dynamic,block_swap,0.013951420783996582,-0.18023747205734253,-0.04109001159667969,3,3,0
long_rvos/30c20fb4c1/1/1,long_rvos,30c20fb4c1,1,1,dynamic,reverse,-0.004528045654296875,0.5567991733551025,-0.019140124320983887,1,1,0
long_rvos/30c20fb4c1/1/1,long_rvos,30c20fb4c1,1,1,dynamic,block_swap,0.0005886554718017578,0.5567991733551025,-0.13051486015319824,1,1,0
long_rvos/30c20fb4c1/2/5,long_rvos,30c20fb4c1,2,5,dynamic,reverse,0.01939547061920166,-0.017008423805236816,0.006112217903137207,2,2,0
long_rvos/30c20fb4c1/2/5,long_rvos,30c20fb4c1,2,5,dynamic,block_swap,0.023399949073791504,-0.017008423805236816,-0.095694899559021,2,2,0
long_rvos/30c20fb4c1/2/7,long_rvos,30c20fb4c1,2,7,dynamic,reverse,0.07660293579101562,0.4575847387313843,0.06278741359710693,1,1,0
long_rvos/30c20fb4c1/2/7,long_rvos,30c20fb4c1,2,7,dynamic,block_swap,0.08481419086456299,0.4575847387313843,-0.04257547855377197,1,1,0
long_rvos/3584fff834/2/6,long_rvos,3584fff834,2,6,dynamic,reverse,0.002088785171508789,0.06771630048751831,0.002088785171508789,1,1,0
long_rvos/3584fff834/2/6,long_rvos,3584fff834,2,6,dynamic,block_swap,0.0030825138092041016,0.06771630048751831,0.0030825138092041016,1,1,0
long_rvos/3584fff834/4/10,long_rvos,3584fff834,4,10,dynamic,reverse,-0.06744855642318726,0.3310139775276184,0.08925384283065796,1,1,0
long_rvos/3584fff834/4/10,long_rvos,3584fff834,4,10,dynamic,block_swap,-0.07639539241790771,0.3310139775276184,0.08933204412460327,1,1,0
long_rvos/39db436191/2/3,long_rvos,39db436191,2,3,dynamic,reverse,0.001781165599822998,0.06900572776794434,-0.005707740783691406,1,1,0
long_rvos/39db436191/2/3,long_rvos,39db436191,2,3,dynamic,block_swap,0.002882540225982666,0.06900572776794434,0.002882540225982666,1,1,0
long_rvos/39db436191/3/5,long_rvos,39db436191,3,5,dynamic,reverse,-0.04689013957977295,0.8429582118988037,-0.054576992988586426,1,1,0
long_rvos/39db436191/3/5,long_rvos,39db436191,3,5,dynamic,block_swap,0.025699973106384277,0.8429582118988037,-0.026303470134735107,1,1,0
long_rvos/39db436191/4/11,long_rvos,39db436191,4,11,hybrid,reverse,-0.0019504725933074951,-1.170565813779831,-0.0019504725933074951,2,2,0
long_rvos/39db436191/4/11,long_rvos,39db436191,4,11,hybrid,block_swap,0.031437426805496216,-1.170565813779831,0.0062954723834991455,2,2,0
long_rvos/39db436191/4/7,long_rvos,39db436191,4,7,dynamic,reverse,0.006770670413970947,-0.8504663109779358,0.006770670413970947,2,2,0
long_rvos/39db436191/4/7,long_rvos,39db436191,4,7,dynamic,block_swap,0.05361276865005493,-0.8504663109779358,0.025802195072174072,2,2,0
long_rvos/3f4b67edff/1/3,long_rvos,3f4b67edff,1,3,dynamic,reverse,-0.0025867223739624023,-0.24158507585525513,-0.06805849075317383,2,2,0
long_rvos/3f4b67edff/1/3,long_rvos,3f4b67edff,1,3,dynamic,block_swap,0.13585305213928223,-0.24158507585525513,0.09154516458511353,2,3,1
long_rvos/3f4b67edff/3/11,long_rvos,3f4b67edff,3,11,dynamic,reverse,-0.008298993110656738,0.3027699887752533,-0.008298993110656738,1,1,0
long_rvos/3f4b67edff/3/11,long_rvos,3f4b67edff,3,11,dynamic,block_swap,0.0733349621295929,0.3027699887752533,0.0733349621295929,1,1,0
long_rvos/40d66b2614/1/1,long_rvos,40d66b2614,1,1,dynamic,reverse,-0.04755115509033203,0.8225798010826111,-0.15264290571212769,1,1,0
long_rvos/40d66b2614/1/1,long_rvos,40d66b2614,1,1,dynamic,block_swap,-0.039423584938049316,0.8225798010826111,-0.14498716592788696,1,1,0
long_rvos/40d66b2614/1/3,long_rvos,40d66b2614,1,3,dynamic,reverse,-0.045760154724121094,0.8139980435371399,-0.15247273445129395,1,1,0
long_rvos/40d66b2614/1/3,long_rvos,40d66b2614,1,3,dynamic,block_swap,-0.039261579513549805,0.8139980435371399,-0.14611852169036865,1,1,0
long_rvos/40d66b2614/2/5,long_rvos,40d66b2614,2,5,dynamic,reverse,0.19017893075942993,0.6493131816387177,0.15519127249717712,1,1,0
long_rvos/40d66b2614/2/5,long_rvos,40d66b2614,2,5,dynamic,block_swap,0.0932772159576416,0.6493131816387177,0.029172122478485107,1,1,0
long_rvos/40d66b2614/2/7,long_rvos,40d66b2614,2,7,dynamic,reverse,0.187083899974823,0.651899129152298,0.15441876649856567,1,1,0
long_rvos/40d66b2614/2/7,long_rvos,40d66b2614,2,7,dynamic,block_swap,0.09206700325012207,0.651899129152298,0.030660897493362427,1,1,0
long_rvos/5d262b025c/1/1,long_rvos,5d262b025c,1,1,dynamic,reverse,0.13012027740478516,1.0599680542945862,0.1197563111782074,1,1,0
long_rvos/5d262b025c/1/1,long_rvos,5d262b025c,1,1,dynamic,block_swap,0.12520503997802734,1.0599680542945862,0.10505655407905579,1,1,0
long_rvos/5d262b025c/4/9,long_rvos,5d262b025c,4,9,dynamic,reverse,0.023264408111572266,-1.2950454354286194,-0.017859935760498047,8,8,0
long_rvos/5d262b025c/4/9,long_rvos,5d262b025c,4,9,dynamic,block_swap,0.024807870388031006,-1.2950454354286194,-0.022084057331085205,8,8,0
long_rvos/68170c3f7a/1/1,long_rvos,68170c3f7a,1,1,dynamic,reverse,-0.03099989891052246,0.6077717840671539,-0.06991183757781982,1,1,0
long_rvos/68170c3f7a/1/1,long_rvos,68170c3f7a,1,1,dynamic,block_swap,-0.013446331024169922,0.6077717840671539,-0.041800618171691895,1,1,0
long_rvos/68170c3f7a/1/3,long_rvos,68170c3f7a,1,3,dynamic,reverse,-0.045131683349609375,0.5942449271678925,-0.0899750292301178,1,1,0
long_rvos/68170c3f7a/1/3,long_rvos,68170c3f7a,1,3,dynamic,block_swap,-0.023918986320495605,0.5942449271678925,-0.057434022426605225,1,1,0
long_rvos/6a1db02e31/1/1,long_rvos,6a1db02e31,1,1,dynamic,reverse,0.10013246536254883,0.6702165007591248,0.10013246536254883,1,1,0
long_rvos/6a1db02e31/1/1,long_rvos,6a1db02e31,1,1,dynamic,block_swap,0.1485910415649414,0.6702165007591248,0.14855453372001648,1,1,0
long_rvos/6bf32cc0d5/1/1,long_rvos,6bf32cc0d5,1,1,dynamic,reverse,0.15201973915100098,0.8715968132019043,0.09915369749069214,1,1,0
long_rvos/6bf32cc0d5/1/1,long_rvos,6bf32cc0d5,1,1,dynamic,block_swap,0.14948689937591553,0.8715968132019043,0.1270684003829956,1,1,0
long_rvos/6fb7a04167/13/11,long_rvos,6fb7a04167,13,11,dynamic,reverse,0.06307041645050049,-0.33759450912475586,0.018357276916503906,3,3,0
long_rvos/6fb7a04167/13/11,long_rvos,6fb7a04167,13,11,dynamic,block_swap,-0.015671253204345703,-0.33759450912475586,-0.10623323917388916,3,3,0
long_rvos/6fb7a04167/13/9,long_rvos,6fb7a04167,13,9,dynamic,reverse,0.05990016460418701,-0.3407212495803833,0.016180336475372314,3,3,0
long_rvos/6fb7a04167/13/9,long_rvos,6fb7a04167,13,9,dynamic,block_swap,-0.016263365745544434,-0.3407212495803833,-0.10906326770782471,3,3,0
long_rvos/6fb7a04167/14/13,long_rvos,6fb7a04167,14,13,dynamic,reverse,0.027027368545532227,-0.0339207649230957,-0.03022897243499756,2,2,0
long_rvos/6fb7a04167/14/13,long_rvos,6fb7a04167,14,13,dynamic,block_swap,0.07071566581726074,-0.0339207649230957,-0.02527475357055664,2,2,0
long_rvos/6fb7a04167/15/17,long_rvos,6fb7a04167,15,17,dynamic,reverse,-0.0053253173828125,0.03398466110229492,-0.06402301788330078,1,1,0
long_rvos/6fb7a04167/15/17,long_rvos,6fb7a04167,15,17,dynamic,block_swap,0.09424221515655518,0.03398466110229492,0.024587273597717285,1,1,0
long_rvos/6fb7a04167/16/21,long_rvos,6fb7a04167,16,21,dynamic,reverse,-0.013196945190429688,-0.7897613644599915,-0.0719904899597168,5,4,-1
long_rvos/6fb7a04167/16/21,long_rvos,6fb7a04167,16,21,dynamic,block_swap,0.06457149982452393,-0.7897613644599915,-0.030347585678100586,5,5,0
long_rvos/6fb7a04167/16/23,long_rvos,6fb7a04167,16,23,dynamic,reverse,-0.011921525001525879,-0.7957913279533386,-0.07206034660339355,5,4,-1
long_rvos/6fb7a04167/16/23,long_rvos,6fb7a04167,16,23,dynamic,block_swap,0.06611144542694092,-0.7957913279533386,-0.026764273643493652,5,5,0
long_rvos/8086f00d3d/1/1,long_rvos,8086f00d3d,1,1,dynamic,reverse,-0.036214470863342285,0.8683774471282959,-0.036746472120285034,1,1,0
long_rvos/8086f00d3d/1/1,long_rvos,8086f00d3d,1,1,dynamic,block_swap,-0.02560746669769287,0.8683774471282959,-0.02691712975502014,1,1,0
long_rvos/8290c48fcb/1/1,long_rvos,8290c48fcb,1,1,dynamic,reverse,0.054013609886169434,0.3290517330169678,-0.011725842952728271,1,1,0
long_rvos/8290c48fcb/1/1,long_rvos,8290c48fcb,1,1,dynamic,block_swap,0.005190491676330566,0.3290517330169678,-0.06942838430404663,1,1,0
long_rvos/8290c48fcb/1/18,long_rvos,8290c48fcb,1,18,hybrid,reverse,0.053209543228149414,0.32291680574417114,-0.013286113739013672,1,1,0
long_rvos/8290c48fcb/1/18,long_rvos,8290c48fcb,1,18,hybrid,block_swap,0.003646373748779297,0.32291680574417114,-0.06886929273605347,1,1,0
long_rvos/8290c48fcb/2/19,long_rvos,8290c48fcb,2,19,hybrid,reverse,0.05113309621810913,-0.5630966424942017,-0.012006580829620361,6,6,0
long_rvos/8290c48fcb/2/19,long_rvos,8290c48fcb,2,19,hybrid,block_swap,0.056099891662597656,-0.5630966424942017,-0.016057074069976807,6,6,0
long_rvos/8290c48fcb/2/3,long_rvos,8290c48fcb,2,3,dynamic,reverse,0.05708867311477661,-0.5587760210037231,-0.008427798748016357,6,6,0
long_rvos/8290c48fcb/2/3,long_rvos,8290c48fcb,2,3,dynamic,block_swap,0.06109619140625,-0.5587760210037231,-0.012196362018585205,6,6,0
long_rvos/8290c48fcb/3/5,long_rvos,8290c48fcb,3,5,dynamic,reverse,0.06511932611465454,-0.3988083600997925,0.00542980432510376,3,4,1
long_rvos/8290c48fcb/3/5,long_rvos,8290c48fcb,3,5,dynamic,block_swap,0.0574992299079895,-0.3988083600997925,-0.016315042972564697,3,4,1
long_rvos/8290c48fcb/4/21,long_rvos,8290c48fcb,4,21,hybrid,reverse,0.008236169815063477,-0.48863548040390015,-0.019042372703552246,5,5,0
long_rvos/8290c48fcb/4/21,long_rvos,8290c48fcb,4,21,hybrid,block_swap,0.025444984436035156,-0.48863548040390015,-0.00907886028289795,5,5,0
long_rvos/8290c48fcb/4/7,long_rvos,8290c48fcb,4,7,dynamic,reverse,0.029765188694000244,-0.4681716561317444,-0.03311121463775635,5,5,0
long_rvos/8290c48fcb/4/7,long_rvos,8290c48fcb,4,7,dynamic,block_swap,0.07601624727249146,-0.4681716561317444,0.013352572917938232,5,5,0
long_rvos/8290c48fcb/5/22,long_rvos,8290c48fcb,5,22,hybrid,reverse,0.04538184404373169,-0.3223215341567993,-0.021595537662506104,2,2,0
long_rvos/8290c48fcb/5/22,long_rvos,8290c48fcb,5,22,hybrid,block_swap,0.04535961151123047,-0.3223215341567993,-0.029023408889770508,2,2,0
long_rvos/8290c48fcb/5/9,long_rvos,8290c48fcb,5,9,dynamic,reverse,0.04666948318481445,-0.3302074074745178,-0.018625319004058838,2,2,0
long_rvos/8290c48fcb/5/9,long_rvos,8290c48fcb,5,9,dynamic,block_swap,0.04742354154586792,-0.3302074074745178,-0.026516318321228027,2,2,0
long_rvos/8290c48fcb/6/11,long_rvos,8290c48fcb,6,11,dynamic,reverse,0.05691027641296387,-0.6243136525154114,-0.007023453712463379,7,7,0
long_rvos/8290c48fcb/6/11,long_rvos,8290c48fcb,6,11,dynamic,block_swap,0.060617804527282715,-0.6243136525154114,-0.015650928020477295,7,7,0
long_rvos/8290c48fcb/6/23,long_rvos,8290c48fcb,6,23,hybrid,reverse,0.055698513984680176,-0.6216318011283875,-0.008138775825500488,7,7,0
long_rvos/8290c48fcb/6/23,long_rvos,8290c48fcb,6,23,hybrid,block_swap,0.05984294414520264,-0.6216318011283875,-0.018262803554534912,7,7,0
long_rvos/8290c48fcb/8/15,long_rvos,8290c48fcb,8,15,dynamic,reverse,-0.01812291145324707,-0.8819504976272583,-0.08118927478790283,10,10,0
long_rvos/8290c48fcb/8/15,long_rvos,8290c48fcb,8,15,dynamic,block_swap,-0.018823057413101196,-0.8819504976272583,-0.09555128216743469,10,10,0
long_rvos/8290c48fcb/8/24,long_rvos,8290c48fcb,8,24,hybrid,reverse,-0.019538313150405884,-0.8879512548446655,-0.08325257897377014,10,10,0
long_rvos/8290c48fcb/8/24,long_rvos,8290c48fcb,8,24,hybrid,block_swap,-0.02017831802368164,-0.8879512548446655,-0.09530037641525269,10,10,0
long_rvos/84dc481247/2/5,long_rvos,84dc481247,2,5,dynamic,reverse,3.600120544433594e-05,-0.7402411699295044,-0.02306973934173584,4,4,0
long_rvos/84dc481247/2/5,long_rvos,84dc481247,2,5,dynamic,block_swap,0.01905721426010132,-0.7402411699295044,0.010091722011566162,4,4,0
long_rvos/84dc481247/3/9,long_rvos,84dc481247,3,9,dynamic,reverse,-0.011996030807495117,-0.9340453147888184,-0.14927160739898682,5,5,0
long_rvos/84dc481247/3/9,long_rvos,84dc481247,3,9,dynamic,block_swap,-0.012340635061264038,-0.9340453147888184,-0.12658748030662537,5,5,0
long_rvos/8847e5550e/1/1,long_rvos,8847e5550e,1,1,dynamic,reverse,0.03988289833068848,-0.2466435432434082,-0.0077168941497802734,3,3,0
long_rvos/8847e5550e/1/1,long_rvos,8847e5550e,1,1,dynamic,block_swap,-0.0028657913208007812,-0.2466435432434082,-0.1560826301574707,3,2,-1
long_rvos/8847e5550e/2/3,long_rvos,8847e5550e,2,3,dynamic,reverse,0.05578160285949707,0.048384904861450195,-0.03918275237083435,1,2,1
long_rvos/8847e5550e/2/3,long_rvos,8847e5550e,2,3,dynamic,block_swap,0.012054860591888428,0.048384904861450195,-0.053391098976135254,1,1,0
long_rvos/8b0e20e373/2/3,long_rvos,8b0e20e373,2,3,dynamic,reverse,-0.12760651111602783,1.329723298549652,-0.12760651111602783,1,1,0
long_rvos/8b0e20e373/2/3,long_rvos,8b0e20e373,2,3,dynamic,block_swap,-0.10615110397338867,1.329723298549652,-0.10615110397338867,1,1,0
long_rvos/939b6aed6d/1/3,long_rvos,939b6aed6d,1,3,dynamic,reverse,0.040302813053131104,-0.5988892912864685,0.029934585094451904,2,2,0
long_rvos/939b6aed6d/1/3,long_rvos,939b6aed6d,1,3,dynamic,block_swap,0.03149658441543579,-0.5988892912864685,-0.015279233455657959,2,2,0
long_rvos/939b6aed6d/2/7,long_rvos,939b6aed6d,2,7,dynamic,reverse,-0.013678193092346191,-0.8023156523704529,-0.05155205726623535,6,6,0
long_rvos/939b6aed6d/2/7,long_rvos,939b6aed6d,2,7,dynamic,block_swap,-0.00983351469039917,-0.8023156523704529,-0.04677826166152954,6,6,0
long_rvos/939b6aed6d/3/11,long_rvos,939b6aed6d,3,11,dynamic,reverse,-0.005009651184082031,-0.7491475343704224,-0.04286932945251465,5,5,0
long_rvos/939b6aed6d/3/11,long_rvos,939b6aed6d,3,11,dynamic,block_swap,-0.010819733142852783,-0.7491475343704224,-0.04909735918045044,5,5,0
long_rvos/976257d833/2/5,long_rvos,976257d833,2,5,dynamic,reverse,0.1446896195411682,-0.9597524404525757,0.14455366134643555,2,2,0
long_rvos/976257d833/2/5,long_rvos,976257d833,2,5,dynamic,block_swap,-0.005661487579345703,-0.9597524404525757,-0.04960811138153076,2,2,0
long_rvos/976257d833/2/7,long_rvos,976257d833,2,7,dynamic,reverse,0.1051526665687561,-0.7681912183761597,0.1051526665687561,2,2,0
long_rvos/976257d833/2/7,long_rvos,976257d833,2,7,dynamic,block_swap,-0.010299146175384521,-0.7681912183761597,-0.07941699028015137,2,2,0
long_rvos/99cc4e6bcd/1/1,long_rvos,99cc4e6bcd,1,1,dynamic,reverse,0.0,0.0,0.0,1,1,0
long_rvos/99cc4e6bcd/1/1,long_rvos,99cc4e6bcd,1,1,dynamic,block_swap,0.0,0.0,0.0,1,1,0
long_rvos/99cc4e6bcd/2/3,long_rvos,99cc4e6bcd,2,3,dynamic,reverse,0.0,0.0,0.0,2,2,0
long_rvos/99cc4e6bcd/2/3,long_rvos,99cc4e6bcd,2,3,dynamic,block_swap,0.0,0.0,0.0,2,2,0
long_rvos/99cc4e6bcd/3/7,long_rvos,99cc4e6bcd,3,7,dynamic,reverse,-0.008350610733032227,0.6797444820404053,-0.013909310102462769,1,1,0
long_rvos/99cc4e6bcd/3/7,long_rvos,99cc4e6bcd,3,7,dynamic,block_swap,0.12155407667160034,0.6797444820404053,0.12085935473442078,1,1,0
long_rvos/9bc92f09e0/1/1,long_rvos,9bc92f09e0,1,1,dynamic,reverse,-0.0633925199508667,1.1320638209581375,-0.0633925199508667,1,1,0
long_rvos/9bc92f09e0/1/1,long_rvos,9bc92f09e0,1,1,dynamic,block_swap,0.018085002899169922,1.1320638209581375,0.018085002899169922,1,1,0
long_rvos/9bc92f09e0/1/3,long_rvos,9bc92f09e0,1,3,dynamic,reverse,0.040433287620544434,0.25667285919189453,0.03523850440979004,1,1,0
long_rvos/9bc92f09e0/1/3,long_rvos,9bc92f09e0,1,3,dynamic,block_swap,0.0548938512802124,0.25667285919189453,0.0548938512802124,1,1,0
long_rvos/9bc92f09e0/2/5,long_rvos,9bc92f09e0,2,5,dynamic,reverse,0.0,-1.1113770008087158,0.0,3,3,0
long_rvos/9bc92f09e0/2/5,long_rvos,9bc92f09e0,2,5,dynamic,block_swap,0.0,-1.1113770008087158,-0.02009892463684082,3,3,0
long_rvos/9bc92f09e0/2/7,long_rvos,9bc92f09e0,2,7,dynamic,reverse,-0.057555198669433594,-0.2131180763244629,-0.09232962131500244,2,2,0
long_rvos/9bc92f09e0/2/7,long_rvos,9bc92f09e0,2,7,dynamic,block_swap,-0.049987196922302246,-0.2131180763244629,-0.057312458753585815,2,2,0
long_rvos/9bc92f09e0/2/9,long_rvos,9bc92f09e0,2,9,hybrid,reverse,0.0,-1.1113436371088028,-0.017991304397583008,3,3,0
long_rvos/9bc92f09e0/2/9,long_rvos,9bc92f09e0,2,9,hybrid,block_swap,0.0,-1.1113436371088028,-0.03277385234832764,3,3,0
long_rvos/9c1297ecd3/1/1,long_rvos,9c1297ecd3,1,1,dynamic,reverse,-0.010471165180206299,-0.6648535132408142,-0.041501760482788086,2,2,0
long_rvos/9c1297ecd3/1/1,long_rvos,9c1297ecd3,1,1,dynamic,block_swap,0.0006124973297119141,-0.6648535132408142,-0.027651846408843994,2,2,0
long_rvos/9c1297ecd3/1/3,long_rvos,9c1297ecd3,1,3,dynamic,reverse,0.09497994184494019,-0.5866255164146423,0.08954030275344849,2,2,0
long_rvos/9c1297ecd3/1/3,long_rvos,9c1297ecd3,1,3,dynamic,block_swap,0.00023502111434936523,-0.5866255164146423,-0.022404968738555908,2,2,0
long_rvos/9c1297ecd3/2/5,long_rvos,9c1297ecd3,2,5,dynamic,reverse,-0.03711700439453125,0.5860177874565125,-0.13229691982269287,1,1,0
long_rvos/9c1297ecd3/2/5,long_rvos,9c1297ecd3,2,5,dynamic,block_swap,-0.007378578186035156,0.5860177874565125,-0.032531529664993286,1,1,0
long_rvos/9c1297ecd3/2/7,long_rvos,9c1297ecd3,2,7,dynamic,reverse,-0.03392338752746582,0.5832725763320923,-0.1228681206703186,1,1,0
long_rvos/9c1297ecd3/2/7,long_rvos,9c1297ecd3,2,7,dynamic,block_swap,-0.007013559341430664,0.5832725763320923,-0.02748236060142517,1,1,0
long_rvos/a500f0e77c/1/1,long_rvos,a500f0e77c,1,1,dynamic,reverse,0.07150208950042725,1.466495230793953,0.07150208950042725,1,1,0
long_rvos/a500f0e77c/1/1,long_rvos,a500f0e77c,1,1,dynamic,block_swap,0.06923437118530273,1.466495230793953,0.06923437118530273,1,1,0
long_rvos/a595411232/1/1,long_rvos,a595411232,1,1,dynamic,reverse,0.16302776336669922,0.8733124136924744,0.11670529842376709,1,1,0
long_rvos/a595411232/1/1,long_rvos,a595411232,1,1,dynamic,block_swap,0.11920499801635742,0.8733124136924744,0.08634066581726074,1,1,0
long_rvos/a595411232/1/16,long_rvos,a595411232,1,16,hybrid,reverse,0.06552660465240479,0.9144046902656555,0.02879619598388672,1,1,0
long_rvos/a595411232/1/16,long_rvos,a595411232,1,16,hybrid,block_swap,0.03466761112213135,0.9144046902656555,0.03415122628211975,1,1,0
long_rvos/a595411232/1/3,long_rvos,a595411232,1,3,dynamic,reverse,0.15669286251068115,0.8702311515808105,0.11361521482467651,1,1,0
long_rvos/a595411232/1/3,long_rvos,a595411232,1,3,dynamic,block_swap,0.11372029781341553,0.8702311515808105,0.08400833606719971,1,1,0
long_rvos/a595411232/2/7,long_rvos,a595411232,2,7,dynamic,reverse,-0.014604687690734863,-0.054650187492370605,-0.04589033126831055,3,2,-1
long_rvos/a595411232/2/7,long_rvos,a595411232,2,7,dynamic,block_swap,0.10399937629699707,-0.054650187492370605,0.04871320724487305,3,3,0
long_rvos/a595411232/3/11,long_rvos,a595411232,3,11,dynamic,reverse,0.0003319978713989258,-0.30036962032318115,-0.031244635581970215,2,2,0
long_rvos/a595411232/3/11,long_rvos,a595411232,3,11,dynamic,block_swap,0.08618491888046265,-0.30036962032318115,-0.01338416337966919,2,2,0
long_rvos/a8b6fd5e4d/1/1,long_rvos,a8b6fd5e4d,1,1,dynamic,reverse,0.036649346351623535,0.8958595395088196,0.036649346351623535,1,1,0
long_rvos/a8b6fd5e4d/1/1,long_rvos,a8b6fd5e4d,1,1,dynamic,block_swap,0.07794296741485596,0.8958595395088196,0.04998844861984253,1,1,0
long_rvos/a8b6fd5e4d/1/3,long_rvos,a8b6fd5e4d,1,3,dynamic,reverse,0.045893311500549316,0.9187185168266296,0.03873169422149658,1,1,0
long_rvos/a8b6fd5e4d/1/3,long_rvos,a8b6fd5e4d,1,3,dynamic,block_swap,0.08705675601959229,0.9187185168266296,0.050041794776916504,1,1,0
long_rvos/a8b6fd5e4d/1/8,long_rvos,a8b6fd5e4d,1,8,hybrid,reverse,0.04380035400390625,0.9123595356941223,0.039703369140625,1,1,0
long_rvos/a8b6fd5e4d/1/8,long_rvos,a8b6fd5e4d,1,8,hybrid,block_swap,0.08579230308532715,0.9123595356941223,0.05220532417297363,1,1,0
long_rvos/a8b6fd5e4d/2/11,long_rvos,a8b6fd5e4d,2,11,hybrid,reverse,0.14602088928222656,1.1177730560302734,0.1434088945388794,1,1,0
long_rvos/a8b6fd5e4d/2/11,long_rvos,a8b6fd5e4d,2,11,hybrid,block_swap,0.15070855617523193,1.1177730560302734,0.12095606327056885,1,1,0
long_rvos/a8b6fd5e4d/2/5,long_rvos,a8b6fd5e4d,2,5,dynamic,reverse,0.05556786060333252,1.693344309926033,0.05556786060333252,1,1,0
long_rvos/a8b6fd5e4d/2/5,long_rvos,a8b6fd5e4d,2,5,dynamic,block_swap,0.06450319290161133,1.693344309926033,0.06450319290161133,1,1,0
long_rvos/a8b6fd5e4d/2/7,long_rvos,a8b6fd5e4d,2,7,dynamic,reverse,0.14293193817138672,1.103333830833435,0.14293193817138672,1,1,0
long_rvos/a8b6fd5e4d/2/7,long_rvos,a8b6fd5e4d,2,7,dynamic,block_swap,0.14828753471374512,1.103333830833435,0.1229783296585083,1,1,0
long_rvos/af3ad95fe0/1/1,long_rvos,af3ad95fe0,1,1,dynamic,reverse,-0.0067632198333740234,0.147966206073761,-0.01635316014289856,1,1,0
long_rvos/af3ad95fe0/1/1,long_rvos,af3ad95fe0,1,1,dynamic,block_swap,0.008588135242462158,0.147966206073761,-0.08716949820518494,1,2,1
long_rvos/af3ad95fe0/2/13,long_rvos,af3ad95fe0,2,13,hybrid,reverse,0.020409345626831055,-0.035718679428100586,0.020409345626831055,2,2,0
long_rvos/af3ad95fe0/2/13,long_rvos,af3ad95fe0,2,13,hybrid,block_swap,0.048947930335998535,-0.035718679428100586,0.048947930335998535,2,2,0
long_rvos/af3ad95fe0/2/3,long_rvos,af3ad95fe0,2,3,dynamic,reverse,-0.03408360481262207,-0.1758784055709839,-0.0061800479888916016,2,2,0
long_rvos/af3ad95fe0/2/3,long_rvos,af3ad95fe0,2,3,dynamic,block_swap,0.035534024238586426,-0.1758784055709839,0.08053708076477051,2,2,0
long_rvos/af3ad95fe0/4/7,long_rvos,af3ad95fe0,4,7,dynamic,reverse,0.0,-0.5897476822137833,0.0,2,2,0
long_rvos/af3ad95fe0/4/7,long_rvos,af3ad95fe0,4,7,dynamic,block_swap,0.0,-0.5897476822137833,0.0,2,2,0
long_rvos/af3ad95fe0/5/9,long_rvos,af3ad95fe0,5,9,dynamic,reverse,0.018224120140075684,0.2708891034126282,0.018224120140075684,1,1,0
long_rvos/af3ad95fe0/5/9,long_rvos,af3ad95fe0,5,9,dynamic,block_swap,0.017805278301239014,0.2708891034126282,0.017805278301239014,1,1,0
long_rvos/af7297f0db/2/3,long_rvos,af7297f0db,2,3,dynamic,reverse,0.09267818927764893,0.8199183344841003,0.0784752368927002,1,1,0
long_rvos/af7297f0db/2/3,long_rvos,af7297f0db,2,3,dynamic,block_swap,0.06841385364532471,0.8199183344841003,0.030529022216796875,1,1,0
long_rvos/af7297f0db/3/5,long_rvos,af7297f0db,3,5,dynamic,reverse,0.10585123300552368,0.5226975977420807,0.17595568299293518,1,1,0
long_rvos/af7297f0db/3/5,long_rvos,af7297f0db,3,5,dynamic,block_swap,0.09107977151870728,0.5226975977420807,0.15958288311958313,1,1,0
long_rvos/af7297f0db/3/8,long_rvos,af7297f0db,3,8,hybrid,reverse,0.12686586380004883,0.48885905742645264,0.19260954856872559,1,1,0
long_rvos/af7297f0db/3/8,long_rvos,af7297f0db,3,8,hybrid,block_swap,0.1085239052772522,0.48885905742645264,0.17322909832000732,1,1,0
long_rvos/b4a5ada352/1/1,long_rvos,b4a5ada352,1,1,dynamic,reverse,-0.04174387454986572,-0.09897685050964355,-0.04174387454986572,2,2,0
long_rvos/b4a5ada352/1/1,long_rvos,b4a5ada352,1,1,dynamic,block_swap,0.05331408977508545,-0.09897685050964355,0.015382051467895508,2,2,0
long_rvos/b4a5ada352/2/5,long_rvos,b4a5ada352,2,5,dynamic,reverse,-0.004387497901916504,0.11564886569976807,-0.004387497901916504,1,1,0
long_rvos/b4a5ada352/2/5,long_rvos,b4a5ada352,2,5,dynamic,block_swap,0.037113308906555176,0.11564886569976807,-0.011248946189880371,1,1,0
long_rvos/bda2f20019/2/19,long_rvos,bda2f20019,2,19,hybrid,reverse,0.07606056332588196,0.374498650431633,0.07606056332588196,1,1,0
long_rvos/bda2f20019/2/19,long_rvos,bda2f20019,2,19,hybrid,block_swap,0.02707540988922119,0.374498650431633,0.02707540988922119,1,1,0
long_rvos/bda2f20019/2/5,long_rvos,bda2f20019,2,5,dynamic,reverse,0.09654295444488525,-0.1761597990989685,0.05813652276992798,2,2,0
long_rvos/bda2f20019/2/5,long_rvos,bda2f20019,2,5,dynamic,block_swap,0.038961946964263916,-0.1761597990989685,-0.11867356300354004,2,2,0
long_rvos/bda2f20019/2/7,long_rvos,bda2f20019,2,7,dynamic,reverse,0.050087422132492065,-0.18159383535385132,0.02825179696083069,2,2,0
long_rvos/bda2f20019/2/7,long_rvos,bda2f20019,2,7,dynamic,block_swap,0.020094364881515503,-0.18159383535385132,-0.07461187243461609,2,2,0
long_rvos/bda2f20019/4/15,long_rvos,bda2f20019,4,15,dynamic,reverse,0.030479371547698975,0.19179147481918335,-0.05636519193649292,1,1,0
long_rvos/bda2f20019/4/15,long_rvos,bda2f20019,4,15,dynamic,block_swap,0.14920401573181152,0.19179147481918335,0.1201786994934082,1,1,0
long_rvos/bed1347f23/1/1,long_rvos,bed1347f23,1,1,dynamic,reverse,0.00472867488861084,0.24377894401550293,-0.12046772241592407,1,1,0
long_rvos/bed1347f23/1/1,long_rvos,bed1347f23,1,1,dynamic,block_swap,0.11341887712478638,0.24377894401550293,0.11341887712478638,1,1,0
long_rvos/bed1347f23/1/3,long_rvos,bed1347f23,1,3,dynamic,reverse,0.015742838382720947,-0.041102588176727295,-0.11279743909835815,2,1,-1
long_rvos/bed1347f23/1/3,long_rvos,bed1347f23,1,3,dynamic,block_swap,0.10910755395889282,-0.041102588176727295,0.10910755395889282,2,2,0
long_rvos/bed1347f23/2/6,long_rvos,bed1347f23,2,6,dynamic,reverse,0.01574563980102539,-0.1607622504234314,-0.020600497722625732,3,3,0
long_rvos/bed1347f23/2/6,long_rvos,bed1347f23,2,6,dynamic,block_swap,0.06068676710128784,-0.1607622504234314,-0.10201263427734375,3,3,0
long_rvos/bed1347f23/2/8,long_rvos,bed1347f23,2,8,hybrid,reverse,0.004172980785369873,0.320344015955925,0.0034831464290618896,1,1,0
long_rvos/bed1347f23/2/8,long_rvos,bed1347f23,2,8,hybrid,block_swap,0.012185990810394287,0.320344015955925,0.011692091822624207,1,1,0
long_rvos/c4638cc87e/1/1,long_rvos,c4638cc87e,1,1,dynamic,reverse,-0.052895307540893555,0.04112064838409424,-0.060221076011657715,1,1,0
long_rvos/c4638cc87e/1/1,long_rvos,c4638cc87e,1,1,dynamic,block_swap,-0.07503151893615723,0.04112064838409424,-0.09532856941223145,1,1,0
long_rvos/c4638cc87e/2/5,long_rvos,c4638cc87e,2,5,dynamic,reverse,0.007122993469238281,-0.04100799560546875,0.007122993469238281,2,2,0
long_rvos/c4638cc87e/2/5,long_rvos,c4638cc87e,2,5,dynamic,block_swap,0.020493388175964355,-0.04100799560546875,0.020493388175964355,2,2,0
long_rvos/c4638cc87e/2/7,long_rvos,c4638cc87e,2,7,dynamic,reverse,0.008980751037597656,-0.03145599365234375,0.008980751037597656,2,2,0
long_rvos/c4638cc87e/2/7,long_rvos,c4638cc87e,2,7,dynamic,block_swap,0.02046060562133789,-0.03145599365234375,0.02046060562133789,2,2,0
long_rvos/c4638cc87e/3/16,long_rvos,c4638cc87e,3,16,hybrid,reverse,-0.030310750007629395,0.5758795738220215,-0.04932013154029846,1,1,0
long_rvos/c4638cc87e/3/16,long_rvos,c4638cc87e,3,16,hybrid,block_swap,-0.017885804176330566,0.5758795738220215,-0.04630553722381592,1,1,0
long_rvos/c4638cc87e/3/9,long_rvos,c4638cc87e,3,9,dynamic,reverse,-0.022931694984436035,0.6336698532104492,-0.024205923080444336,1,1,0
long_rvos/c4638cc87e/3/9,long_rvos,c4638cc87e,3,9,dynamic,block_swap,-0.0005478858947753906,0.6336698532104492,-0.013978123664855957,1,1,0
long_rvos/c5c9b749d4/1/1,long_rvos,c5c9b749d4,1,1,dynamic,reverse,0.059237122535705566,-0.15631842613220215,-0.043825387954711914,2,2,0
long_rvos/c5c9b749d4/1/1,long_rvos,c5c9b749d4,1,1,dynamic,block_swap,-0.0565645694732666,-0.15631842613220215,-0.20089080929756165,2,2,0
long_rvos/c73c2a03a0/1/1,long_rvos,c73c2a03a0,1,1,dynamic,reverse,0.015180110931396484,0.8028377294540405,0.1275997757911682,1,1,0
long_rvos/c73c2a03a0/1/1,long_rvos,c73c2a03a0,1,1,dynamic,block_swap,0.029550552368164062,0.8028377294540405,0.16183596849441528,1,1,0
long_rvos/cc132d2e39/1/1,long_rvos,cc132d2e39,1,1,dynamic,reverse,-0.14144611358642578,0.914128839969635,-0.1691896915435791,1,1,0
long_rvos/cc132d2e39/1/1,long_rvos,cc132d2e39,1,1,dynamic,block_swap,-0.06966686248779297,0.914128839969635,-0.12952083349227905,1,1,0
long_rvos/cc132d2e39/1/13,long_rvos,cc132d2e39,1,13,hybrid,reverse,-0.1481536626815796,0.9335052371025085,-0.17644667625427246,1,1,0
long_rvos/cc132d2e39/1/13,long_rvos,cc132d2e39,1,13,hybrid,block_swap,-0.07592570781707764,0.9335052371025085,-0.13731050491333008,1,1,0
long_rvos/cc132d2e39/1/3,long_rvos,cc132d2e39,1,3,dynamic,reverse,-0.14875972270965576,0.9156160950660706,-0.1788480281829834,1,1,0
long_rvos/cc132d2e39/1/3,long_rvos,cc132d2e39,1,3,dynamic,block_swap,-0.07538700103759766,0.9156160950660706,-0.13772153854370117,1,1,0
long_rvos/cc132d2e39/1/5,long_rvos,cc132d2e39,1,5,dynamic,reverse,-0.14237475395202637,0.9026221632957458,-0.170964777469635,1,1,0
long_rvos/cc132d2e39/1/5,long_rvos,cc132d2e39,1,5,dynamic,block_swap,-0.0701894760131836,0.9026221632957458,-0.12978136539459229,1,1,0
long_rvos/cc132d2e39/2/7,long_rvos,cc132d2e39,2,7,dynamic,reverse,0.05516171455383301,1.6350486874580383,0.05516171455383301,1,1,0
long_rvos/cc132d2e39/2/7,long_rvos,cc132d2e39,2,7,dynamic,block_swap,0.06862950325012207,1.6350486874580383,0.06862950325012207,1,1,0
long_rvos/cfaeae5706/1/1,long_rvos,cfaeae5706,1,1,dynamic,reverse,0.05034077167510986,0.9838435649871826,0.039849698543548584,1,1,0
long_rvos/cfaeae5706/1/1,long_rvos,cfaeae5706,1,1,dynamic,block_swap,0.03304290771484375,0.9838435649871826,0.03304290771484375,1,1,0
long_rvos/cfaeae5706/2/3,long_rvos,cfaeae5706,2,3,dynamic,reverse,0.0063626766204833984,-0.9633923768997192,-0.040552496910095215,2,2,0
long_rvos/cfaeae5706/2/3,long_rvos,cfaeae5706,2,3,dynamic,block_swap,-0.009874105453491211,-0.9633923768997192,-0.03963875770568848,2,2,0
long_rvos/dca31590b8/1/1,long_rvos,dca31590b8,1,1,dynamic,reverse,0.10631489753723145,0.04790973663330078,0.07535338401794434,1,2,1
long_rvos/dca31590b8/1/1,long_rvos,dca31590b8,1,1,dynamic,block_swap,0.08645427227020264,0.04790973663330078,0.03786575794219971,1,1,0
long_rvos/dca31590b8/1/3,long_rvos,dca31590b8,1,3,dynamic,reverse,0.11145329475402832,0.03892308473587036,0.07812166213989258,1,2,1
long_rvos/dca31590b8/1/3,long_rvos,dca31590b8,1,3,dynamic,block_swap,0.0909469723701477,0.03892308473587036,0.04110252857208252,1,2,1
long_rvos/dca31590b8/1/7,long_rvos,dca31590b8,1,7,dynamic,reverse,0.10297966003417969,0.05531054735183716,0.08057481050491333,1,2,1
long_rvos/dca31590b8/1/7,long_rvos,dca31590b8,1,7,dynamic,block_swap,0.0823134183883667,0.05531054735183716,0.04376012086868286,1,1,0
long_rvos/dca31590b8/1/9,long_rvos,dca31590b8,1,9,hybrid,reverse,0.09176945686340332,0.05300700664520264,0.06905573606491089,1,2,1
long_rvos/dca31590b8/1/9,long_rvos,dca31590b8,1,9,hybrid,block_swap,0.07078522443771362,0.05300700664520264,0.03056490421295166,1,1,0
long_rvos/ddc213ba3f/2/3,long_rvos,ddc213ba3f,2,3,dynamic,reverse,0.007358431816101074,1.7298568934202194,0.007358431816101074,1,1,0
long_rvos/ddc213ba3f/2/3,long_rvos,ddc213ba3f,2,3,dynamic,block_swap,0.006944537162780762,1.7298568934202194,0.006944537162780762,1,1,0
long_rvos/ddc213ba3f/3/5,long_rvos,ddc213ba3f,3,5,dynamic,reverse,0.0,0.0,0.0,1,1,0
long_rvos/ddc213ba3f/3/5,long_rvos,ddc213ba3f,3,5,dynamic,block_swap,0.0,0.0,0.0,1,1,0
long_rvos/de36065b5f/1/1,long_rvos,de36065b5f,1,1,dynamic,reverse,0.017767786979675293,0.04859960079193115,-0.019654035568237305,1,2,1
long_rvos/de36065b5f/1/1,long_rvos,de36065b5f,1,1,dynamic,block_swap,0.10078811645507812,0.04859960079193115,0.09154114127159119,1,3,2
long_rvos/de36065b5f/1/12,long_rvos,de36065b5f,1,12,hybrid,reverse,0.01866614818572998,0.048828840255737305,-0.01881873607635498,1,2,1
long_rvos/de36065b5f/1/12,long_rvos,de36065b5f,1,12,hybrid,block_swap,0.10016512870788574,0.048828840255737305,0.09087863564491272,1,3,2
long_rvos/de36065b5f/1/3,long_rvos,de36065b5f,1,3,dynamic,reverse,0.02084064483642578,0.0370638370513916,-0.0034949779510498047,1,2,1
long_rvos/de36065b5f/1/3,long_rvos,de36065b5f,1,3,dynamic,block_swap,0.10027122497558594,0.0370638370513916,0.09060430526733398,1,3,2
long_rvos/de36065b5f/2/5,long_rvos,de36065b5f,2,5,dynamic,reverse,0.027781963348388672,-0.018575310707092285,0.005017578601837158,2,3,1
long_rvos/de36065b5f/2/5,long_rvos,de36065b5f,2,5,dynamic,block_swap,-0.014840006828308105,-0.018575310707092285,-0.12326574325561523,2,2,0
long_rvos/de36065b5f/3/16,long_rvos,de36065b5f,3,16,hybrid,reverse,-0.004058927297592163,-0.8340997397899628,-0.05448302626609802,5,5,0
long_rvos/de36065b5f/3/16,long_rvos,de36065b5f,3,16,hybrid,block_swap,-0.0036278367042541504,-0.8340997397899628,-0.0999268889427185,5,5,0
long_rvos/de36065b5f/3/9,long_rvos,de36065b5f,3,9,dynamic,reverse,-0.0035970211029052734,-0.8248956501483917,-0.036622047424316406,5,5,0
long_rvos/de36065b5f/3/9,long_rvos,de36065b5f,3,9,dynamic,block_swap,-0.000835806131362915,-0.8248956501483917,-0.1034870445728302,5,5,0
long_rvos/e6f1a061ea/1/1,long_rvos,e6f1a061ea,1,1,dynamic,reverse,0.1375514268875122,0.2294853925704956,0.11302244663238525,1,1,0
long_rvos/e6f1a061ea/1/1,long_rvos,e6f1a061ea,1,1,dynamic,block_swap,0.10650599002838135,0.2294853925704956,0.03801620006561279,1,1,0
long_rvos/e6f1a061ea/4/9,long_rvos,e6f1a061ea,4,9,dynamic,reverse,0.01483774185180664,-0.23483383655548096,0.0008375644683837891,2,2,0
long_rvos/e6f1a061ea/4/9,long_rvos,e6f1a061ea,4,9,dynamic,block_swap,0.029274940490722656,-0.23483383655548096,-0.07905256748199463,2,2,0
long_rvos/ea6cfcc7cb/1/1,long_rvos,ea6cfcc7cb,1,1,dynamic,reverse,-0.0303879976272583,0.5667893886566162,-0.08212846517562866,1,1,0
long_rvos/ea6cfcc7cb/1/1,long_rvos,ea6cfcc7cb,1,1,dynamic,block_swap,-0.010495305061340332,0.5667893886566162,-0.035255253314971924,1,1,0
long_rvos/ea6cfcc7cb/1/3,long_rvos,ea6cfcc7cb,1,3,dynamic,reverse,0.10291886329650879,0.7446972727775574,0.09414750337600708,1,1,0
long_rvos/ea6cfcc7cb/1/3,long_rvos,ea6cfcc7cb,1,3,dynamic,block_swap,0.10627579689025879,0.7446972727775574,0.050681233406066895,1,1,0
long_rvos/ea6cfcc7cb/1/9,long_rvos,ea6cfcc7cb,1,9,dynamic,reverse,0.09738075733184814,0.7350022196769714,0.09046530723571777,1,1,0
long_rvos/ea6cfcc7cb/1/9,long_rvos,ea6cfcc7cb,1,9,dynamic,block_swap,0.10132837295532227,0.7350022196769714,0.04893678426742554,1,1,0
long_rvos/ea6cfcc7cb/2/5,long_rvos,ea6cfcc7cb,2,5,dynamic,reverse,0.007697582244873047,-0.8276886343955994,-0.09128093719482422,3,3,0
long_rvos/ea6cfcc7cb/2/5,long_rvos,ea6cfcc7cb,2,5,dynamic,block_swap,0.054511189460754395,-0.8276886343955994,-0.05031013488769531,3,3,0
long_rvos/ea6cfcc7cb/2/7,long_rvos,ea6cfcc7cb,2,7,dynamic,reverse,0.0026533007621765137,-0.8053968548774719,-0.08918851613998413,3,3,0
long_rvos/ea6cfcc7cb/2/7,long_rvos,ea6cfcc7cb,2,7,dynamic,block_swap,0.04572904109954834,-0.8053968548774719,-0.04876697063446045,3,3,0
long_rvos/f3fdaa2e8b/2/5,long_rvos,f3fdaa2e8b,2,5,dynamic,reverse,0.029837608337402344,-0.062255859375,-0.04659581184387207,2,2,0
long_rvos/f3fdaa2e8b/2/5,long_rvos,f3fdaa2e8b,2,5,dynamic,block_swap,-0.00010716915130615234,-0.062255859375,-0.12974008917808533,2,2,0
long_rvos/f3fdaa2e8b/2/7,long_rvos,f3fdaa2e8b,2,7,dynamic,reverse,0.02910691499710083,-0.3579740524291992,-0.04519045352935791,2,4,2
long_rvos/f3fdaa2e8b/2/7,long_rvos,f3fdaa2e8b,2,7,dynamic,block_swap,-0.014802753925323486,-0.3579740524291992,-0.05672463774681091,2,2,0
long_rvos/f6f82de62a/1/1,long_rvos,f6f82de62a,1,1,dynamic,reverse,-0.12569355964660645,-0.05080604553222656,-0.25823307037353516,2,1,-1
long_rvos/f6f82de62a/1/1,long_rvos,f6f82de62a,1,1,dynamic,block_swap,-0.06353366374969482,-0.05080604553222656,-0.15011942386627197,2,1,-1
long_rvos/f6f82de62a/2/3,long_rvos,f6f82de62a,2,3,dynamic,reverse,-0.0055315494537353516,-0.7113979458808899,-0.07565581798553467,3,3,0
long_rvos/f6f82de62a/2/3,long_rvos,f6f82de62a,2,3,dynamic,block_swap,-0.00047981739044189453,-0.7113979458808899,-0.05734884738922119,3,3,0
long_rvos/f771c97b16/1/1,long_rvos,f771c97b16,1,1,dynamic,reverse,0.07100474834442139,0.8889087438583374,0.06690359115600586,1,1,0
long_rvos/f771c97b16/1/1,long_rvos,f771c97b16,1,1,dynamic,block_swap,0.03529548645019531,0.8889087438583374,0.02841624617576599,1,1,0
long_rvos/f771c97b16/2/5,long_rvos,f771c97b16,2,5,dynamic,reverse,-0.10102999210357666,-0.49233078956604004,-0.11857962608337402,2,2,0
long_rvos/f771c97b16/2/5,long_rvos,f771c97b16,2,5,dynamic,block_swap,-0.09619832038879395,-0.49233078956604004,-0.12054836750030518,2,2,0
long_rvos/fb8caa28e4/2/4,long_rvos,fb8caa28e4,2,4,dynamic,reverse,0.09127998352050781,-0.5228977203369141,0.022289752960205078,2,2,0
long_rvos/fb8caa28e4/2/4,long_rvos,fb8caa28e4,2,4,dynamic,block_swap,0.05578577518463135,-0.5228977203369141,-0.009398579597473145,2,2,0
long_rvos/fb8caa28e4/3/6,long_rvos,fb8caa28e4,3,6,dynamic,reverse,0.015203416347503662,-0.24333196878433228,-0.05503290891647339,4,4,0
long_rvos/fb8caa28e4/3/6,long_rvos,fb8caa28e4,3,6,dynamic,block_swap,0.0363309383392334,-0.24333196878433228,-0.04368484020233154,4,4,0
long_rvos/fb8caa28e4/4/8,long_rvos,fb8caa28e4,4,8,dynamic,reverse,0.030252397060394287,0.38434872031211853,0.030252397060394287,1,1,0
long_rvos/fb8caa28e4/4/8,long_rvos,fb8caa28e4,4,8,dynamic,block_swap,0.07710975408554077,0.38434872031211853,0.07710975408554077,1,1,0
long_rvos/fb8caa28e4/5/10,long_rvos,fb8caa28e4,5,10,dynamic,reverse,-0.00914919376373291,0.5386677980422974,-0.09409964084625244,1,1,0
long_rvos/fb8caa28e4/5/10,long_rvos,fb8caa28e4,5,10,dynamic,block_swap,-0.006742358207702637,0.5386677980422974,-0.06467640399932861,1,1,0
long_rvos/fb8caa28e4/6/12,long_rvos,fb8caa28e4,6,12,dynamic,reverse,0.0020908117294311523,-0.7402442693710327,-0.0817800760269165,3,3,0
long_rvos/fb8caa28e4/6/12,long_rvos,fb8caa28e4,6,12,dynamic,block_swap,0.010898709297180176,-0.7402442693710327,-0.047353506088256836,3,3,0
long_rvos/fb8caa28e4/6/23,long_rvos,fb8caa28e4,6,23,hybrid,reverse,0.0037573575973510742,-0.732460618019104,-0.08275771141052246,3,3,0
long_rvos/fb8caa28e4/6/23,long_rvos,fb8caa28e4,6,23,hybrid,block_swap,0.012556791305541992,-0.732460618019104,-0.047231435775756836,3,3,0
long_rvos/fb8caa28e4/7/14,long_rvos,fb8caa28e4,7,14,dynamic,reverse,0.03611189126968384,-0.15716475248336792,-0.03839629888534546,3,3,0
long_rvos/fb8caa28e4/7/14,long_rvos,fb8caa28e4,7,14,dynamic,block_swap,0.03893798589706421,-0.15716475248336792,-0.04520678520202637,3,3,0
long_rvos/fb8caa28e4/9/16,long_rvos,fb8caa28e4,9,16,dynamic,reverse,-0.010525047779083252,0.1631399691104889,0.047817617654800415,1,1,0
long_rvos/fb8caa28e4/9/16,long_rvos,fb8caa28e4,9,16,dynamic,block_swap,0.006775379180908203,0.1631399691104889,0.06590363383293152,1,1,0
groundmore/11fWvQ2tVvw_0150_0205/1__exp1/1,groundmore,11fWvQ2tVvw_0150_0205,1__exp1,1,sequential,reverse,0.021563231945037842,-0.058323442935943604,-0.00019073486328125,3,4,1
groundmore/11fWvQ2tVvw_0150_0205/1__exp1/1,groundmore,11fWvQ2tVvw_0150_0205,1__exp1,1,sequential,block_swap,-0.01759129762649536,-0.058323442935943604,-0.0045337677001953125,3,3,0
groundmore/987kkc_sq5I_0020_0035/2__exp2/2,groundmore,987kkc_sq5I_0020_0035,2__exp2,2,sequential,reverse,0.0,-1.0050224363803864,0.01679527759552002,3,3,0
groundmore/987kkc_sq5I_0020_0035/2__exp2/2,groundmore,987kkc_sq5I_0020_0035,2__exp2,2,sequential,block_swap,0.0,-1.0050224363803864,-0.061853766441345215,3,3,0
groundmore/987kkc_sq5I_0150_0200/1__exp1/1,groundmore,987kkc_sq5I_0150_0200,1__exp1,1,sequential,reverse,0.0,-0.49293801188468933,0.00604093074798584,4,4,0
groundmore/987kkc_sq5I_0150_0200/1__exp1/1,groundmore,987kkc_sq5I_0150_0200,1__exp1,1,sequential,block_swap,0.0,-0.49293801188468933,0.018305867910385132,4,4,0
groundmore/987kkc_sq5I_0440_0450/1__exp1/1,groundmore,987kkc_sq5I_0440_0450,1__exp1,1,sequential,reverse,-0.0107421875,0.1591796875,-0.0078125,1,1,0
groundmore/987kkc_sq5I_0440_0450/1__exp1/1,groundmore,987kkc_sq5I_0440_0450,1__exp1,1,sequential,block_swap,-0.0126953125,0.1591796875,-0.0126953125,1,1,0
groundmore/GehSLnRjPZA_0340_0350/1__exp1/1,groundmore,GehSLnRjPZA_0340_0350,1__exp1,1,sequential,reverse,0.010843396186828613,-0.07244235277175903,0.02852928638458252,2,2,0
groundmore/GehSLnRjPZA_0340_0350/1__exp1/1,groundmore,GehSLnRjPZA_0340_0350,1__exp1,1,sequential,block_swap,0.06430172920227051,-0.07244235277175903,0.08048075437545776,2,2,0
groundmore/HWF476qqNGg_1030_1045/5__exp18/18,groundmore,HWF476qqNGg_1030_1045,5__exp18,18,sequential,reverse,0.0,-0.1962890625,0.0029296875,2,2,0
groundmore/HWF476qqNGg_1030_1045/5__exp18/18,groundmore,HWF476qqNGg_1030_1045,5__exp18,18,sequential,block_swap,0.0,-0.1962890625,0.0029296875,2,2,0
groundmore/HWF476qqNGg_1103_1118/1__exp30/30,groundmore,HWF476qqNGg_1103_1118,1__exp30,30,sequential,reverse,-0.02605503797531128,0.12465980648994446,-0.03326314687728882,1,1,0
groundmore/HWF476qqNGg_1103_1118/1__exp30/30,groundmore,HWF476qqNGg_1103_1118,1__exp30,30,sequential,block_swap,-0.02510160207748413,0.12465980648994446,-0.03817683458328247,1,1,0
groundmore/HWF476qqNGg_1200_1215/1__exp6/6,groundmore,HWF476qqNGg_1200_1215,1__exp6,6,sequential,reverse,-0.006840109825134277,-0.6020259857177734,-0.040111422538757324,4,4,0
groundmore/HWF476qqNGg_1200_1215/1__exp6/6,groundmore,HWF476qqNGg_1200_1215,1__exp6,6,sequential,block_swap,-0.013480842113494873,-0.6020259857177734,-0.04370206594467163,4,4,0
groundmore/HWF476qqNGg_1200_1215/2__exp7/7,groundmore,HWF476qqNGg_1200_1215,2__exp7,7,sequential,reverse,-0.01910492777824402,-0.7983835935592651,-0.03407451510429382,5,5,0
groundmore/HWF476qqNGg_1200_1215/2__exp7/7,groundmore,HWF476qqNGg_1200_1215,2__exp7,7,sequential,block_swap,-0.036188751459121704,-0.7983835935592651,-0.11797037720680237,5,5,0
groundmore/HWF476qqNGg_1400_1415/3__exp8/8,groundmore,HWF476qqNGg_1400_1415,3__exp8,8,sequential,reverse,0.026401102542877197,0.03543025255203247,0.013485133647918701,1,1,0
groundmore/HWF476qqNGg_1400_1415/3__exp8/8,groundmore,HWF476qqNGg_1400_1415,3__exp8,8,sequential,block_swap,0.045143187046051025,0.03543025255203247,0.018006980419158936,1,1,0
groundmore/NomMansxnQM_0200_0215/1__exp1/1,groundmore,NomMansxnQM_0200_0215,1__exp1,1,sequential,reverse,0.0,-0.16205531358718872,-0.057206928730010986,3,3,0
groundmore/NomMansxnQM_0200_0215/1__exp1/1,groundmore,NomMansxnQM_0200_0215,1__exp1,1,sequential,block_swap,0.0,-0.16205531358718872,-0.07769423723220825,3,3,0
groundmore/XPDz74b72Ww_0336_0351/1__exp8/8,groundmore,XPDz74b72Ww_0336_0351,1__exp8,8,sequential,reverse,0.00201416015625,0.1198577880859375,0.01824188232421875,1,1,0
groundmore/XPDz74b72Ww_0336_0351/1__exp8/8,groundmore,XPDz74b72Ww_0336_0351,1__exp8,8,sequential,block_swap,0.02873992919921875,0.1198577880859375,0.07876777648925781,1,1,0
groundmore/YshzJzHDRwA_0040_0050/3__exp1/1,groundmore,YshzJzHDRwA_0040_0050,3__exp1,1,sequential,reverse,-0.0068359375,0.203125,-0.0107421875,1,1,0
groundmore/YshzJzHDRwA_0040_0050/3__exp1/1,groundmore,YshzJzHDRwA_0040_0050,3__exp1,1,sequential,block_swap,0.0009765625,0.203125,-0.0029296875,1,1,0
groundmore/YshzJzHDRwA_0150_0200/1__exp18/18,groundmore,YshzJzHDRwA_0150_0200,1__exp18,18,sequential,reverse,0.04429161548614502,0.8454617261886597,0.03046482801437378,1,1,0
groundmore/YshzJzHDRwA_0150_0200/1__exp18/18,groundmore,YshzJzHDRwA_0150_0200,1__exp18,18,sequential,block_swap,0.01951885223388672,0.8454617261886597,0.029925107955932617,1,1,0
groundmore/YshzJzHDRwA_0255_0305/3__exp1/1,groundmore,YshzJzHDRwA_0255_0305,3__exp1,1,sequential,reverse,-0.021484375,0.107421875,-0.0224609375,1,1,0
groundmore/YshzJzHDRwA_0255_0305/3__exp1/1,groundmore,YshzJzHDRwA_0255_0305,3__exp1,1,sequential,block_swap,-0.0048828125,0.107421875,-0.0048828125,1,1,0
groundmore/ZMel6h2jywk_0015_0028/1__exp3/3,groundmore,ZMel6h2jywk_0015_0028,1__exp3,3,sequential,reverse,0.016597628593444824,-1.0215755105018616,0.007430911064147949,3,3,0
groundmore/ZMel6h2jywk_0015_0028/1__exp3/3,groundmore,ZMel6h2jywk_0015_0028,1__exp3,3,sequential,block_swap,0.023737311363220215,-1.0215755105018616,-0.028798580169677734,3,3,0
groundmore/ZMel6h2jywk_0340_0353/1__exp1/1,groundmore,ZMel6h2jywk_0340_0353,1__exp1,1,sequential,reverse,-0.040206074714660645,0.5219327509403229,-0.040206074714660645,1,1,0
groundmore/ZMel6h2jywk_0340_0353/1__exp1/1,groundmore,ZMel6h2jywk_0340_0353,1__exp1,1,sequential,block_swap,0.022236526012420654,0.5219327509403229,0.022236526012420654,1,1,0
groundmore/bSpOU-5aq-8_0338_0343/1__exp1/1,groundmore,bSpOU-5aq-8_0338_0343,1__exp1,1,sequential,reverse,0.03406882286071777,-0.15134000778198242,-0.054436683654785156,2,2,0
groundmore/bSpOU-5aq-8_0338_0343/1__exp1/1,groundmore,bSpOU-5aq-8_0338_0343,1__exp1,1,sequential,block_swap,0.06704723834991455,-0.15134000778198242,-0.06866776943206787,2,2,0
groundmore/co3pn3eL5-Y_0645_0652/1__exp10/10,groundmore,co3pn3eL5-Y_0645_0652,1__exp10,10,sequential,reverse,0.025219976902008057,-0.16242128610610962,0.00044733285903930664,2,2,0
groundmore/co3pn3eL5-Y_0645_0652/1__exp10/10,groundmore,co3pn3eL5-Y_0645_0652,1__exp10,10,sequential,block_swap,0.024619638919830322,-0.16242128610610962,-0.05506354570388794,2,2,0
groundmore/co3pn3eL5-Y_0645_0652/2__exp8/8,groundmore,co3pn3eL5-Y_0645_0652,2__exp8,8,sequential,reverse,-0.0625,-0.265625,-0.01171875,2,2,0
groundmore/co3pn3eL5-Y_0645_0652/2__exp8/8,groundmore,co3pn3eL5-Y_0645_0652,2__exp8,8,sequential,block_swap,-0.046875,-0.265625,0.0087890625,2,2,0
groundmore/gHamJID-EoI_0255_0310/1__exp5/5,groundmore,gHamJID-EoI_0255_0310,1__exp5,5,sequential,reverse,0.04275381565093994,-0.5021898746490479,-0.0031495094299316406,2,2,0
groundmore/gHamJID-EoI_0255_0310/1__exp5/5,groundmore,gHamJID-EoI_0255_0310,1__exp5,5,sequential,block_swap,0.05705374479293823,-0.5021898746490479,-0.01924198865890503,2,2,0
groundmore/h88b6fay0ew_0548_0555/2__exp2/2,groundmore,h88b6fay0ew_0548_0555,2__exp2,2,sequential,reverse,0.0031218528747558594,0.019008398056030273,-0.028269529342651367,1,1,0
groundmore/h88b6fay0ew_0548_0555/2__exp2/2,groundmore,h88b6fay0ew_0548_0555,2__exp2,2,sequential,block_swap,-0.01251363754272461,0.019008398056030273,0.05366206169128418,1,2,1
groundmore/ktE5HT0mzPY_0900_0910/1__exp1/1,groundmore,ktE5HT0mzPY_0900_0910,1__exp1,1,sequential,reverse,-0.083984375,0.033203125,0.004150390625,1,1,0
groundmore/ktE5HT0mzPY_0900_0910/1__exp1/1,groundmore,ktE5HT0mzPY_0900_0910,1__exp1,1,sequential,block_swap,-0.0849609375,0.033203125,-0.01171875,1,1,0
groundmore/ktE5HT0mzPY_1142_1146/2__exp2/2,groundmore,ktE5HT0mzPY_1142_1146,2__exp2,2,sequential,reverse,0.029964566230773926,0.06606072187423706,0.046465933322906494,1,1,0
groundmore/ktE5HT0mzPY_1142_1146/2__exp2/2,groundmore,ktE5HT0mzPY_1142_1146,2__exp2,2,sequential,block_swap,0.08504354953765869,0.06606072187423706,0.052694857120513916,1,1,0
groundmore/m7D-67xqwYE_0003_0018/1__exp3/3,groundmore,m7D-67xqwYE_0003_0018,1__exp3,3,sequential,reverse,-0.008589506149291992,0.4359244108200073,-0.001330733299255371,1,1,0
groundmore/m7D-67xqwYE_0003_0018/1__exp3/3,groundmore,m7D-67xqwYE_0003_0018,1__exp3,3,sequential,block_swap,-0.03964686393737793,0.4359244108200073,-0.06694665551185608,1,1,0
groundmore/pFX4CC5UiOY_0705_0715/3__exp6/6,groundmore,pFX4CC5UiOY_0705_0715,3__exp6,6,sequential,reverse,-0.006489217281341553,-0.4305477738380432,0.020216763019561768,2,2,0
groundmore/pFX4CC5UiOY_0705_0715/3__exp6/6,groundmore,pFX4CC5UiOY_0705_0715,3__exp6,6,sequential,block_swap,0.005647242069244385,-0.4305477738380432,0.06106215715408325,2,2,0
groundmore/pFX4CC5UiOY_0743_0753/1__exp3/3,groundmore,pFX4CC5UiOY_0743_0753,1__exp3,3,sequential,reverse,0.0,0.0322265625,-0.001953125,1,1,0
groundmore/pFX4CC5UiOY_0743_0753/1__exp3/3,groundmore,pFX4CC5UiOY_0743_0753,1__exp3,3,sequential,block_swap,-0.0009765625,0.0322265625,-0.0029296875,1,1,0
groundmore/pFX4CC5UiOY_0832_0846/3__exp4/4,groundmore,pFX4CC5UiOY_0832_0846,3__exp4,4,sequential,reverse,-0.01310819387435913,-0.27807050943374634,-0.04585927724838257,2,2,0
groundmore/pFX4CC5UiOY_0832_0846/3__exp4/4,groundmore,pFX4CC5UiOY_0832_0846,3__exp4,4,sequential,block_swap,0.029448509216308594,-0.27807050943374634,-0.0167464017868042,2,2,0
groundmore/unNo93gbor8_1351_1356/1__exp1/1,groundmore,unNo93gbor8_1351_1356,1__exp1,1,sequential,reverse,-0.0615234375,0.0859375,-0.0791015625,1,1,0
groundmore/unNo93gbor8_1351_1356/1__exp1/1,groundmore,unNo93gbor8_1351_1356,1__exp1,1,sequential,block_swap,-0.095703125,0.0859375,-0.171875,1,1,0
groundmore/unNo93gbor8_1351_1356/2__exp2/2,groundmore,unNo93gbor8_1351_1356,2__exp2,2,sequential,reverse,-0.00598376989364624,-0.480918288230896,-0.0033842921257019043,2,2,0
groundmore/unNo93gbor8_1351_1356/2__exp2/2,groundmore,unNo93gbor8_1351_1356,2__exp2,2,sequential,block_swap,-0.02842944860458374,-0.480918288230896,-0.01689666509628296,2,2,0
groundmore/unNo93gbor8_2024_2035/1__exp1/1,groundmore,unNo93gbor8_2024_2035,1__exp1,1,sequential,reverse,0.04933738708496094,-0.057007670402526855,-0.014007925987243652,2,2,0
groundmore/unNo93gbor8_2024_2035/1__exp1/1,groundmore,unNo93gbor8_2024_2035,1__exp1,1,sequential,block_swap,0.059987545013427734,-0.057007670402526855,-0.09433388710021973,2,1,-1
groundmore/unNo93gbor8_2024_2035/3__exp3/3,groundmore,unNo93gbor8_2024_2035,3__exp3,3,sequential,reverse,0.02053976058959961,-0.29971063137054443,-0.0547412633895874,2,2,0
groundmore/unNo93gbor8_2024_2035/3__exp3/3,groundmore,unNo93gbor8_2024_2035,3__exp3,3,sequential,block_swap,0.09816563129425049,-0.29971063137054443,0.016369104385375977,2,2,0
